date,sku_id,on_hand_units,on_order_units,lead_time_days,reorder_point
2024-01-01,SKU0001,6,1358.0,16,383
2024-01-08,SKU0001,0,1358.0,16,383
2024-01-15,SKU0001,0,1358.0,16,383
2024-01-22,SKU0001,1128,0.0,16,383
2024-01-29,SKU0001,829,0.0,16,383
2024-02-05,SKU0001,544,0.0,16,383
2024-02-12,SKU0001,292,1288.0,16,383
2024-02-19,SKU0001,50,1288.0,16,383
2024-02-26,SKU0001,1263,0.0,16,383
2024-03-04,SKU0001,1022,0.0,16,383
2024-03-11,SKU0001,787,0.0,16,383
2024-03-18,SKU0001,551,0.0,16,383
2024-03-25,SKU0001,328,1102.0,16,383
2024-04-01,SKU0001,85,1102.0,16,383
2024-04-08,SKU0001,0,1102.0,16,383
2024-04-15,SKU0001,784,0.0,16,383
2024-04-22,SKU0001,523,0.0,16,383
2024-04-29,SKU0001,290,1082.0,16,383
2024-05-06,SKU0001,86,1082.0,16,383
2024-05-13,SKU0001,1049,0.0,16,383
2024-05-20,SKU0001,807,0.0,16,383
2024-05-27,SKU0001,546,0.0,16,383
2024-06-03,SKU0001,293,1189.0,16,383
2024-06-10,SKU0001,51,1189.0,16,383
2024-06-17,SKU0001,1155,0.0,16,383
2024-06-24,SKU0001,893,0.0,16,383
2024-07-01,SKU0001,621,0.0,16,383
2024-07-08,SKU0001,323,1395.0,16,383
2024-07-15,SKU0001,0,1395.0,16,383
2024-07-22,SKU0001,0,1395.0,16,383
2024-07-29,SKU0001,1082,0.0,16,383
2024-08-05,SKU0001,751,0.0,16,383
2024-08-12,SKU0001,392,0.0,16,383
2024-08-19,SKU0001,42,1247.0,16,383
2024-08-26,SKU0001,0,1247.0,16,383
2024-09-02,SKU0001,958,0.0,16,383
2024-09-09,SKU0001,462,0.0,16,383
2024-09-16,SKU0001,101,1353.0,16,383
2024-09-23,SKU0001,0,1353.0,16,383
2024-09-30,SKU0001,1114,0.0,16,383
2024-10-07,SKU0001,753,0.0,16,383
2024-10-14,SKU0001,337,1401.0,16,383
2024-10-21,SKU0001,0,1401.0,16,383
2024-10-28,SKU0001,0,1401.0,16,383
2024-11-04,SKU0001,1070,0.0,16,383
2024-11-11,SKU0001,714,0.0,16,383
2024-11-18,SKU0001,325,1768.0,16,383
2024-11-25,SKU0001,0,1768.0,16,383
2024-12-02,SKU0001,0,1768.0,16,383
2024-12-09,SKU0001,1408,,16,383
2024-12-16,SKU0001,1023,0.0,16,383
2024-12-23,SKU0001,604,0.0,16,383
2024-12-30,SKU0001,294,1555.0,16,383
2025-01-06,SKU0001,0,1555.0,16,383
2025-01-13,SKU0001,0,1555.0,16,383
2025-01-20,SKU0001,1265,0.0,16,383
2025-01-27,SKU0001,968,0.0,16,383
2025-02-03,SKU0001,688,0.0,16,383
2025-02-10,SKU0001,452,0.0,16,383
2025-02-17,SKU0001,181,971.0,16,383
2025-02-24,SKU0001,0,971.0,16,383
2025-03-03,SKU0001,857,0.0,16,383
2025-03-10,SKU0001,608,0.0,16,383
2025-03-17,SKU0001,390,0.0,16,383
2025-03-24,SKU0001,120,859.0,16,383
2025-03-31,SKU0001,0,859.0,16,383
2025-04-07,SKU0001,689,0.0,16,383
2025-04-14,SKU0001,375,1144.0,16,383
2025-04-21,SKU0001,135,1144.0,16,383
2025-04-28,SKU0001,0,1144.0,16,383
2025-05-05,SKU0001,975,0.0,16,383
2025-05-12,SKU0001,731,0.0,16,383
2025-05-19,SKU0001,499,0.0,16,383
2025-05-26,SKU0001,261,884.0,16,383
2025-06-02,SKU0001,21,884.0,16,383
2025-06-09,SKU0001,811,0.0,16,383
2025-06-16,SKU0001,530,0.0,16,383
2025-06-23,SKU0001,272,1298.0,16,383
2025-06-30,SKU0001,0,1298.0,16,383
2025-07-07,SKU0001,1259,0.0,16,383
2025-07-14,SKU0001,939,0.0,16,383
2025-07-21,SKU0001,511,0.0,16,383
2025-07-28,SKU0001,180,1160.0,16,383
2025-08-04,SKU0001,0,1160.0,16,383
2025-08-11,SKU0001,1049,0.0,16,383
2025-08-18,SKU0001,726,0.0,16,383
2025-08-25,SKU0001,388,0.0,16,383
2025-09-01,SKU0001,44,1302.0,16,383
2025-09-08,SKU0001,0,1302.0,16,383
2025-09-15,SKU0001,1028,0.0,16,383
2025-09-22,SKU0001,641,0.0,16,383
2025-09-29,SKU0001,267,1814.0,16,383
2025-10-06,SKU0001,0,1814.0,16,383
2025-10-13,SKU0001,0,1814.0,16,383
2025-10-20,SKU0001,1459,0.0,16,383
2025-10-27,SKU0001,1063,0.0,16,383
2025-11-03,SKU0001,680,0.0,16,383
2025-11-10,SKU0001,302,1795.0,16,383
2025-11-17,SKU0001,0,1795.0,16,383
2025-11-24,SKU0001,0,1795.0,16,383
2025-12-01,SKU0001,1346,0.0,16,383
2025-12-08,SKU0001,983,0.0,16,383
2025-12-15,SKU0001,621,0.0,16,383
2025-12-22,SKU0001,190,2234.0,16,383
2025-12-29,SKU0001,0,2234.0,16,383
2024-01-01,SKU0002,25,518.0,22,148
2024-01-08,SKU0002,0,518.0,22,148
2024-01-15,SKU0002,0,518.0,22,148
2024-01-22,SKU0002,0,518.0,22,148
2024-01-29,SKU0002,426,0.0,22,148
2024-02-05,SKU0002,330,0.0,22,148
2024-02-12,SKU0002,240,0.0,22,148
2024-02-19,SKU0002,135,457.0,22,148
2024-02-26,SKU0002,43,457.0,22,148
2024-03-04,SKU0002,0,457.0,22,148
2024-03-11,SKU0002,0,457.0,22,148
2024-03-18,SKU0002,379,0.0,22,148
2024-03-25,SKU0002,287,0.0,22,148
2024-04-01,SKU0002,198,0.0,22,148
2024-04-08,SKU0002,109,566.0,22,148
2024-04-15,SKU0002,11,566.0,22,148
2024-04-22,SKU0002,0,566.0,22,148
2024-04-29,SKU0002,540,0.0,22,148
2024-05-06,SKU0002,448,0.0,22,148
2024-05-13,SKU0002,380,0.0,22,148
2024-05-20,SKU0002,283,0.0,22,148
2024-05-27,SKU0002,208,0.0,22,148
2024-06-03,SKU0002,124,516.0,22,148
2024-06-10,SKU0002,40,516.0,22,148
2024-06-17,SKU0002,0,516.0,22,148
2024-06-24,SKU0002,494,0.0,22,148
2024-07-01,SKU0002,410,0.0,22,148
2024-07-08,SKU0002,322,0.0,22,148
2024-07-15,SKU0002,247,0.0,22,148
2024-07-22,SKU0002,143,377.0,22,148
2024-07-29,SKU0002,57,377.0,22,148
2024-08-05,SKU0002,0,377.0,22,148
2024-08-12,SKU0002,0,377.0,22,148
2024-08-19,SKU0002,312,0.0,22,148
2024-08-26,SKU0002,230,0.0,22,148
2024-09-02,SKU0002,152,0.0,22,148
2024-09-09,SKU0002,38,383.0,22,148
2024-09-16,SKU0002,0,383.0,22,148
2024-09-23,SKU0002,0,383.0,22,148
2024-09-30,SKU0002,302,0.0,22,148
2024-10-07,SKU0002,215,,22,148
2024-10-14,SKU0002,135,527.0,22,148
2024-10-21,SKU0002,60,527.0,22,148
2024-10-28,SKU0002,0,527.0,22,148
2024-11-04,SKU0002,514,0.0,22,148
2024-11-11,SKU0002,411,0.0,22,148
2024-11-18,SKU0002,341,0.0,22,148
2024-11-25,SKU0002,231,0.0,22,148
2024-12-02,SKU0002,120,573.0,22,148
2024-12-09,SKU0002,25,573.0,22,148
2024-12-16,SKU0002,0,573.0,22,148
2024-12-23,SKU0002,545,0.0,22,148
2024-12-30,SKU0002,442,0.0,22,148
2025-01-06,SKU0002,317,0.0,22,148
2025-01-13,SKU0002,205,0.0,22,148
2025-01-20,SKU0002,105,603.0,22,148
2025-01-27,SKU0002,15,603.0,22,148
2025-02-03,SKU0002,0,603.0,22,148
2025-02-10,SKU0002,575,0.0,22,148
2025-02-17,SKU0002,491,0.0,22,148
2025-02-24,SKU0002,416,0.0,22,148
2025-03-03,SKU0002,316,0.0,22,148
2025-03-10,SKU0002,230,0.0,22,148
2025-03-17,SKU0002,149,0.0,22,148
2025-03-24,SKU0002,51,455.0,22,148
2025-03-31,SKU0002,0,455.0,22,148
2025-04-07,SKU0002,0,455.0,22,148
2025-04-14,SKU0002,337,0.0,22,148
2025-04-21,SKU0002,239,0.0,22,148
2025-04-28,SKU0002,150,,22,148
2025-05-05,SKU0002,50,429.0,22,148
2025-05-12,SKU0002,0,429.0,22,148
2025-05-19,SKU0002,0,429.0,22,148
2025-05-26,SKU0002,345,0.0,22,148
2025-06-02,SKU0002,264,0.0,22,148
2025-06-09,SKU0002,176,0.0,22,148
2025-06-16,SKU0002,92,399.0,22,148
2025-06-23,SKU0002,7,399.0,22,148
2025-06-30,SKU0002,0,399.0,22,148
2025-07-07,SKU0002,359,0.0,22,148
2025-07-14,SKU0002,280,0.0,22,148
2025-07-21,SKU0002,170,0.0,22,148
2025-07-28,SKU0002,93,385.0,22,148
2025-08-04,SKU0002,7,385.0,22,148
2025-08-11,SKU0002,0,385.0,22,148
2025-08-18,SKU0002,339,0.0,22,148
2025-08-25,SKU0002,259,0.0,22,148
2025-09-01,SKU0002,174,0.0,22,148
2025-09-08,SKU0002,72,391.0,22,148
2025-09-15,SKU0002,0,391.0,22,148
2025-09-22,SKU0002,0,391.0,22,148
2025-09-29,SKU0002,344,0.0,22,148
2025-10-06,SKU0002,255,0.0,22,148
2025-10-13,SKU0002,167,0.0,22,148
2025-10-20,SKU0002,86,416.0,22,148
2025-10-27,SKU0002,6,416.0,22,148
2025-11-03,SKU0002,0,416.0,22,148
2025-11-10,SKU0002,343,0.0,22,148
2025-11-17,SKU0002,252,0.0,22,148
2025-11-24,SKU0002,174,0.0,22,148
2025-12-01,SKU0002,72,595.0,22,148
2025-12-08,SKU0002,0,595.0,22,148
2025-12-15,SKU0002,0,595.0,22,148
2025-12-22,SKU0002,502,0.0,22,148
2025-12-29,SKU0002,408,0.0,22,148
2024-01-01,SKU0003,118,815.0,18,467
2024-01-08,SKU0003,0,815.0,18,467
2024-01-15,SKU0003,0,815.0,18,467
2024-01-22,SKU0003,707,0.0,18,467
2024-01-29,SKU0003,532,0.0,18,467
2024-02-05,SKU0003,353,702.0,18,467
2024-02-12,SKU0003,166,702.0,18,467
2024-02-19,SKU0003,0,702.0,18,467
2024-02-26,SKU0003,508,0.0,18,467
2024-03-04,SKU0003,339,683.0,18,467
2024-03-11,SKU0003,160,683.0,18,467
2024-03-18,SKU0003,664,0.0,18,467
2024-03-25,SKU0003,496,0.0,18,467
2024-04-01,SKU0003,313,653.0,18,467
2024-04-08,SKU0003,140,653.0,18,467
2024-04-15,SKU0003,591,0.0,18,467
2024-04-22,SKU0003,427,860.0,18,467
2024-04-29,SKU0003,251,860.0,18,467
2024-05-06,SKU0003,92,860.0,18,467
2024-05-13,SKU0003,811,0.0,18,467
2024-05-20,SKU0003,646,0.0,18,467
2024-05-27,SKU0003,506,0.0,18,467
2024-06-03,SKU0003,362,586.0,18,467
2024-06-10,SKU0003,206,586.0,18,467
2024-06-17,SKU0003,665,0.0,18,467
2024-06-24,SKU0003,537,0.0,18,467
2024-07-01,SKU0003,406,791.0,18,467
2024-07-08,SKU0003,261,791.0,18,467
2024-07-15,SKU0003,91,791.0,18,467
2024-07-22,SKU0003,643,,18,467
2024-07-29,SKU0003,509,0.0,18,467
2024-08-05,SKU0003,358,580.0,18,467
2024-08-12,SKU0003,185,580.0,18,467
2024-08-19,SKU0003,601,0.0,18,467
2024-08-26,SKU0003,466,598.0,18,467
2024-09-02,SKU0003,307,598.0,18,467
2024-09-09,SKU0003,68,598.0,18,467
2024-09-16,SKU0003,477,0.0,18,467
2024-09-23,SKU0003,293,621.0,18,467
2024-09-30,SKU0003,107,621.0,18,467
2024-10-07,SKU0003,585,0.0,18,467
2024-10-14,SKU0003,403,897.0,18,467
2024-10-21,SKU0003,254,897.0,18,467
2024-10-28,SKU0003,58,897.0,18,467
2024-11-04,SKU0003,780,0.0,18,467
2024-11-11,SKU0003,592,0.0,18,467
2024-11-18,SKU0003,408,950.0,18,467
2024-11-25,SKU0003,210,950.0,18,467
2024-12-02,SKU0003,0,950.0,18,467
2024-12-09,SKU0003,823,0.0,18,467
2024-12-16,SKU0003,577,0.0,18,467
2024-12-23,SKU0003,323,1248.0,18,467
2024-12-30,SKU0003,132,1248.0,18,467
2025-01-06,SKU0003,1199,0.0,18,467
2025-01-13,SKU0003,992,0.0,18,467
2025-01-20,SKU0003,780,0.0,18,467
2025-01-27,SKU0003,612,0.0,18,467
2025-02-03,SKU0003,429,973.0,18,467
2025-02-10,SKU0003,237,973.0,18,467
2025-02-17,SKU0003,54,973.0,18,467
2025-02-24,SKU0003,841,0.0,18,467
2025-03-03,SKU0003,657,0.0,18,467
2025-03-10,SKU0003,471,0.0,18,467
2025-03-17,SKU0003,304,675.0,18,467
2025-03-24,SKU0003,128,675.0,18,467
2025-03-31,SKU0003,617,0.0,18,467
2025-04-07,SKU0003,445,644.0,18,467
2025-04-14,SKU0003,211,644.0,18,467
2025-04-21,SKU0003,18,644.0,18,467
2025-04-28,SKU0003,546,0.0,18,467
2025-05-05,SKU0003,372,616.0,18,467
2025-05-12,SKU0003,228,616.0,18,467
2025-05-19,SKU0003,79,616.0,18,467
2025-05-26,SKU0003,561,0.0,18,467
2025-06-02,SKU0003,409,814.0,18,467
2025-06-09,SKU0003,280,814.0,18,467
2025-06-16,SKU0003,139,814.0,18,467
2025-06-23,SKU0003,817,0.0,18,467
2025-06-30,SKU0003,670,0.0,18,467
2025-07-07,SKU0003,502,0.0,18,467
2025-07-14,SKU0003,348,577.0,18,467
2025-07-21,SKU0003,68,577.0,18,467
2025-07-28,SKU0003,534,0.0,18,467
2025-08-04,SKU0003,378,584.0,18,467
2025-08-11,SKU0003,218,584.0,18,467
2025-08-18,SKU0003,62,584.0,18,467
2025-08-25,SKU0003,481,0.0,18,467
2025-09-01,SKU0003,320,602.0,18,467
2025-09-08,SKU0003,68,602.0,18,467
2025-09-15,SKU0003,526,0.0,18,467
2025-09-22,SKU0003,362,626.0,18,467
2025-09-29,SKU0003,189,626.0,18,467
2025-10-06,SKU0003,664,0.0,18,467
2025-10-13,SKU0003,482,0.0,18,467
2025-10-20,SKU0003,317,657.0,18,467
2025-10-27,SKU0003,142,657.0,18,467
2025-11-03,SKU0003,620,0.0,18,467
2025-11-10,SKU0003,455,687.0,18,467
2025-11-17,SKU0003,265,687.0,18,467
2025-11-24,SKU0003,57,687.0,18,467
2025-12-01,SKU0003,567,,18,467
2025-12-08,SKU0003,369,977.0,18,467
2025-12-15,SKU0003,144,977.0,18,467
2025-12-22,SKU0003,0,977.0,18,467
2025-12-29,SKU0003,799,0.0,18,467
2024-01-01,SKU0004,36,0.0,12,19
2024-01-08,SKU0004,16,59.0,12,19
2024-01-15,SKU0004,1,59.0,12,19
2024-01-22,SKU0004,47,0.0,12,19
2024-01-29,SKU0004,31,0.0,12,19
2024-02-05,SKU0004,9,40.0,12,19
2024-02-12,SKU0004,0,40.0,12,19
2024-02-19,SKU0004,21,0.0,12,19
2024-02-26,SKU0004,1,38.0,12,19
2024-03-04,SKU0004,32,0.0,12,19
2024-03-11,SKU0004,17,44.0,12,19
2024-03-18,SKU0004,0,44.0,12,19
2024-03-25,SKU0004,30,0.0,12,19
2024-04-01,SKU0004,7,41.0,12,19
2024-04-08,SKU0004,0,41.0,12,19
2024-04-15,SKU0004,22,0.0,12,19
2024-04-22,SKU0004,4,43.0,12,19
2024-04-29,SKU0004,36,0.0,12,19
2024-05-06,SKU0004,20,0.0,12,19
2024-05-13,SKU0004,0,43.0,12,19
2024-05-20,SKU0004,35,0.0,12,19
2024-05-27,SKU0004,14,48.0,12,19
2024-06-03,SKU0004,0,48.0,12,19
2024-06-10,SKU0004,27,0.0,12,19
2024-06-17,SKU0004,4,43.0,12,19
2024-06-24,SKU0004,0,43.0,12,19
2024-07-01,SKU0004,23,0.0,12,19
2024-07-08,SKU0004,3,48.0,12,19
2024-07-15,SKU0004,0,48.0,12,19
2024-07-22,SKU0004,21,0.0,12,19
2024-07-29,SKU0004,3,40.0,12,19
2024-08-05,SKU0004,0,40.0,12,19
2024-08-12,SKU0004,21,0.0,12,19
2024-08-19,SKU0004,9,38.0,12,19
2024-08-26,SKU0004,32,0.0,12,19
2024-09-02,SKU0004,15,36.0,12,19
2024-09-09,SKU0004,0,36.0,12,19
2024-09-16,SKU0004,23,0.0,12,19
2024-09-23,SKU0004,0,34.0,12,19
2024-09-30,SKU0004,31,0.0,12,19
2024-10-07,SKU0004,15,36.0,12,19
2024-10-14,SKU0004,0,36.0,12,19
2024-10-21,SKU0004,25,0.0,12,19
2024-10-28,SKU0004,3,31.0,12,19
2024-11-04,SKU0004,29,0.0,12,19
2024-11-11,SKU0004,14,34.0,12,19
2024-11-18,SKU0004,4,34.0,12,19
2024-11-25,SKU0004,20,0.0,12,19
2024-12-02,SKU0004,0,47.0,12,19
2024-12-09,SKU0004,42,0.0,12,19
2024-12-16,SKU0004,24,0.0,12,19
2024-12-23,SKU0004,0,48.0,12,19
2024-12-30,SKU0004,46,0.0,12,19
2025-01-06,SKU0004,19,50.0,12,19
2025-01-13,SKU0004,3,50.0,12,19
2025-01-20,SKU0004,42,0.0,12,19
2025-01-27,SKU0004,21,0.0,12,19
2025-02-03,SKU0004,1,34.0,12,19
2025-02-10,SKU0004,28,0.0,12,19
2025-02-17,SKU0004,6,36.0,12,19
2025-02-24,SKU0004,0,36.0,12,19
2025-03-03,SKU0004,13,41.0,12,19
2025-03-10,SKU0004,0,41.0,12,19
2025-03-17,SKU0004,29,0.0,12,19
2025-03-24,SKU0004,15,43.0,12,19
2025-03-31,SKU0004,0,43.0,12,19
2025-04-07,SKU0004,19,40.0,12,19
2025-04-14,SKU0004,0,40.0,12,19
2025-04-21,SKU0004,33,0.0,12,19
2025-04-28,SKU0004,16,45.0,12,19
2025-05-05,SKU0004,0,45.0,12,19
2025-05-12,SKU0004,28,0.0,12,19
2025-05-19,SKU0004,4,41.0,12,19
2025-05-26,SKU0004,0,41.0,12,19
2025-06-02,SKU0004,26,0.0,12,19
2025-06-09,SKU0004,11,41.0,12,19
2025-06-16,SKU0004,0,41.0,12,19
2025-06-23,SKU0004,32,0.0,12,19
2025-06-30,SKU0004,18,44.0,12,19
2025-07-07,SKU0004,0,44.0,12,19
2025-07-14,SKU0004,30,0.0,12,19
2025-07-21,SKU0004,0,60.0,12,19
2025-07-28,SKU0004,0,60.0,12,19
2025-08-04,SKU0004,48,0.0,12,19
2025-08-11,SKU0004,34,0.0,12,19
2025-08-18,SKU0004,15,39.0,12,19
2025-08-25,SKU0004,0,39.0,12,19
2025-09-01,SKU0004,28,0.0,12,19
2025-09-08,SKU0004,5,52.0,12,19
2025-09-15,SKU0004,0,52.0,12,19
2025-09-22,SKU0004,46,0.0,12,19
2025-09-29,SKU0004,22,0.0,12,19
2025-10-06,SKU0004,13,31.0,12,19
2025-10-13,SKU0004,0,31.0,12,19
2025-10-20,SKU0004,18,33.0,12,19
2025-10-27,SKU0004,5,33.0,12,19
2025-11-03,SKU0004,23,0.0,12,19
2025-11-10,SKU0004,9,29.0,12,19
2025-11-17,SKU0004,0,29.0,12,19
2025-11-24,SKU0004,15,32.0,12,19
2025-12-01,SKU0004,0,32.0,12,19
2025-12-08,SKU0004,27,0.0,12,19
2025-12-15,SKU0004,10,29.0,12,19
2025-12-22,SKU0004,0,29.0,12,19
2025-12-29,SKU0004,15,33.0,12,19
2024-01-01,SKU0005,47,554.0,19,368
2024-01-08,SKU0005,0,554.0,19,368
2024-01-15,SKU0005,0,554.0,19,368
2024-01-22,SKU0005,498,0.0,19,368
2024-01-29,SKU0005,389,0.0,19,368
2024-02-05,SKU0005,274,600.0,19,368
2024-02-12,SKU0005,144,600.0,19,368
2024-02-19,SKU0005,613,0.0,19,368
2024-02-26,SKU0005,466,0.0,19,368
2024-03-04,SKU0005,307,753.0,19,368
2024-03-11,SKU0005,129,753.0,19,368
2024-03-18,SKU0005,0,753.0,19,368
2024-03-25,SKU0005,601,0.0,19,368
2024-04-01,SKU0005,411,0.0,19,368
2024-04-08,SKU0005,196,914.0,19,368
2024-04-15,SKU0005,0,914.0,19,368
2024-04-22,SKU0005,882,0.0,19,368
2024-04-29,SKU0005,694,0.0,19,368
2024-05-06,SKU0005,485,0.0,19,368
2024-05-13,SKU0005,260,1166.0,19,368
2024-05-20,SKU0005,42,1166.0,19,368
2024-05-27,SKU0005,0,1166.0,19,368
2024-06-03,SKU0005,1004,0.0,19,368
2024-06-10,SKU0005,800,0.0,19,368
2024-06-17,SKU0005,579,0.0,19,368
2024-06-24,SKU0005,366,1010.0,19,368
2024-07-01,SKU0005,168,1010.0,19,368
2024-07-08,SKU0005,0,1010.0,19,368
2024-07-15,SKU0005,888,0.0,19,368
2024-07-22,SKU0005,536,0.0,19,368
2024-07-29,SKU0005,320,1009.0,19,368
2024-08-05,SKU0005,125,1009.0,19,368
2024-08-12,SKU0005,0,1009.0,19,368
2024-08-19,SKU0005,921,0.0,19,368
2024-08-26,SKU0005,745,0.0,19,368
2024-09-02,SKU0005,602,0.0,19,368
2024-09-09,SKU0005,368,1370.0,19,368
2024-09-16,SKU0005,195,1370.0,19,368
2024-09-23,SKU0005,67,1370.0,19,368
2024-09-30,SKU0005,1310,0.0,19,368
2024-10-07,SKU0005,1195,0.0,19,368
2024-10-14,SKU0005,1060,0.0,19,368
2024-10-21,SKU0005,962,,19,368
2024-10-28,SKU0005,856,0.0,19,368
2024-11-04,SKU0005,761,0.0,19,368
2024-11-11,SKU0005,665,,19,368
2024-11-18,SKU0005,585,0.0,19,368
2024-11-25,SKU0005,475,0.0,19,368
2024-12-02,SKU0005,338,496.0,19,368
2024-12-09,SKU0005,244,496.0,19,368
2024-12-16,SKU0005,125,496.0,19,368
2024-12-23,SKU0005,460,0.0,19,368
2024-12-30,SKU0005,365,487.0,19,368
2025-01-06,SKU0005,210,487.0,19,368
2025-01-13,SKU0005,54,487.0,19,368
2025-01-20,SKU0005,414,0.0,19,368
2025-01-27,SKU0005,250,,19,368
2025-02-03,SKU0005,113,571.0,19,368
2025-02-10,SKU0005,556,0.0,19,368
2025-02-17,SKU0005,412,0.0,19,368
2025-02-24,SKU0005,273,714.0,19,368
2025-03-03,SKU0005,105,714.0,19,368
2025-03-10,SKU0005,0,714.0,19,368
2025-03-17,SKU0005,540,0.0,19,368
2025-03-24,SKU0005,347,877.0,19,368
2025-03-31,SKU0005,159,877.0,19,368
2025-04-07,SKU0005,0,877.0,19,368
2025-04-14,SKU0005,676,0.0,19,368
2025-04-21,SKU0005,419,0.0,19,368
2025-04-28,SKU0005,189,996.0,19,368
2025-05-05,SKU0005,0,996.0,19,368
2025-05-12,SKU0005,961,0.0,19,368
2025-05-19,SKU0005,744,0.0,19,368
2025-05-26,SKU0005,514,0.0,19,368
2025-06-02,SKU0005,291,1190.0,19,368
2025-06-09,SKU0005,55,1190.0,19,368
2025-06-16,SKU0005,0,1190.0,19,368
2025-06-23,SKU0005,1039,0.0,19,368
2025-06-30,SKU0005,814,0.0,19,368
2025-07-07,SKU0005,606,0.0,19,368
2025-07-14,SKU0005,389,0.0,19,368
2025-07-21,SKU0005,0,1939.0,19,368
2025-07-28,SKU0005,0,1939.0,19,368
2025-08-04,SKU0005,1881,0.0,19,368
2025-08-11,SKU0005,1714,0.0,19,368
2025-08-18,SKU0005,1552,0.0,19,368
2025-08-25,SKU0005,1376,0.0,19,368
2025-09-01,SKU0005,1225,,19,368
2025-09-08,SKU0005,976,0.0,19,368
2025-09-15,SKU0005,793,0.0,19,368
2025-09-22,SKU0005,659,0.0,19,368
2025-09-29,SKU0005,509,0.0,19,368
2025-10-06,SKU0005,389,0.0,19,368
2025-10-13,SKU0005,280,547.0,19,368
2025-10-20,SKU0005,152,547.0,19,368
2025-10-27,SKU0005,573,0.0,19,368
2025-11-03,SKU0005,477,0.0,19,368
2025-11-10,SKU0005,390,0.0,19,368
2025-11-17,SKU0005,289,454.0,19,368
2025-11-24,SKU0005,191,,19,368
2025-12-01,SKU0005,502,0.0,19,368
2025-12-08,SKU0005,408,0.0,19,368
2025-12-15,SKU0005,298,456.0,19,368
2025-12-22,SKU0005,83,456.0,19,368
2025-12-29,SKU0005,0,456.0,19,368
2024-01-01,SKU0006,69,0.0,9,46
2024-01-08,SKU0006,0,174.0,9,46
2024-01-15,SKU0006,138,0.0,9,46
2024-01-22,SKU0006,56,0.0,9,46
2024-01-29,SKU0006,0,178.0,9,46
2024-02-05,SKU0006,107,0.0,9,46
2024-02-12,SKU0006,5,231.0,9,46
2024-02-19,SKU0006,211,0.0,9,46
2024-02-26,SKU0006,138,0.0,9,46
2024-03-04,SKU0006,45,168.0,9,46
2024-03-11,SKU0006,0,168.0,9,46
2024-03-18,SKU0006,99,0.0,9,46
2024-03-25,SKU0006,21,203.0,9,46
2024-04-01,SKU0006,189,0.0,9,46
2024-04-08,SKU0006,127,0.0,9,46
2024-04-15,SKU0006,49,0.0,9,46
2024-04-22,SKU0006,0,134.0,9,46
2024-04-29,SKU0006,81,0.0,9,46
2024-05-06,SKU0006,30,153.0,9,46
2024-05-13,SKU0006,0,153.0,9,46
2024-05-20,SKU0006,90,0.0,9,46
2024-05-27,SKU0006,37,128.0,9,46
2024-06-03,SKU0006,0,128.0,9,46
2024-06-10,SKU0006,74,0.0,9,46
2024-06-17,SKU0006,32,109.0,9,46
2024-06-24,SKU0006,102,0.0,9,46
2024-07-01,SKU0006,64,0.0,9,46
2024-07-08,SKU0006,25,73.0,9,46
2024-07-15,SKU0006,59,0.0,9,46
2024-07-22,SKU0006,16,98.0,9,46
2024-07-29,SKU0006,84,0.0,9,46
2024-08-05,SKU0006,38,,9,46
2024-08-12,SKU0006,0,91.0,9,46
2024-08-19,SKU0006,57,0.0,9,46
2024-08-26,SKU0006,17,74.0,9,46
2024-09-02,SKU0006,56,0.0,9,46
2024-09-09,SKU0006,2,80.0,9,46
2024-09-16,SKU0006,41,88.0,9,46
2024-09-23,SKU0006,0,88.0,9,46
2024-09-30,SKU0006,44,99.0,9,46
2024-10-07,SKU0006,0,99.0,9,46
2024-10-14,SKU0006,49,0.0,9,46
2024-10-21,SKU0006,0,112.0,9,46
2024-10-28,SKU0006,66,0.0,9,46
2024-11-04,SKU0006,0,126.0,9,46
2024-11-11,SKU0006,86,0.0,9,46
2024-11-18,SKU0006,16,185.0,9,46
2024-11-25,SKU0006,170,,9,46
2024-12-02,SKU0006,86,0.0,9,46
2024-12-09,SKU0006,0,157.0,9,46
2024-12-16,SKU0006,108,0.0,9,46
2024-12-23,SKU0006,13,218.0,9,46
2024-12-30,SKU0006,202,0.0,9,46
2025-01-06,SKU0006,89,0.0,9,46
2025-01-13,SKU0006,0,243.0,9,46
2025-01-20,SKU0006,198,0.0,9,46
2025-01-27,SKU0006,110,0.0,9,46
2025-02-03,SKU0006,8,231.0,9,46
2025-02-10,SKU0006,217,0.0,9,46
2025-02-17,SKU0006,133,0.0,9,46
2025-02-24,SKU0006,49,0.0,9,46
2025-03-03,SKU0006,0,170.0,9,46
2025-03-10,SKU0006,122,0.0,9,46
2025-03-17,SKU0006,42,158.0,9,46
2025-03-24,SKU0006,0,158.0,9,46
2025-03-31,SKU0006,83,0.0,9,46
2025-04-07,SKU0006,17,187.0,9,46
2025-04-14,SKU0006,176,0.0,9,46
2025-04-21,SKU0006,103,0.0,9,46
2025-04-28,SKU0006,28,162.0,9,46
2025-05-05,SKU0006,149,0.0,9,46
2025-05-12,SKU0006,106,0.0,9,46
2025-05-19,SKU0006,36,135.0,9,46
2025-05-26,SKU0006,0,135.0,9,46
2025-06-02,SKU0006,80,0.0,9,46
2025-06-09,SKU0006,17,114.0,9,46
2025-06-16,SKU0006,103,0.0,9,46
2025-06-23,SKU0006,65,0.0,9,46
2025-06-30,SKU0006,19,75.0,9,46
2025-07-07,SKU0006,57,0.0,9,46
2025-07-14,SKU0006,24,70.0,9,46
2025-07-21,SKU0006,43,95.0,9,46
2025-07-28,SKU0006,15,95.0,9,46
2025-08-04,SKU0006,77,0.0,9,46
2025-08-11,SKU0006,36,91.0,9,46
2025-08-18,SKU0006,3,91.0,9,46
2025-08-25,SKU0006,45,74.0,9,46
2025-09-01,SKU0006,4,74.0,9,46
2025-09-08,SKU0006,26,146.0,9,46
2025-09-15,SKU0006,140,0.0,9,46
2025-09-22,SKU0006,93,0.0,9,46
2025-09-29,SKU0006,37,97.0,9,46
2025-10-06,SKU0006,0,97.0,9,46
2025-10-13,SKU0006,54,0.0,9,46
2025-10-20,SKU0006,0,110.0,9,46
2025-10-27,SKU0006,59,0.0,9,46
2025-11-03,SKU0006,0,124.0,9,46
2025-11-10,SKU0006,75,0.0,9,46
2025-11-17,SKU0006,3,138.0,9,46
2025-11-24,SKU0006,112,0.0,9,46
2025-12-01,SKU0006,10,197.0,9,46
2025-12-08,SKU0006,190,0.0,9,46
2025-12-15,SKU0006,102,0.0,9,46
2025-12-22,SKU0006,0,227.0,9,46
2025-12-29,SKU0006,184,0.0,9,46
2024-01-01,SKU0007,76,1252.0,22,490
2024-01-08,SKU0007,0,1252.0,22,490
2024-01-15,SKU0007,0,1252.0,22,490
2024-01-22,SKU0007,0,1252.0,22,490
2024-01-29,SKU0007,999,0.0,22,490
2024-02-05,SKU0007,753,0.0,22,490
2024-02-12,SKU0007,480,1269.0,22,490
2024-02-19,SKU0007,210,1269.0,22,490
2024-02-26,SKU0007,0,1269.0,22,490
2024-03-04,SKU0007,0,1269.0,22,490
2024-03-11,SKU0007,1027,0.0,22,490
2024-03-18,SKU0007,741,0.0,22,490
2024-03-25,SKU0007,481,1490.0,22,490
2024-04-01,SKU0007,185,1490.0,22,490
2024-04-08,SKU0007,0,1490.0,22,490
2024-04-15,SKU0007,0,1490.0,22,490
2024-04-22,SKU0007,1194,0.0,22,490
2024-04-29,SKU0007,880,0.0,22,490
2024-05-06,SKU0007,548,0.0,22,490
2024-05-13,SKU0007,225,1646.0,22,490
2024-05-20,SKU0007,0,1646.0,22,490
2024-05-27,SKU0007,0,1646.0,22,490
2024-06-03,SKU0007,1408,0.0,22,490
2024-06-10,SKU0007,1059,0.0,22,490
2024-06-17,SKU0007,718,0.0,22,490
2024-06-24,SKU0007,416,1775.0,22,490
2024-07-01,SKU0007,102,1775.0,22,490
2024-07-08,SKU0007,0,1775.0,22,490
2024-07-15,SKU0007,1705,0.0,22,490
2024-07-22,SKU0007,1286,0.0,22,490
2024-07-29,SKU0007,946,,22,490
2024-08-05,SKU0007,648,0.0,22,490
2024-08-12,SKU0007,345,1569.0,22,490
2024-08-19,SKU0007,93,1569.0,22,490
2024-08-26,SKU0007,0,1569.0,22,490
2024-09-02,SKU0007,1499,0.0,22,490
2024-09-09,SKU0007,1150,0.0,22,490
2024-09-16,SKU0007,890,0.0,22,490
2024-09-23,SKU0007,665,0.0,22,490
2024-09-30,SKU0007,409,1291.0,22,490
2024-10-07,SKU0007,166,1291.0,22,490
2024-10-14,SKU0007,0,1291.0,22,490
2024-10-21,SKU0007,1226,0.0,22,490
2024-10-28,SKU0007,1041,0.0,22,490
2024-11-04,SKU0007,828,0.0,22,490
2024-11-11,SKU0007,617,0.0,22,490
2024-11-18,SKU0007,399,1130.0,22,490
2024-11-25,SKU0007,211,1130.0,22,490
2024-12-02,SKU0007,0,1130.0,22,490
2024-12-09,SKU0007,1075,0.0,22,490
2024-12-16,SKU0007,829,0.0,22,490
2024-12-23,SKU0007,553,0.0,22,490
2024-12-30,SKU0007,333,1073.0,22,490
2025-01-06,SKU0007,86,1073.0,22,490
2025-01-13,SKU0007,0,1073.0,22,490
2025-01-20,SKU0007,954,0.0,22,490
2025-01-27,SKU0007,722,0.0,22,490
2025-02-03,SKU0007,486,1227.0,22,490
2025-02-10,SKU0007,238,1227.0,22,490
2025-02-17,SKU0007,0,1227.0,22,490
2025-02-24,SKU0007,0,1227.0,22,490
2025-03-03,SKU0007,951,0.0,22,490
2025-03-10,SKU0007,681,0.0,22,490
2025-03-17,SKU0007,409,1567.0,22,490
2025-03-24,SKU0007,145,1567.0,22,490
2025-03-31,SKU0007,0,1567.0,22,490
2025-04-07,SKU0007,1534,0.0,22,490
2025-04-14,SKU0007,1113,0.0,22,490
2025-04-21,SKU0007,773,0.0,22,490
2025-04-28,SKU0007,484,1622.0,22,490
2025-05-05,SKU0007,169,1622.0,22,490
2025-05-12,SKU0007,0,1622.0,22,490
2025-05-19,SKU0007,0,1622.0,22,490
2025-05-26,SKU0007,1290,0.0,22,490
2025-06-02,SKU0007,967,0.0,22,490
2025-06-09,SKU0007,646,0.0,22,490
2025-06-16,SKU0007,310,1653.0,22,490
2025-06-23,SKU0007,0,1653.0,22,490
2025-06-30,SKU0007,0,1653.0,22,490
2025-07-07,SKU0007,1532,0.0,22,490
2025-07-14,SKU0007,1199,0.0,22,490
2025-07-21,SKU0007,730,0.0,22,490
2025-07-28,SKU0007,436,1643.0,22,490
2025-08-04,SKU0007,146,1643.0,22,490
2025-08-11,SKU0007,0,1643.0,22,490
2025-08-18,SKU0007,1596,0.0,22,490
2025-08-25,SKU0007,1309,0.0,22,490
2025-09-01,SKU0007,1056,0.0,22,490
2025-09-08,SKU0007,719,0.0,22,490
2025-09-15,SKU0007,430,1365.0,22,490
2025-09-22,SKU0007,207,1365.0,22,490
2025-09-29,SKU0007,0,,22,490
2025-10-06,SKU0007,1328,0.0,22,490
2025-10-13,SKU0007,1087,0.0,22,490
2025-10-20,SKU0007,855,0.0,22,490
2025-10-27,SKU0007,639,0.0,22,490
2025-11-03,SKU0007,430,1157.0,22,490
2025-11-10,SKU0007,204,1157.0,22,490
2025-11-17,SKU0007,2,1157.0,22,490
2025-11-24,SKU0007,1093,0.0,22,490
2025-12-01,SKU0007,814,0.0,22,490
2025-12-08,SKU0007,609,0.0,22,490
2025-12-15,SKU0007,402,1135.0,22,490
2025-12-22,SKU0007,56,1135.0,22,490
2025-12-29,SKU0007,0,,22,490
2024-01-01,SKU0008,100,1074.0,15,536
2024-01-08,SKU0008,0,1074.0,15,536
2024-01-15,SKU0008,0,1074.0,15,536
2024-01-22,SKU0008,838,0.0,15,536
2024-01-29,SKU0008,571,0.0,15,536
2024-02-05,SKU0008,346,853.0,15,536
2024-02-12,SKU0008,113,853.0,15,536
2024-02-19,SKU0008,710,0.0,15,536
2024-02-26,SKU0008,493,1008.0,15,536
2024-03-04,SKU0008,295,1008.0,15,536
2024-03-11,SKU0008,1095,0.0,15,536
2024-03-18,SKU0008,871,0.0,15,536
2024-03-25,SKU0008,647,0.0,15,536
2024-04-01,SKU0008,440,883.0,15,536
2024-04-08,SKU0008,254,883.0,15,536
2024-04-15,SKU0008,851,0.0,15,536
2024-04-22,SKU0008,684,0.0,15,536
2024-04-29,SKU0008,476,819.0,15,536
2024-05-06,SKU0008,277,819.0,15,536
2024-05-13,SKU0008,907,0.0,15,536
2024-05-20,SKU0008,728,,15,536
2024-05-27,SKU0008,545,0.0,15,536
2024-06-03,SKU0008,363,620.0,15,536
2024-06-10,SKU0008,203,620.0,15,536
2024-06-17,SKU0008,653,0.0,15,536
2024-06-24,SKU0008,450,846.0,15,536
2024-07-01,SKU0008,279,846.0,15,536
2024-07-08,SKU0008,919,0.0,15,536
2024-07-15,SKU0008,712,0.0,15,536
2024-07-22,SKU0008,418,1371.0,15,536
2024-07-29,SKU0008,201,1371.0,15,536
2024-08-05,SKU0008,1349,0.0,15,536
2024-08-12,SKU0008,1103,0.0,15,536
2024-08-19,SKU0008,877,0.0,15,536
2024-08-26,SKU0008,647,0.0,15,536
2024-09-02,SKU0008,404,842.0,15,536
2024-09-09,SKU0008,0,842.0,15,536
2024-09-16,SKU0008,710,0.0,15,536
2024-09-23,SKU0008,441,1178.0,15,536
2024-09-30,SKU0008,185,1178.0,15,536
2024-10-07,SKU0008,1093,0.0,15,536
2024-10-14,SKU0008,830,0.0,15,536
2024-10-21,SKU0008,561,0.0,15,536
2024-10-28,SKU0008,268,967.0,15,536
2024-11-04,SKU0008,0,967.0,15,536
2024-11-11,SKU0008,696,0.0,15,536
2024-11-18,SKU0008,433,1280.0,15,536
2024-11-25,SKU0008,120,1280.0,15,536
2024-12-02,SKU0008,1191,0.0,15,536
2024-12-09,SKU0008,906,0.0,15,536
2024-12-16,SKU0008,551,0.0,15,536
2024-12-23,SKU0008,138,1842.0,15,536
2024-12-30,SKU0008,0,1842.0,15,536
2025-01-06,SKU0008,1498,0.0,15,536
2025-01-13,SKU0008,1153,0.0,15,536
2025-01-20,SKU0008,927,0.0,15,536
2025-01-27,SKU0008,690,0.0,15,536
2025-02-03,SKU0008,421,847.0,15,536
2025-02-10,SKU0008,162,847.0,15,536
2025-02-17,SKU0008,776,0.0,15,536
2025-02-24,SKU0008,578,0.0,15,536
2025-03-03,SKU0008,384,765.0,15,536
2025-03-10,SKU0008,179,765.0,15,536
2025-03-17,SKU0008,731,0.0,15,536
2025-03-24,SKU0008,549,0.0,15,536
2025-03-31,SKU0008,361,688.0,15,536
2025-04-07,SKU0008,162,688.0,15,536
2025-04-14,SKU0008,530,1239.0,15,536
2025-04-21,SKU0008,340,1239.0,15,536
2025-04-28,SKU0008,172,1239.0,15,536
2025-05-05,SKU0008,1232,0.0,15,536
2025-05-12,SKU0008,1065,0.0,15,536
2025-05-19,SKU0008,898,0.0,15,536
2025-05-26,SKU0008,700,0.0,15,536
2025-06-02,SKU0008,523,621.0,15,536
2025-06-09,SKU0008,340,621.0,15,536
2025-06-16,SKU0008,138,621.0,15,536
2025-06-23,SKU0008,570,0.0,15,536
2025-06-30,SKU0008,378,653.0,15,536
2025-07-07,SKU0008,180,653.0,15,536
2025-07-14,SKU0008,627,0.0,15,536
2025-07-21,SKU0008,265,1355.0,15,536
2025-07-28,SKU0008,50,1355.0,15,536
2025-08-04,SKU0008,1253,0.0,15,536
2025-08-11,SKU0008,1055,0.0,15,536
2025-08-18,SKU0008,834,0.0,15,536
2025-08-25,SKU0008,607,0.0,15,536
2025-09-01,SKU0008,354,833.0,15,536
2025-09-08,SKU0008,0,833.0,15,536
2025-09-15,SKU0008,663,0.0,15,536
2025-09-22,SKU0008,418,897.0,15,536
2025-09-29,SKU0008,146,897.0,15,536
2025-10-06,SKU0008,761,0.0,15,536
2025-10-13,SKU0008,509,1234.0,15,536
2025-10-20,SKU0008,242,1234.0,15,536
2025-10-27,SKU0008,1213,0.0,15,536
2025-11-03,SKU0008,944,0.0,15,536
2025-11-10,SKU0008,645,0.0,15,536
2025-11-17,SKU0008,363,981.0,15,536
2025-11-24,SKU0008,113,981.0,15,536
2025-12-01,SKU0008,765,0.0,15,536
2025-12-08,SKU0008,487,1261.0,15,536
2025-12-15,SKU0008,214,,15,536
2025-12-22,SKU0008,1228,0.0,15,536
2025-12-29,SKU0008,965,0.0,15,536
2024-01-01,SKU0009,56,773.0,22,402
2024-01-08,SKU0009,0,773.0,22,402
2024-01-15,SKU0009,0,773.0,22,402
2024-01-22,SKU0009,0,773.0,22,402
2024-01-29,SKU0009,623,0.0,22,402
2024-02-05,SKU0009,484,0.0,22,402
2024-02-12,SKU0009,325,858.0,22,402
2024-02-19,SKU0009,160,858.0,22,402
2024-02-26,SKU0009,0,858.0,22,402
2024-03-04,SKU0009,757,0.0,22,402
2024-03-11,SKU0009,582,0.0,22,402
2024-03-18,SKU0009,383,1213.0,22,402
2024-03-25,SKU0009,171,1213.0,22,402
2024-04-01,SKU0009,0,1213.0,22,402
2024-04-08,SKU0009,0,1213.0,22,402
2024-04-15,SKU0009,717,0.0,22,402
2024-04-22,SKU0009,414,0.0,22,402
2024-04-29,SKU0009,123,1574.0,22,402
2024-05-06,SKU0009,0,1574.0,22,402
2024-05-13,SKU0009,0,1574.0,22,402
2024-05-20,SKU0009,1270,0.0,22,402
2024-05-27,SKU0009,963,0.0,22,402
2024-06-03,SKU0009,654,0.0,22,402
2024-06-10,SKU0009,315,2331.0,22,402
2024-06-17,SKU0009,0,2331.0,22,402
2024-06-24,SKU0009,0,2331.0,22,402
2024-07-01,SKU0009,2283,0.0,22,402
2024-07-08,SKU0009,1952,0.0,22,402
2024-07-15,SKU0009,1535,0.0,22,402
2024-07-22,SKU0009,954,0.0,22,402
2024-07-29,SKU0009,635,0.0,22,402
2024-08-05,SKU0009,322,2162.0,22,402
2024-08-12,SKU0009,32,2162.0,22,402
2024-08-19,SKU0009,0,2162.0,22,402
2024-08-26,SKU0009,2130,0.0,22,402
2024-09-02,SKU0009,1841,0.0,22,402
2024-09-09,SKU0009,1361,0.0,22,402
2024-09-16,SKU0009,1097,0.0,22,402
2024-09-23,SKU0009,881,0.0,22,402
2024-09-30,SKU0009,683,0.0,22,402
2024-10-07,SKU0009,473,0.0,22,402
2024-10-14,SKU0009,276,1087.0,22,402
2024-10-21,SKU0009,93,1087.0,22,402
2024-10-28,SKU0009,0,1087.0,22,402
2024-11-04,SKU0009,1002,0.0,22,402
2024-11-11,SKU0009,849,0.0,22,402
2024-11-18,SKU0009,711,0.0,22,402
2024-11-25,SKU0009,576,0.0,22,402
2024-12-02,SKU0009,383,702.0,22,402
2024-12-09,SKU0009,277,702.0,22,402
2024-12-16,SKU0009,101,702.0,22,402
2024-12-23,SKU0009,0,702.0,22,402
2024-12-30,SKU0009,569,0.0,22,402
2025-01-06,SKU0009,389,1428.0,22,402
2025-01-13,SKU0009,190,1428.0,22,402
2025-01-20,SKU0009,85,1428.0,22,402
2025-01-27,SKU0009,0,1428.0,22,402
2025-02-03,SKU0009,1303,0.0,22,402
2025-02-10,SKU0009,1158,0.0,22,402
2025-02-17,SKU0009,987,0.0,22,402
2025-02-24,SKU0009,807,0.0,22,402
2025-03-03,SKU0009,616,0.0,22,402
2025-03-10,SKU0009,408,0.0,22,402
2025-03-17,SKU0009,202,1140.0,22,402
2025-03-24,SKU0009,0,1140.0,22,402
2025-03-31,SKU0009,0,1140.0,22,402
2025-04-07,SKU0009,894,0.0,22,402
2025-04-14,SKU0009,428,0.0,22,402
2025-04-21,SKU0009,100,3126.0,22,402
2025-04-28,SKU0009,0,3126.0,22,402
2025-05-05,SKU0009,0,3126.0,22,402
2025-05-12,SKU0009,2867,0.0,22,402
2025-05-19,SKU0009,2576,0.0,22,402
2025-05-26,SKU0009,2248,0.0,22,402
2025-06-02,SKU0009,1922,0.0,22,402
2025-06-09,SKU0009,1601,0.0,22,402
2025-06-16,SKU0009,1283,0.0,22,402
2025-06-23,SKU0009,935,0.0,22,402
2025-06-30,SKU0009,590,0.0,22,402
2025-07-07,SKU0009,223,2145.0,22,402
2025-07-14,SKU0009,0,2145.0,22,402
2025-07-21,SKU0009,0,2145.0,22,402
2025-07-28,SKU0009,1977,0.0,22,402
2025-08-04,SKU0009,1641,0.0,22,402
2025-08-11,SKU0009,1362,0.0,22,402
2025-08-18,SKU0009,1052,0.0,22,402
2025-08-25,SKU0009,757,0.0,22,402
2025-09-01,SKU0009,494,0.0,22,402
2025-09-08,SKU0009,35,1456.0,22,402
2025-09-15,SKU0009,0,1456.0,22,402
2025-09-22,SKU0009,0,,22,402
2025-09-29,SKU0009,1310,0.0,22,402
2025-10-06,SKU0009,1108,0.0,22,402
2025-10-13,SKU0009,925,0.0,22,402
2025-10-20,SKU0009,763,0.0,22,402
2025-10-27,SKU0009,608,0.0,22,402
2025-11-03,SKU0009,448,0.0,22,402
2025-11-10,SKU0009,298,848.0,22,402
2025-11-17,SKU0009,155,848.0,22,402
2025-11-24,SKU0009,20,848.0,22,402
2025-12-01,SKU0009,751,0.0,22,402
2025-12-08,SKU0009,601,0.0,22,402
2025-12-15,SKU0009,439,0.0,22,402
2025-12-22,SKU0009,215,1393.0,22,402
2025-12-29,SKU0009,87,1393.0,22,402
2024-01-01,SKU0010,22,233.0,13,128
2024-01-08,SKU0010,0,233.0,13,128
2024-01-15,SKU0010,215,0.0,13,128
2024-01-22,SKU0010,150,0.0,13,128
2024-01-29,SKU0010,64,,13,128
2024-02-05,SKU0010,0,228.0,13,128
2024-02-12,SKU0010,162,0.0,13,128
2024-02-19,SKU0010,88,244.0,13,128
2024-02-26,SKU0010,21,244.0,13,128
2024-03-04,SKU0010,184,0.0,13,128
2024-03-11,SKU0010,111,270.0,13,128
2024-03-18,SKU0010,35,270.0,13,128
2024-03-25,SKU0010,223,0.0,13,128
2024-04-01,SKU0010,160,0.0,13,128
2024-04-08,SKU0010,97,236.0,13,128
2024-04-15,SKU0010,0,236.0,13,128
2024-04-22,SKU0010,190,0.0,13,128
2024-04-29,SKU0010,117,234.0,13,128
2024-05-06,SKU0010,50,234.0,13,128
2024-05-13,SKU0010,234,0.0,13,128
2024-05-20,SKU0010,196,0.0,13,128
2024-05-27,SKU0010,146,0.0,13,128
2024-06-03,SKU0010,85,172.0,13,128
2024-06-10,SKU0010,42,172.0,13,128
2024-06-17,SKU0010,179,0.0,13,128
2024-06-24,SKU0010,142,0.0,13,128
2024-07-01,SKU0010,102,134.0,13,128
2024-07-08,SKU0010,50,134.0,13,128
2024-07-15,SKU0010,142,0.0,13,128
2024-07-22,SKU0010,93,228.0,13,128
2024-07-29,SKU0010,56,228.0,13,128
2024-08-05,SKU0010,255,0.0,13,128
2024-08-12,SKU0010,228,0.0,13,128
2024-08-19,SKU0010,201,0.0,13,128
2024-08-26,SKU0010,179,0.0,13,128
2024-09-02,SKU0010,151,0.0,13,128
2024-09-09,SKU0010,104,194.0,13,128
2024-09-16,SKU0010,77,194.0,13,128
2024-09-23,SKU0010,254,0.0,13,128
2024-09-30,SKU0010,226,0.0,13,128
2024-10-07,SKU0010,189,0.0,13,128
2024-10-14,SKU0010,167,0.0,13,128
2024-10-21,SKU0010,136,0.0,13,128
2024-10-28,SKU0010,105,117.0,13,128
2024-11-04,SKU0010,79,117.0,13,128
2024-11-11,SKU0010,150,0.0,13,128
2024-11-18,SKU0010,112,146.0,13,128
2024-11-25,SKU0010,58,146.0,13,128
2024-12-02,SKU0010,137,0.0,13,128
2024-12-09,SKU0010,76,173.0,13,128
2024-12-16,SKU0010,4,173.0,13,128
2024-12-23,SKU0010,86,398.0,13,128
2024-12-30,SKU0010,35,398.0,13,128
2025-01-06,SKU0010,357,0.0,13,128
2025-01-13,SKU0010,270,0.0,13,128
2025-01-20,SKU0010,219,0.0,13,128
2025-01-27,SKU0010,165,0.0,13,128
2025-02-03,SKU0010,97,242.0,13,128
2025-02-10,SKU0010,11,242.0,13,128
2025-02-17,SKU0010,191,0.0,13,128
2025-02-24,SKU0010,117,254.0,13,128
2025-03-03,SKU0010,49,254.0,13,128
2025-03-10,SKU0010,246,0.0,13,128
2025-03-17,SKU0010,170,0.0,13,128
2025-03-24,SKU0010,98,274.0,13,128
2025-03-31,SKU0010,40,274.0,13,128
2025-04-07,SKU0010,232,0.0,13,128
2025-04-14,SKU0010,125,483.0,13,128
2025-04-21,SKU0010,42,483.0,13,128
2025-04-28,SKU0010,469,0.0,13,128
2025-05-05,SKU0010,411,0.0,13,128
2025-05-12,SKU0010,358,0.0,13,128
2025-05-19,SKU0010,296,0.0,13,128
2025-05-26,SKU0010,241,0.0,13,128
2025-06-02,SKU0010,195,0.0,13,128
2025-06-09,SKU0010,145,0.0,13,128
2025-06-16,SKU0010,96,160.0,13,128
2025-06-23,SKU0010,44,160.0,13,128
2025-06-30,SKU0010,169,,13,128
2025-07-07,SKU0010,131,0.0,13,128
2025-07-14,SKU0010,96,128.0,13,128
2025-07-21,SKU0010,158,0.0,13,128
2025-07-28,SKU0010,139,0.0,13,128
2025-08-04,SKU0010,106,106.0,13,128
2025-08-11,SKU0010,81,106.0,13,128
2025-08-18,SKU0010,152,0.0,13,128
2025-08-25,SKU0010,130,0.0,13,128
2025-09-01,SKU0010,112,94.0,13,128
2025-09-08,SKU0010,69,94.0,13,128
2025-09-15,SKU0010,128,96.0,13,128
2025-09-22,SKU0010,108,96.0,13,128
2025-09-29,SKU0010,182,0.0,13,128
2025-10-06,SKU0010,148,0.0,13,128
2025-10-13,SKU0010,113,111.0,13,128
2025-10-20,SKU0010,84,111.0,13,128
2025-10-27,SKU0010,156,0.0,13,128
2025-11-03,SKU0010,106,133.0,13,128
2025-11-10,SKU0010,65,133.0,13,128
2025-11-17,SKU0010,139,0.0,13,128
2025-11-24,SKU0010,100,160.0,13,128
2025-12-01,SKU0010,34,160.0,13,128
2025-12-08,SKU0010,147,0.0,13,128
2025-12-15,SKU0010,88,191.0,13,128
2025-12-22,SKU0010,0,191.0,13,128
2025-12-29,SKU0010,139,0.0,13,128
2024-01-01,SKU0011,83,312.0,8,85
2024-01-08,SKU0011,0,312.0,8,85
2024-01-15,SKU0011,165,0.0,8,85
2024-01-22,SKU0011,7,272.0,8,85
2024-01-29,SKU0011,205,0.0,8,85
2024-02-05,SKU0011,86,0.0,8,85
2024-02-12,SKU0011,0,265.0,8,85
2024-02-19,SKU0011,162,0.0,8,85
2024-02-26,SKU0011,20,336.0,8,85
2024-03-04,SKU0011,297,0.0,8,85
2024-03-11,SKU0011,176,0.0,8,85
2024-03-18,SKU0011,68,299.0,8,85
2024-03-25,SKU0011,286,0.0,8,85
2024-04-01,SKU0011,179,0.0,8,85
2024-04-08,SKU0011,76,189.0,8,85
2024-04-15,SKU0011,0,189.0,8,85
2024-04-22,SKU0011,105,0.0,8,85
2024-04-29,SKU0011,32,163.0,8,85
2024-05-06,SKU0011,121,0.0,8,85
2024-05-13,SKU0011,58,141.0,8,85
2024-05-20,SKU0011,136,0.0,8,85
2024-05-27,SKU0011,75,162.0,8,85
2024-06-03,SKU0011,183,0.0,8,85
2024-06-10,SKU0011,130,0.0,8,85
2024-06-17,SKU0011,60,137.0,8,85
2024-06-24,SKU0011,145,0.0,8,85
2024-07-01,SKU0011,88,0.0,8,85
2024-07-08,SKU0011,45,93.0,8,85
2024-07-15,SKU0011,75,185.0,8,85
2024-07-22,SKU0011,0,185.0,8,85
2024-07-29,SKU0011,133,0.0,8,85
2024-08-05,SKU0011,92,0.0,8,85
2024-08-12,SKU0011,52,101.0,8,85
2024-08-19,SKU0011,92,0.0,8,85
2024-08-26,SKU0011,41,112.0,8,85
2024-09-02,SKU0011,82,126.0,8,85
2024-09-09,SKU0011,0,126.0,8,85
2024-09-16,SKU0011,49,140.0,8,85
2024-09-23,SKU0011,109,0.0,8,85
2024-09-30,SKU0011,30,159.0,8,85
2024-10-07,SKU0011,103,0.0,8,85
2024-10-14,SKU0011,5,179.0,8,85
2024-10-21,SKU0011,113,0.0,8,85
2024-10-28,SKU0011,26,202.0,8,85
2024-11-04,SKU0011,133,0.0,8,85
2024-11-11,SKU0011,35,224.0,8,85
2024-11-18,SKU0011,166,0.0,8,85
2024-11-25,SKU0011,21,330.0,8,85
2024-12-02,SKU0011,313,0.0,8,85
2024-12-09,SKU0011,171,0.0,8,85
2024-12-16,SKU0011,0,355.0,8,85
2024-12-23,SKU0011,311,0.0,8,85
2024-12-30,SKU0011,174,0.0,8,85
2025-01-06,SKU0011,9,368.0,8,85
2025-01-13,SKU0011,325,0.0,8,85
2025-01-20,SKU0011,190,0.0,8,85
2025-01-27,SKU0011,77,271.0,8,85
2025-02-03,SKU0011,0,271.0,8,85
2025-02-10,SKU0011,138,0.0,8,85
2025-02-17,SKU0011,0,260.0,8,85
2025-02-24,SKU0011,181,0.0,8,85
2025-03-03,SKU0011,67,327.0,8,85
2025-03-10,SKU0011,311,0.0,8,85
2025-03-17,SKU0011,189,0.0,8,85
2025-03-24,SKU0011,92,0.0,8,85
2025-03-31,SKU0011,0,211.0,8,85
2025-04-07,SKU0011,130,0.0,8,85
2025-04-14,SKU0011,0,374.0,8,85
2025-04-21,SKU0011,324,0.0,8,85
2025-04-28,SKU0011,236,0.0,8,85
2025-05-05,SKU0011,142,0.0,8,85
2025-05-12,SKU0011,69,189.0,8,85
2025-05-19,SKU0011,183,0.0,8,85
2025-05-26,SKU0011,114,0.0,8,85
2025-06-02,SKU0011,59,156.0,8,85
2025-06-09,SKU0011,160,0.0,8,85
2025-06-16,SKU0011,110,0.0,8,85
2025-06-23,SKU0011,56,100.0,8,85
2025-06-30,SKU0011,117,0.0,8,85
2025-07-07,SKU0011,59,126.0,8,85
2025-07-14,SKU0011,144,0.0,8,85
2025-07-21,SKU0011,52,253.0,8,85
2025-07-28,SKU0011,264,0.0,8,85
2025-08-04,SKU0011,203,0.0,8,85
2025-08-11,SKU0011,155,0.0,8,85
2025-08-18,SKU0011,96,0.0,8,85
2025-08-25,SKU0011,35,112.0,8,85
2025-09-01,SKU0011,78,168.0,8,85
2025-09-08,SKU0011,157,0.0,8,85
2025-09-15,SKU0011,81,144.0,8,85
2025-09-22,SKU0011,9,144.0,8,85
2025-09-29,SKU0011,66,164.0,8,85
2025-10-06,SKU0011,0,164.0,8,85
2025-10-13,SKU0011,66,249.0,8,85
2025-10-20,SKU0011,238,0.0,8,85
2025-10-27,SKU0011,135,0.0,8,85
2025-11-03,SKU0011,24,214.0,8,85
2025-11-10,SKU0011,155,0.0,8,85
2025-11-17,SKU0011,69,318.0,8,85
2025-11-24,SKU0011,302,0.0,8,85
2025-12-01,SKU0011,107,0.0,8,85
2025-12-08,SKU0011,0,255.0,8,85
2025-12-15,SKU0011,137,0.0,8,85
2025-12-22,SKU0011,0,534.0,8,85
2025-12-29,SKU0011,429,0.0,8,85
2024-09-30,SKU0012,50,866.0,24,399
2024-10-07,SKU0012,0,866.0,24,399
2024-10-14,SKU0012,0,866.0,24,399
2024-10-21,SKU0012,0,866.0,24,399
2024-10-28,SKU0012,767,0.0,24,399
2024-11-04,SKU0012,622,0.0,24,399
2024-11-11,SKU0012,483,0.0,24,399
2024-11-18,SKU0012,331,834.0,24,399
2024-11-25,SKU0012,205,834.0,24,399
2024-12-02,SKU0012,40,834.0,24,399
2024-12-09,SKU0012,0,834.0,24,399
2024-12-16,SKU0012,701,0.0,24,399
2024-12-23,SKU0012,567,0.0,24,399
2024-12-30,SKU0012,450,0.0,24,399
2025-01-06,SKU0012,320,569.0,24,399
2025-01-13,SKU0012,182,569.0,24,399
2025-01-20,SKU0012,80,569.0,24,399
2025-01-27,SKU0012,550,0.0,24,399
2025-02-03,SKU0012,466,0.0,24,399
2025-02-10,SKU0012,379,641.0,24,399
2025-02-17,SKU0012,269,641.0,24,399
2025-02-24,SKU0012,185,641.0,24,399
2025-03-03,SKU0012,82,641.0,24,399
2025-03-10,SKU0012,624,0.0,24,399
2025-03-17,SKU0012,526,0.0,24,399
2025-03-24,SKU0012,414,0.0,24,399
2025-03-31,SKU0012,295,615.0,24,399
2025-04-07,SKU0012,191,615.0,24,399
2025-04-14,SKU0012,0,,24,399
2025-04-21,SKU0012,534,0.0,24,399
2025-04-28,SKU0012,390,727.0,24,399
2025-05-05,SKU0012,263,727.0,24,399
2025-05-12,SKU0012,126,727.0,24,399
2025-05-19,SKU0012,0,727.0,24,399
2025-05-26,SKU0012,604,0.0,24,399
2025-06-02,SKU0012,457,0.0,24,399
2025-06-09,SKU0012,298,860.0,24,399
2025-06-16,SKU0012,132,860.0,24,399
2025-06-23,SKU0012,0,860.0,24,399
2025-06-30,SKU0012,803,0.0,24,399
2025-07-07,SKU0012,654,0.0,24,399
2025-07-14,SKU0012,486,0.0,24,399
2025-07-21,SKU0012,208,1552.0,24,399
2025-07-28,SKU0012,21,1552.0,24,399
2025-08-04,SKU0012,0,1552.0,24,399
2025-08-11,SKU0012,1507,0.0,24,399
2025-08-18,SKU0012,1327,0.0,24,399
2025-08-25,SKU0012,1148,0.0,24,399
2025-09-01,SKU0012,970,0.0,24,399
2025-09-08,SKU0012,743,0.0,24,399
2025-09-15,SKU0012,516,0.0,24,399
2025-09-22,SKU0012,362,1066.0,24,399
2025-09-29,SKU0012,208,1066.0,24,399
2025-10-06,SKU0012,32,1066.0,24,399
2025-10-13,SKU0012,0,1066.0,24,399
2025-10-20,SKU0012,936,0.0,24,399
2025-10-27,SKU0012,762,0.0,24,399
2025-11-03,SKU0012,623,0.0,24,399
2025-11-10,SKU0012,489,0.0,24,399
2025-11-17,SKU0012,347,849.0,24,399
2025-11-24,SKU0012,208,849.0,24,399
2025-12-01,SKU0012,28,849.0,24,399
2025-12-08,SKU0012,0,849.0,24,399
2025-12-15,SKU0012,711,0.0,24,399
2025-12-22,SKU0012,539,0.0,24,399
2025-12-29,SKU0012,420,0.0,24,399
2024-01-01,SKU0013,71,1189.0,20,545
2024-01-08,SKU0013,0,1189.0,20,545
2024-01-15,SKU0013,0,1189.0,20,545
2024-01-22,SKU0013,1137,0.0,20,545
2024-01-29,SKU0013,975,0.0,20,545
2024-02-05,SKU0013,775,0.0,20,545
2024-02-12,SKU0013,597,0.0,20,545
2024-02-19,SKU0013,422,936.0,20,545
2024-02-26,SKU0013,243,936.0,20,545
2024-03-04,SKU0013,70,936.0,20,545
2024-03-11,SKU0013,838,0.0,20,545
2024-03-18,SKU0013,697,0.0,20,545
2024-03-25,SKU0013,553,0.0,20,545
2024-04-01,SKU0013,387,826.0,20,545
2024-04-08,SKU0013,227,826.0,20,545
2024-04-15,SKU0013,813,0.0,20,545
2024-04-22,SKU0013,687,0.0,20,545
2024-04-29,SKU0013,525,756.0,20,545
2024-05-06,SKU0013,394,756.0,20,545
2024-05-13,SKU0013,255,756.0,20,545
2024-05-20,SKU0013,861,0.0,20,545
2024-05-27,SKU0013,741,0.0,20,545
2024-06-03,SKU0013,599,0.0,20,545
2024-06-10,SKU0013,465,734.0,20,545
2024-06-17,SKU0013,323,734.0,20,545
2024-06-24,SKU0013,198,734.0,20,545
2024-07-01,SKU0013,765,0.0,20,545
2024-07-08,SKU0013,614,0.0,20,545
2024-07-15,SKU0013,450,775.0,20,545
2024-07-22,SKU0013,214,775.0,20,545
2024-07-29,SKU0013,84,775.0,20,545
2024-08-05,SKU0013,686,0.0,20,545
2024-08-12,SKU0013,504,1035.0,20,545
2024-08-19,SKU0013,316,1035.0,20,545
2024-08-26,SKU0013,122,1035.0,20,545
2024-09-02,SKU0013,1010,0.0,20,545
2024-09-09,SKU0013,709,0.0,20,545
2024-09-16,SKU0013,515,1155.0,20,545
2024-09-23,SKU0013,339,1155.0,20,545
2024-09-30,SKU0013,159,1155.0,20,545
2024-10-07,SKU0013,1113,0.0,20,545
2024-10-14,SKU0013,937,0.0,20,545
2024-10-21,SKU0013,753,0.0,20,545
2024-10-28,SKU0013,577,0.0,20,545
2024-11-04,SKU0013,391,1042.0,20,545
2024-11-11,SKU0013,204,1042.0,20,545
2024-11-18,SKU0013,25,1042.0,20,545
2024-11-25,SKU0013,840,0.0,20,545
2024-12-02,SKU0013,539,,20,545
2024-12-09,SKU0013,346,1065.0,20,545
2024-12-16,SKU0013,103,1065.0,20,545
2024-12-23,SKU0013,1009,0.0,20,545
2024-12-30,SKU0013,811,0.0,20,545
2025-01-06,SKU0013,604,0.0,20,545
2025-01-13,SKU0013,368,1943.0,20,545
2025-01-20,SKU0013,166,1943.0,20,545
2025-01-27,SKU0013,0,1943.0,20,545
2025-02-03,SKU0013,1736,0.0,20,545
2025-02-10,SKU0013,1565,0.0,20,545
2025-02-17,SKU0013,1390,0.0,20,545
2025-02-24,SKU0013,1209,0.0,20,545
2025-03-03,SKU0013,1020,0.0,20,545
2025-03-10,SKU0013,872,0.0,20,545
2025-03-17,SKU0013,715,0.0,20,545
2025-03-24,SKU0013,532,839.0,20,545
2025-03-31,SKU0013,395,839.0,20,545
2025-04-07,SKU0013,246,839.0,20,545
2025-04-14,SKU0013,809,0.0,20,545
2025-04-21,SKU0013,664,0.0,20,545
2025-04-28,SKU0013,549,0.0,20,545
2025-05-05,SKU0013,398,764.0,20,545
2025-05-12,SKU0013,246,764.0,20,545
2025-05-19,SKU0013,855,0.0,20,545
2025-05-26,SKU0013,708,0.0,20,545
2025-06-02,SKU0013,547,0.0,20,545
2025-06-09,SKU0013,418,741.0,20,545
2025-06-16,SKU0013,282,741.0,20,545
2025-06-23,SKU0013,876,0.0,20,545
2025-06-30,SKU0013,712,0.0,20,545
2025-07-07,SKU0013,572,0.0,20,545
2025-07-14,SKU0013,406,777.0,20,545
2025-07-21,SKU0013,126,777.0,20,545
2025-07-28,SKU0013,0,777.0,20,545
2025-08-04,SKU0013,603,0.0,20,545
2025-08-11,SKU0013,446,845.0,20,545
2025-08-18,SKU0013,283,845.0,20,545
2025-08-25,SKU0013,100,845.0,20,545
2025-09-01,SKU0013,788,0.0,20,545
2025-09-08,SKU0013,507,1759.0,20,545
2025-09-15,SKU0013,277,1759.0,20,545
2025-09-22,SKU0013,91,1759.0,20,545
2025-09-29,SKU0013,1702,0.0,20,545
2025-10-06,SKU0013,1527,0.0,20,545
2025-10-13,SKU0013,1339,0.0,20,545
2025-10-20,SKU0013,1134,0.0,20,545
2025-10-27,SKU0013,951,0.0,20,545
2025-11-03,SKU0013,743,0.0,20,545
2025-11-10,SKU0013,529,1063.0,20,545
2025-11-17,SKU0013,327,1063.0,20,545
2025-11-24,SKU0013,108,1063.0,20,545
2025-12-01,SKU0013,991,0.0,20,545
2025-12-08,SKU0013,803,0.0,20,545
2025-12-15,SKU0013,569,0.0,20,545
2025-12-22,SKU0013,230,2014.0,20,545
2025-12-29,SKU0013,0,2014.0,20,545
2024-01-01,SKU0014,38,862.0,28,1092
2024-01-08,SKU0014,0,862.0,28,1092
2024-01-15,SKU0014,0,862.0,28,1092
2024-01-22,SKU0014,0,862.0,28,1092
2024-01-29,SKU0014,847,925.0,28,1092
2024-02-05,SKU0014,661,925.0,28,1092
2024-02-12,SKU0014,478,925.0,28,1092
2024-02-19,SKU0014,286,925.0,28,1092
2024-02-26,SKU0014,1002,1213.0,28,1092
2024-03-04,SKU0014,771,1213.0,28,1092
2024-03-11,SKU0014,523,1213.0,28,1092
2024-03-18,SKU0014,288,1213.0,28,1092
2024-03-25,SKU0014,1237,0.0,28,1092
2024-04-01,SKU0014,935,1596.0,28,1092
2024-04-08,SKU0014,639,1596.0,28,1092
2024-04-15,SKU0014,159,1596.0,28,1092
2024-04-22,SKU0014,0,1596.0,28,1092
2024-04-29,SKU0014,1376,0.0,28,1092
2024-05-06,SKU0014,1044,2732.0,28,1092
2024-05-13,SKU0014,678,2732.0,28,1092
2024-05-20,SKU0014,282,2732.0,28,1092
2024-05-27,SKU0014,0,2732.0,28,1092
2024-06-03,SKU0014,2619,0.0,28,1092
2024-06-10,SKU0014,2236,0.0,28,1092
2024-06-17,SKU0014,1883,0.0,28,1092
2024-06-24,SKU0014,1520,0.0,28,1092
2024-07-01,SKU0014,1137,0.0,28,1092
2024-07-08,SKU0014,744,2086.0,28,1092
2024-07-15,SKU0014,343,2086.0,28,1092
2024-07-22,SKU0014,0,2086.0,28,1092
2024-07-29,SKU0014,0,2086.0,28,1092
2024-08-05,SKU0014,1779,0.0,28,1092
2024-08-12,SKU0014,1437,0.0,28,1092
2024-08-19,SKU0014,1147,0.0,28,1092
2024-08-26,SKU0014,847,1690.0,28,1092
2024-09-02,SKU0014,590,1690.0,28,1092
2024-09-09,SKU0014,160,1690.0,28,1092
2024-09-16,SKU0014,0,1690.0,28,1092
2024-09-23,SKU0014,1502,,28,1092
2024-09-30,SKU0014,1253,0.0,28,1092
2024-10-07,SKU0014,1037,1592.0,28,1092
2024-10-14,SKU0014,826,1592.0,28,1092
2024-10-21,SKU0014,642,1592.0,28,1092
2024-10-28,SKU0014,450,1592.0,28,1092
2024-11-04,SKU0014,1878,,28,1092
2024-11-11,SKU0014,1722,0.0,28,1092
2024-11-18,SKU0014,1568,0.0,28,1092
2024-11-25,SKU0014,1424,0.0,28,1092
2024-12-02,SKU0014,1262,0.0,28,1092
2024-12-09,SKU0014,1111,0.0,28,1092
2024-12-16,SKU0014,956,715.0,28,1092
2024-12-23,SKU0014,782,715.0,28,1092
2024-12-30,SKU0014,638,715.0,28,1092
2025-01-06,SKU0014,477,715.0,28,1092
2025-01-13,SKU0014,1008,794.0,28,1092
2025-01-20,SKU0014,837,794.0,28,1092
2025-01-27,SKU0014,696,794.0,28,1092
2025-02-03,SKU0014,544,794.0,28,1092
2025-02-10,SKU0014,1165,0.0,28,1092
2025-02-17,SKU0014,979,1088.0,28,1092
2025-02-24,SKU0014,774,1088.0,28,1092
2025-03-03,SKU0014,522,1088.0,28,1092
2025-03-10,SKU0014,286,1088.0,28,1092
2025-03-17,SKU0014,1121,0.0,28,1092
2025-03-24,SKU0014,853,1462.0,28,1092
2025-03-31,SKU0014,573,1462.0,28,1092
2025-04-07,SKU0014,265,1462.0,28,1092
2025-04-14,SKU0014,0,1462.0,28,1092
2025-04-21,SKU0014,1121,0.0,28,1092
2025-04-28,SKU0014,801,1852.0,28,1092
2025-05-05,SKU0014,447,1852.0,28,1092
2025-05-12,SKU0014,89,1852.0,28,1092
2025-05-19,SKU0014,0,1852.0,28,1092
2025-05-26,SKU0014,1450,0.0,28,1092
2025-06-02,SKU0014,1093,0.0,28,1092
2025-06-09,SKU0014,710,2110.0,28,1092
2025-06-16,SKU0014,336,2110.0,28,1092
2025-06-23,SKU0014,0,2110.0,28,1092
2025-06-30,SKU0014,0,2110.0,28,1092
2025-07-07,SKU0014,1741,0.0,28,1092
2025-07-14,SKU0014,1385,,28,1092
2025-07-21,SKU0014,756,3450.0,28,1092
2025-07-28,SKU0014,391,3450.0,28,1092
2025-08-04,SKU0014,32,3450.0,28,1092
2025-08-11,SKU0014,0,3450.0,28,1092
2025-08-18,SKU0014,3288,0.0,28,1092
2025-08-25,SKU0014,2986,0.0,28,1092
2025-09-01,SKU0014,2699,0.0,28,1092
2025-09-08,SKU0014,2327,0.0,28,1092
2025-09-15,SKU0014,2033,0.0,28,1092
2025-09-22,SKU0014,1785,0.0,28,1092
2025-09-29,SKU0014,1555,0.0,28,1092
2025-10-06,SKU0014,1323,0.0,28,1092
2025-10-13,SKU0014,1105,0.0,28,1092
2025-10-20,SKU0014,936,1057.0,28,1092
2025-10-27,SKU0014,752,1057.0,28,1092
2025-11-03,SKU0014,594,1057.0,28,1092
2025-11-10,SKU0014,460,1057.0,28,1092
2025-11-17,SKU0014,1376,0.0,28,1092
2025-11-24,SKU0014,1235,0.0,28,1092
2025-12-01,SKU0014,1042,1018.0,28,1092
2025-12-08,SKU0014,898,1018.0,28,1092
2025-12-15,SKU0014,774,1018.0,28,1092
2025-12-22,SKU0014,562,1018.0,28,1092
2025-12-29,SKU0014,1430,0.0,28,1092
2024-01-01,SKU0015,122,1906.0,29,1125
2024-01-08,SKU0015,0,1906.0,29,1125
2024-01-15,SKU0015,0,1906.0,29,1125
2024-01-22,SKU0015,0,1906.0,29,1125
2024-01-29,SKU0015,0,1906.0,29,1125
2024-02-05,SKU0015,1665,0.0,29,1125
2024-02-12,SKU0015,1401,0.0,29,1125
2024-02-19,SKU0015,1088,2125.0,29,1125
2024-02-26,SKU0015,779,2125.0,29,1125
2024-03-04,SKU0015,464,2125.0,29,1125
2024-03-11,SKU0015,185,2125.0,29,1125
2024-03-18,SKU0015,0,2125.0,29,1125
2024-03-25,SKU0015,1790,0.0,29,1125
2024-04-01,SKU0015,1474,0.0,29,1125
2024-04-08,SKU0015,1157,0.0,29,1125
2024-04-15,SKU0015,653,2311.0,29,1125
2024-04-22,SKU0015,364,2311.0,29,1125
2024-04-29,SKU0015,33,2311.0,29,1125
2024-05-06,SKU0015,0,2311.0,29,1125
2024-05-13,SKU0015,2044,0.0,29,1125
2024-05-20,SKU0015,1763,0.0,29,1125
2024-05-27,SKU0015,1495,0.0,29,1125
2024-06-03,SKU0015,1214,0.0,29,1125
2024-06-10,SKU0015,950,2003.0,29,1125
2024-06-17,SKU0015,679,2003.0,29,1125
2024-06-24,SKU0015,417,2003.0,29,1125
2024-07-01,SKU0015,149,2003.0,29,1125
2024-07-08,SKU0015,1928,0.0,29,1125
2024-07-15,SKU0015,1667,0.0,29,1125
2024-07-22,SKU0015,1352,0.0,29,1125
2024-07-29,SKU0015,1119,1467.0,29,1125
2024-08-05,SKU0015,905,1467.0,29,1125
2024-08-12,SKU0015,742,1467.0,29,1125
2024-08-19,SKU0015,577,1467.0,29,1125
2024-08-26,SKU0015,399,1467.0,29,1125
2024-09-02,SKU0015,1688,0.0,29,1125
2024-09-09,SKU0015,1434,0.0,29,1125
2024-09-16,SKU0015,1262,0.0,29,1125
2024-09-23,SKU0015,1115,1106.0,29,1125
2024-09-30,SKU0015,968,1106.0,29,1125
2024-10-07,SKU0015,813,1106.0,29,1125
2024-10-14,SKU0015,671,1106.0,29,1125
2024-10-21,SKU0015,532,1106.0,29,1125
2024-10-28,SKU0015,1488,0.0,29,1125
2024-11-04,SKU0015,1292,0.0,29,1125
2024-11-11,SKU0015,1146,0.0,29,1125
2024-11-18,SKU0015,990,1215.0,29,1125
2024-11-25,SKU0015,777,1215.0,29,1125
2024-12-02,SKU0015,535,1215.0,29,1125
2024-12-09,SKU0015,360,1215.0,29,1125
2024-12-16,SKU0015,1319,0.0,29,1125
2024-12-23,SKU0015,989,2846.0,29,1125
2024-12-30,SKU0015,755,2846.0,29,1125
2025-01-06,SKU0015,451,2846.0,29,1125
2025-01-13,SKU0015,142,2846.0,29,1125
2025-01-20,SKU0015,2712,0.0,29,1125
2025-01-27,SKU0015,2463,0.0,29,1125
2025-02-03,SKU0015,2194,0.0,29,1125
2025-02-10,SKU0015,1925,0.0,29,1125
2025-02-17,SKU0015,1611,0.0,29,1125
2025-02-24,SKU0015,1294,0.0,29,1125
2025-03-03,SKU0015,992,2188.0,29,1125
2025-03-10,SKU0015,677,2188.0,29,1125
2025-03-17,SKU0015,367,2188.0,29,1125
2025-03-24,SKU0015,42,2188.0,29,1125
2025-03-31,SKU0015,2050,0.0,29,1125
2025-04-07,SKU0015,1713,0.0,29,1125
2025-04-14,SKU0015,1202,0.0,29,1125
2025-04-21,SKU0015,864,4252.0,29,1125
2025-04-28,SKU0015,540,4252.0,29,1125
2025-05-05,SKU0015,235,4252.0,29,1125
2025-05-12,SKU0015,0,4252.0,29,1125
2025-05-19,SKU0015,4008,0.0,29,1125
2025-05-26,SKU0015,3725,0.0,29,1125
2025-06-02,SKU0015,3449,0.0,29,1125
2025-06-09,SKU0015,3181,0.0,29,1125
2025-06-16,SKU0015,2934,0.0,29,1125
2025-06-23,SKU0015,2688,0.0,29,1125
2025-06-30,SKU0015,2434,0.0,29,1125
2025-07-07,SKU0015,2195,0.0,29,1125
2025-07-14,SKU0015,1982,0.0,29,1125
2025-07-21,SKU0015,1589,0.0,29,1125
2025-07-28,SKU0015,1366,0.0,29,1125
2025-08-04,SKU0015,1159,0.0,29,1125
2025-08-11,SKU0015,967,1387.0,29,1125
2025-08-18,SKU0015,774,1387.0,29,1125
2025-08-25,SKU0015,621,1387.0,29,1125
2025-09-01,SKU0015,446,1387.0,29,1125
2025-09-08,SKU0015,1602,0.0,29,1125
2025-09-15,SKU0015,1412,0.0,29,1125
2025-09-22,SKU0015,1268,0.0,29,1125
2025-09-29,SKU0015,1123,1090.0,29,1125
2025-10-06,SKU0015,989,1090.0,29,1125
2025-10-13,SKU0015,841,1090.0,29,1125
2025-10-20,SKU0015,688,1090.0,29,1125
2025-10-27,SKU0015,541,1090.0,29,1125
2025-11-03,SKU0015,1483,0.0,29,1125
2025-11-10,SKU0015,1303,0.0,29,1125
2025-11-17,SKU0015,1123,1243.0,29,1125
2025-11-24,SKU0015,923,1243.0,29,1125
2025-12-01,SKU0015,664,1243.0,29,1125
2025-12-08,SKU0015,475,1243.0,29,1125
2025-12-15,SKU0015,256,1243.0,29,1125
2025-12-22,SKU0015,1169,0.0,29,1125
2025-12-29,SKU0015,939,1573.0,29,1125
2024-01-01,SKU0016,142,2070.0,21,960
2024-01-08,SKU0016,0,2070.0,21,960
2024-01-15,SKU0016,0,2070.0,21,960
2024-01-22,SKU0016,2034,0.0,21,960
2024-01-29,SKU0016,1671,0.0,21,960
2024-02-05,SKU0016,1301,0.0,21,960
2024-02-12,SKU0016,969,0.0,21,960
2024-02-19,SKU0016,591,1769.0,21,960
2024-02-26,SKU0016,271,1769.0,21,960
2024-03-04,SKU0016,0,1769.0,21,960
2024-03-11,SKU0016,1432,0.0,21,960
2024-03-18,SKU0016,1103,0.0,21,960
2024-03-25,SKU0016,768,1621.0,21,960
2024-04-01,SKU0016,440,1621.0,21,960
2024-04-08,SKU0016,129,1621.0,21,960
2024-04-15,SKU0016,1348,0.0,21,960
2024-04-22,SKU0016,1074,0.0,21,960
2024-04-29,SKU0016,767,1442.0,21,960
2024-05-06,SKU0016,493,1442.0,21,960
2024-05-13,SKU0016,240,1442.0,21,960
2024-05-20,SKU0016,1430,0.0,21,960
2024-05-27,SKU0016,1170,0.0,21,960
2024-06-03,SKU0016,910,1690.0,21,960
2024-06-10,SKU0016,655,1690.0,21,960
2024-06-17,SKU0016,418,1690.0,21,960
2024-06-24,SKU0016,1901,0.0,21,960
2024-07-01,SKU0016,1679,0.0,21,960
2024-07-08,SKU0016,1459,0.0,21,960
2024-07-15,SKU0016,1208,0.0,21,960
2024-07-22,SKU0016,880,2599.0,21,960
2024-07-29,SKU0016,636,2599.0,21,960
2024-08-05,SKU0016,420,2599.0,21,960
2024-08-12,SKU0016,2759,0.0,21,960
2024-08-19,SKU0016,2500,0.0,21,960
2024-08-26,SKU0016,2249,0.0,21,960
2024-09-02,SKU0016,1995,0.0,21,960
2024-09-09,SKU0016,1604,,21,960
2024-09-16,SKU0016,1332,0.0,21,960
2024-09-23,SKU0016,1055,0.0,21,960
2024-09-30,SKU0016,767,1403.0,21,960
2024-10-07,SKU0016,479,1403.0,21,960
2024-10-14,SKU0016,227,1403.0,21,960
2024-10-21,SKU0016,1352,0.0,21,960
2024-10-28,SKU0016,1033,0.0,21,960
2024-11-04,SKU0016,707,1583.0,21,960
2024-11-11,SKU0016,385,1583.0,21,960
2024-11-18,SKU0016,64,1583.0,21,960
2024-11-25,SKU0016,1263,0.0,21,960
2024-12-02,SKU0016,855,2300.0,21,960
2024-12-09,SKU0016,519,2300.0,21,960
2024-12-16,SKU0016,89,2300.0,21,960
2024-12-23,SKU0016,2121,0.0,21,960
2024-12-30,SKU0016,1749,0.0,21,960
2025-01-06,SKU0016,1353,0.0,21,960
2025-01-13,SKU0016,902,2416.0,21,960
2025-01-20,SKU0016,546,2416.0,21,960
2025-01-27,SKU0016,221,2416.0,21,960
2025-02-03,SKU0016,2315,0.0,21,960
2025-02-10,SKU0016,1964,0.0,21,960
2025-02-17,SKU0016,1662,0.0,21,960
2025-02-24,SKU0016,1311,0.0,21,960
2025-03-03,SKU0016,980,0.0,21,960
2025-03-10,SKU0016,634,1705.0,21,960
2025-03-17,SKU0016,290,1705.0,21,960
2025-03-24,SKU0016,0,1705.0,21,960
2025-03-31,SKU0016,1382,0.0,21,960
2025-04-07,SKU0016,1042,0.0,21,960
2025-04-14,SKU0016,583,2503.0,21,960
2025-04-21,SKU0016,250,2503.0,21,960
2025-04-28,SKU0016,0,2503.0,21,960
2025-05-05,SKU0016,2306,0.0,21,960
2025-05-12,SKU0016,2022,0.0,21,960
2025-05-19,SKU0016,1759,0.0,21,960
2025-05-26,SKU0016,1510,0.0,21,960
2025-06-02,SKU0016,1266,0.0,21,960
2025-06-09,SKU0016,1015,0.0,21,960
2025-06-16,SKU0016,790,1241.0,21,960
2025-06-23,SKU0016,551,1241.0,21,960
2025-06-30,SKU0016,327,1241.0,21,960
2025-07-07,SKU0016,1309,0.0,21,960
2025-07-14,SKU0016,1074,0.0,21,960
2025-07-21,SKU0016,691,1952.0,21,960
2025-07-28,SKU0016,458,1952.0,21,960
2025-08-04,SKU0016,201,1952.0,21,960
2025-08-11,SKU0016,1938,0.0,21,960
2025-08-18,SKU0016,1678,0.0,21,960
2025-08-25,SKU0016,1407,0.0,21,960
2025-09-01,SKU0016,1171,0.0,21,960
2025-09-08,SKU0016,818,2870.0,21,960
2025-09-15,SKU0016,519,2870.0,21,960
2025-09-22,SKU0016,267,2870.0,21,960
2025-09-29,SKU0016,2844,0.0,21,960
2025-10-06,SKU0016,2561,0.0,21,960
2025-10-13,SKU0016,2266,0.0,21,960
2025-10-20,SKU0016,1982,,21,960
2025-10-27,SKU0016,1650,0.0,21,960
2025-11-03,SKU0016,1313,0.0,21,960
2025-11-10,SKU0016,1011,0.0,21,960
2025-11-17,SKU0016,707,1651.0,21,960
2025-11-24,SKU0016,396,1651.0,21,960
2025-12-01,SKU0016,0,1651.0,21,960
2025-12-08,SKU0016,1360,0.0,21,960
2025-12-15,SKU0016,958,2913.0,21,960
2025-12-22,SKU0016,467,2913.0,21,960
2025-12-29,SKU0016,112,2913.0,21,960
2024-01-01,SKU0017,110,1805.0,25,739
2024-01-08,SKU0017,0,1805.0,25,739
2024-01-15,SKU0017,0,1805.0,25,739
2024-01-22,SKU0017,0,1805.0,25,739
2024-01-29,SKU0017,1636,0.0,25,739
2024-02-05,SKU0017,1406,0.0,25,739
2024-02-12,SKU0017,1151,0.0,25,739
2024-02-19,SKU0017,901,0.0,25,739
2024-02-26,SKU0017,652,1687.0,25,739
2024-03-04,SKU0017,397,1687.0,25,739
2024-03-11,SKU0017,165,1687.0,25,739
2024-03-18,SKU0017,0,1687.0,25,739
2024-03-25,SKU0017,1504,0.0,25,739
2024-04-01,SKU0017,1266,0.0,25,739
2024-04-08,SKU0017,1068,0.0,25,739
2024-04-15,SKU0017,785,0.0,25,739
2024-04-22,SKU0017,607,1171.0,25,739
2024-04-29,SKU0017,441,1171.0,25,739
2024-05-06,SKU0017,271,1171.0,25,739
2024-05-13,SKU0017,1271,0.0,25,739
2024-05-20,SKU0017,1111,0.0,25,739
2024-05-27,SKU0017,982,0.0,25,739
2024-06-03,SKU0017,842,0.0,25,739
2024-06-10,SKU0017,715,806.0,25,739
2024-06-17,SKU0017,581,806.0,25,739
2024-06-24,SKU0017,482,806.0,25,739
2024-07-01,SKU0017,397,806.0,25,739
2024-07-08,SKU0017,1111,0.0,25,739
2024-07-15,SKU0017,1015,0.0,25,739
2024-07-22,SKU0017,861,0.0,25,739
2024-07-29,SKU0017,776,0.0,25,739
2024-08-05,SKU0017,686,579.0,25,739
2024-08-12,SKU0017,587,579.0,25,739
2024-08-19,SKU0017,510,579.0,25,739
2024-08-26,SKU0017,988,0.0,25,739
2024-09-02,SKU0017,901,0.0,25,739
2024-09-09,SKU0017,719,1324.0,25,739
2024-09-16,SKU0017,566,1324.0,25,739
2024-09-23,SKU0017,429,1324.0,25,739
2024-09-30,SKU0017,304,1324.0,25,739
2024-10-07,SKU0017,1452,0.0,25,739
2024-10-14,SKU0017,1297,0.0,25,739
2024-10-21,SKU0017,1127,0.0,25,739
2024-10-28,SKU0017,937,0.0,25,739
2024-11-04,SKU0017,742,,25,739
2024-11-11,SKU0017,549,1184.0,25,739
2024-11-18,SKU0017,347,1184.0,25,739
2024-11-25,SKU0017,120,1184.0,25,739
2024-12-02,SKU0017,1074,0.0,25,739
2024-12-09,SKU0017,842,0.0,25,739
2024-12-16,SKU0017,557,1475.0,25,739
2024-12-23,SKU0017,226,1475.0,25,739
2024-12-30,SKU0017,0,1475.0,25,739
2025-01-06,SKU0017,0,1475.0,25,739
2025-01-13,SKU0017,1120,0.0,25,739
2025-01-20,SKU0017,873,0.0,25,739
2025-01-27,SKU0017,621,1611.0,25,739
2025-02-03,SKU0017,332,1611.0,25,739
2025-02-10,SKU0017,70,1611.0,25,739
2025-02-17,SKU0017,0,1611.0,25,739
2025-02-24,SKU0017,1380,0.0,25,739
2025-03-03,SKU0017,1132,0.0,25,739
2025-03-10,SKU0017,891,0.0,25,739
2025-03-17,SKU0017,648,1561.0,25,739
2025-03-24,SKU0017,419,1561.0,25,739
2025-03-31,SKU0017,205,1561.0,25,739
2025-04-07,SKU0017,0,1561.0,25,739
2025-04-14,SKU0017,1262,0.0,25,739
2025-04-21,SKU0017,1031,0.0,25,739
2025-04-28,SKU0017,849,0.0,25,739
2025-05-05,SKU0017,680,1120.0,25,739
2025-05-12,SKU0017,524,1120.0,25,739
2025-05-19,SKU0017,374,1120.0,25,739
2025-05-26,SKU0017,247,1120.0,25,739
2025-06-02,SKU0017,1225,0.0,25,739
2025-06-09,SKU0017,1094,0.0,25,739
2025-06-16,SKU0017,1004,0.0,25,739
2025-06-23,SKU0017,903,0.0,25,739
2025-06-30,SKU0017,813,0.0,25,739
2025-07-07,SKU0017,697,659.0,25,739
2025-07-14,SKU0017,605,659.0,25,739
2025-07-21,SKU0017,431,659.0,25,739
2025-07-28,SKU0017,325,659.0,25,739
2025-08-04,SKU0017,904,0.0,25,739
2025-08-11,SKU0017,809,0.0,25,739
2025-08-18,SKU0017,722,609.0,25,739
2025-08-25,SKU0017,590,609.0,25,739
2025-09-01,SKU0017,480,609.0,25,739
2025-09-08,SKU0017,324,609.0,25,739
2025-09-15,SKU0017,805,0.0,25,739
2025-09-22,SKU0017,673,781.0,25,739
2025-09-29,SKU0017,537,781.0,25,739
2025-10-06,SKU0017,387,781.0,25,739
2025-10-13,SKU0017,274,781.0,25,739
2025-10-20,SKU0017,880,0.0,25,739
2025-10-27,SKU0017,723,1098.0,25,739
2025-11-03,SKU0017,557,1098.0,25,739
2025-11-10,SKU0017,379,1098.0,25,739
2025-11-17,SKU0017,160,1098.0,25,739
2025-11-24,SKU0017,1036,0.0,25,739
2025-12-01,SKU0017,722,1390.0,25,739
2025-12-08,SKU0017,478,1390.0,25,739
2025-12-15,SKU0017,194,1390.0,25,739
2025-12-22,SKU0017,0,1390.0,25,739
2025-12-29,SKU0017,1250,0.0,25,739
2024-01-01,SKU0018,93,666.0,26,430
2024-01-08,SKU0018,0,666.0,26,430
2024-01-15,SKU0018,0,666.0,26,430
2024-01-22,SKU0018,0,666.0,26,430
2024-01-29,SKU0018,628,0.0,26,430
2024-02-05,SKU0018,556,0.0,26,430
2024-02-12,SKU0018,490,0.0,26,430
2024-02-19,SKU0018,420,639.0,26,430
2024-02-26,SKU0018,350,639.0,26,430
2024-03-04,SKU0018,288,639.0,26,430
2024-03-11,SKU0018,215,639.0,26,430
2024-03-18,SKU0018,792,0.0,26,430
2024-03-25,SKU0018,713,0.0,26,430
2024-04-01,SKU0018,640,0.0,26,430
2024-04-08,SKU0018,554,0.0,26,430
2024-04-15,SKU0018,466,0.0,26,430
2024-04-22,SKU0018,401,552.0,26,430
2024-04-29,SKU0018,331,552.0,26,430
2024-05-06,SKU0018,256,552.0,26,430
2024-05-13,SKU0018,191,552.0,26,430
2024-05-20,SKU0018,689,0.0,26,430
2024-05-27,SKU0018,623,0.0,26,430
2024-06-03,SKU0018,555,0.0,26,430
2024-06-10,SKU0018,464,0.0,26,430
2024-06-17,SKU0018,392,622.0,26,430
2024-06-24,SKU0018,325,622.0,26,430
2024-07-01,SKU0018,251,622.0,26,430
2024-07-08,SKU0018,165,622.0,26,430
2024-07-15,SKU0018,697,0.0,26,430
2024-07-22,SKU0018,557,0.0,26,430
2024-07-29,SKU0018,472,0.0,26,430
2024-08-05,SKU0018,379,564.0,26,430
2024-08-12,SKU0018,293,564.0,26,430
2024-08-19,SKU0018,200,564.0,26,430
2024-08-26,SKU0018,88,564.0,26,430
2024-09-02,SKU0018,559,0.0,26,430
2024-09-09,SKU0018,402,1097.0,26,430
2024-09-16,SKU0018,305,1097.0,26,430
2024-09-23,SKU0018,215,1097.0,26,430
2024-09-30,SKU0018,107,1097.0,26,430
2024-10-07,SKU0018,1099,0.0,26,430
2024-10-14,SKU0018,983,0.0,26,430
2024-10-21,SKU0018,881,0.0,26,430
2024-10-28,SKU0018,762,0.0,26,430
2024-11-04,SKU0018,650,0.0,26,430
2024-11-11,SKU0018,549,0.0,26,430
2024-11-18,SKU0018,441,0.0,26,430
2024-11-25,SKU0018,330,643.0,26,430
2024-12-02,SKU0018,188,643.0,26,430
2024-12-09,SKU0018,74,643.0,26,430
2024-12-16,SKU0018,602,0.0,26,430
2024-12-23,SKU0018,466,0.0,26,430
2024-12-30,SKU0018,362,585.0,26,430
2025-01-06,SKU0018,244,585.0,26,430
2025-01-13,SKU0018,104,585.0,26,430
2025-01-20,SKU0018,14,585.0,26,430
2025-01-27,SKU0018,507,0.0,26,430
2025-02-03,SKU0018,434,0.0,26,430
2025-02-10,SKU0018,360,501.0,26,430
2025-02-17,SKU0018,290,501.0,26,430
2025-02-24,SKU0018,225,501.0,26,430
2025-03-03,SKU0018,662,0.0,26,430
2025-03-10,SKU0018,601,0.0,26,430
2025-03-17,SKU0018,524,0.0,26,430
2025-03-24,SKU0018,467,0.0,26,430
2025-03-31,SKU0018,396,420.0,26,430
2025-04-07,SKU0018,313,420.0,26,430
2025-04-14,SKU0018,222,420.0,26,430
2025-04-21,SKU0018,145,420.0,26,430
2025-04-28,SKU0018,493,0.0,26,430
2025-05-05,SKU0018,431,0.0,26,430
2025-05-12,SKU0018,361,414.0,26,430
2025-05-19,SKU0018,286,,26,430
2025-05-26,SKU0018,208,414.0,26,430
2025-06-02,SKU0018,554,,26,430
2025-06-09,SKU0018,479,0.0,26,430
2025-06-16,SKU0018,405,617.0,26,430
2025-06-23,SKU0018,334,617.0,26,430
2025-06-30,SKU0018,264,617.0,26,430
2025-07-07,SKU0018,173,617.0,26,430
2025-07-14,SKU0018,703,0.0,26,430
2025-07-21,SKU0018,563,0.0,26,430
2025-07-28,SKU0018,483,0.0,26,430
2025-08-04,SKU0018,409,749.0,26,430
2025-08-11,SKU0018,303,749.0,26,430
2025-08-18,SKU0018,206,749.0,26,430
2025-08-25,SKU0018,105,749.0,26,430
2025-09-01,SKU0018,740,0.0,26,430
2025-09-08,SKU0018,599,0.0,26,430
2025-09-15,SKU0018,476,0.0,26,430
2025-09-22,SKU0018,383,855.0,26,430
2025-09-29,SKU0018,289,855.0,26,430
2025-10-06,SKU0018,202,855.0,26,430
2025-10-13,SKU0018,114,855.0,26,430
2025-10-20,SKU0018,873,0.0,26,430
2025-10-27,SKU0018,767,0.0,26,430
2025-11-03,SKU0018,673,0.0,26,430
2025-11-10,SKU0018,570,,26,430
2025-11-17,SKU0018,463,0.0,26,430
2025-11-24,SKU0018,364,639.0,26,430
2025-12-01,SKU0018,247,,26,430
2025-12-08,SKU0018,147,639.0,26,430
2025-12-15,SKU0018,686,0.0,26,430
2025-12-22,SKU0018,521,0.0,26,430
2025-12-29,SKU0018,423,575.0,26,430
2024-01-01,SKU0019,9,342.0,13,81
2024-01-08,SKU0019,0,342.0,13,81
2024-01-15,SKU0019,316,0.0,13,81
2024-01-22,SKU0019,220,0.0,13,81
2024-01-29,SKU0019,106,0.0,13,81
2024-02-05,SKU0019,15,341.0,13,81
2024-02-12,SKU0019,0,341.0,13,81
2024-02-19,SKU0019,253,0.0,13,81
2024-02-26,SKU0019,151,0.0,13,81
2024-03-04,SKU0019,37,432.0,13,81
2024-03-11,SKU0019,0,432.0,13,81
2024-03-18,SKU0019,366,,13,81
2024-03-25,SKU0019,246,0.0,13,81
2024-04-01,SKU0019,156,0.0,13,81
2024-04-08,SKU0019,40,419.0,13,81
2024-04-15,SKU0019,0,419.0,13,81
2024-04-22,SKU0019,366,0.0,13,81
2024-04-29,SKU0019,266,0.0,13,81
2024-05-06,SKU0019,174,0.0,13,81
2024-05-13,SKU0019,87,0.0,13,81
2024-05-20,SKU0019,0,301.0,13,81
2024-05-27,SKU0019,294,0.0,13,81
2024-06-03,SKU0019,214,0.0,13,81
2024-06-10,SKU0019,124,0.0,13,81
2024-06-17,SKU0019,53,,13,81
2024-06-24,SKU0019,0,291.0,13,81
2024-07-01,SKU0019,249,0.0,13,81
2024-07-08,SKU0019,198,0.0,13,81
2024-07-15,SKU0019,142,0.0,13,81
2024-07-22,SKU0019,60,306.0,13,81
2024-07-29,SKU0019,19,306.0,13,81
2024-08-05,SKU0019,281,0.0,13,81
2024-08-12,SKU0019,236,0.0,13,81
2024-08-19,SKU0019,189,0.0,13,81
2024-08-26,SKU0019,145,0.0,13,81
2024-09-02,SKU0019,97,0.0,13,81
2024-09-09,SKU0019,47,,13,81
2024-09-16,SKU0019,12,204.0,13,81
2024-09-23,SKU0019,172,0.0,13,81
2024-09-30,SKU0019,119,0.0,13,81
2024-10-07,SKU0019,77,160.0,13,81
2024-10-14,SKU0019,25,160.0,13,81
2024-10-21,SKU0019,144,0.0,13,81
2024-10-28,SKU0019,89,0.0,13,81
2024-11-04,SKU0019,37,185.0,13,81
2024-11-11,SKU0019,173,0.0,13,81
2024-11-18,SKU0019,108,0.0,13,81
2024-11-25,SKU0019,33,222.0,13,81
2024-12-02,SKU0019,0,222.0,13,81
2024-12-09,SKU0019,156,0.0,13,81
2024-12-16,SKU0019,71,368.0,13,81
2024-12-23,SKU0019,0,368.0,13,81
2024-12-30,SKU0019,348,0.0,13,81
2025-01-06,SKU0019,231,0.0,13,81
2025-01-13,SKU0019,136,0.0,13,81
2025-01-20,SKU0019,53,385.0,13,81
2025-01-27,SKU0019,0,385.0,13,81
2025-02-03,SKU0019,343,0.0,13,81
2025-02-10,SKU0019,248,0.0,13,81
2025-02-17,SKU0019,148,0.0,13,81
2025-02-24,SKU0019,35,354.0,13,81
2025-03-03,SKU0019,0,,13,81
2025-03-10,SKU0019,287,0.0,13,81
2025-03-17,SKU0019,157,0.0,13,81
2025-03-24,SKU0019,39,425.0,13,81
2025-03-31,SKU0019,0,425.0,13,81
2025-04-07,SKU0019,363,0.0,13,81
2025-04-14,SKU0019,223,0.0,13,81
2025-04-21,SKU0019,120,0.0,13,81
2025-04-28,SKU0019,15,326.0,13,81
2025-05-05,SKU0019,0,326.0,13,81
2025-05-12,SKU0019,242,0.0,13,81
2025-05-19,SKU0019,145,0.0,13,81
2025-05-26,SKU0019,67,332.0,13,81
2025-06-02,SKU0019,0,332.0,13,81
2025-06-09,SKU0019,302,0.0,13,81
2025-06-16,SKU0019,215,0.0,13,81
2025-06-23,SKU0019,135,0.0,13,81
2025-06-30,SKU0019,73,212.0,13,81
2025-07-07,SKU0019,7,212.0,13,81
2025-07-14,SKU0019,196,0.0,13,81
2025-07-21,SKU0019,122,0.0,13,81
2025-07-28,SKU0019,70,205.0,13,81
2025-08-04,SKU0019,25,205.0,13,81
2025-08-11,SKU0019,183,0.0,13,81
2025-08-18,SKU0019,134,0.0,13,81
2025-08-25,SKU0019,93,0.0,13,81
2025-09-01,SKU0019,54,146.0,13,81
2025-09-08,SKU0019,0,146.0,13,81
2025-09-15,SKU0019,102,0.0,13,81
2025-09-22,SKU0019,60,145.0,13,81
2025-09-29,SKU0019,13,145.0,13,81
2025-10-06,SKU0019,105,0.0,13,81
2025-10-13,SKU0019,66,191.0,13,81
2025-10-20,SKU0019,14,191.0,13,81
2025-10-27,SKU0019,157,0.0,13,81
2025-11-03,SKU0019,90,0.0,13,81
2025-11-10,SKU0019,18,190.0,13,81
2025-11-17,SKU0019,182,0.0,13,81
2025-11-24,SKU0019,103,0.0,13,81
2025-12-01,SKU0019,36,312.0,13,81
2025-12-08,SKU0019,0,312.0,13,81
2025-12-15,SKU0019,226,0.0,13,81
2025-12-22,SKU0019,130,0.0,13,81
2025-12-29,SKU0019,58,337.0,13,81
2024-01-01,SKU0020,61,863.0,17,622
2024-01-08,SKU0020,0,863.0,17,622
2024-01-15,SKU0020,0,863.0,17,622
2024-01-22,SKU0020,720,0.0,17,622
2024-01-29,SKU0020,525,679.0,17,622
2024-02-05,SKU0020,322,679.0,17,622
2024-02-12,SKU0020,831,0.0,17,622
2024-02-19,SKU0020,663,0.0,17,622
2024-02-26,SKU0020,497,622.0,17,622
2024-03-04,SKU0020,306,622.0,17,622
2024-03-11,SKU0020,740,0.0,17,622
2024-03-18,SKU0020,585,676.0,17,622
2024-03-25,SKU0020,418,676.0,17,622
2024-04-01,SKU0020,266,676.0,17,622
2024-04-08,SKU0020,779,0.0,17,622
2024-04-15,SKU0020,520,1056.0,17,622
2024-04-22,SKU0020,347,1056.0,17,622
2024-04-29,SKU0020,185,1056.0,17,622
2024-05-06,SKU0020,1061,0.0,17,622
2024-05-13,SKU0020,884,0.0,17,622
2024-05-20,SKU0020,686,0.0,17,622
2024-05-27,SKU0020,497,670.0,17,622
2024-06-03,SKU0020,302,670.0,17,622
2024-06-10,SKU0020,765,0.0,17,622
2024-06-17,SKU0020,555,840.0,17,622
2024-06-24,SKU0020,332,840.0,17,622
2024-07-01,SKU0020,132,840.0,17,622
2024-07-08,SKU0020,715,0.0,17,622
2024-07-15,SKU0020,483,812.0,17,622
2024-07-22,SKU0020,155,812.0,17,622
2024-07-29,SKU0020,755,0.0,17,622
2024-08-05,SKU0020,490,872.0,17,622
2024-08-12,SKU0020,242,872.0,17,622
2024-08-19,SKU0020,853,0.0,17,622
2024-08-26,SKU0020,559,1045.0,17,622
2024-09-02,SKU0020,306,1045.0,17,622
2024-09-09,SKU0020,0,1045.0,17,622
2024-09-16,SKU0020,833,0.0,17,622
2024-09-23,SKU0020,559,1072.0,17,622
2024-09-30,SKU0020,293,1072.0,17,622
2024-10-07,SKU0020,24,1072.0,17,622
2024-10-14,SKU0020,838,0.0,17,622
2024-10-21,SKU0020,571,1054.0,17,622
2024-10-28,SKU0020,332,1054.0,17,622
2024-11-04,SKU0020,64,1054.0,17,622
2024-11-11,SKU0020,872,0.0,17,622
2024-11-18,SKU0020,625,0.0,17,622
2024-11-25,SKU0020,353,868.0,17,622
2024-12-02,SKU0020,52,868.0,17,622
2024-12-09,SKU0020,727,0.0,17,622
2024-12-16,SKU0020,453,802.0,17,622
2024-12-23,SKU0020,176,802.0,17,622
2024-12-30,SKU0020,766,0.0,17,622
2025-01-06,SKU0020,521,837.0,17,622
2025-01-13,SKU0020,279,837.0,17,622
2025-01-20,SKU0020,97,837.0,17,622
2025-01-27,SKU0020,719,0.0,17,622
2025-02-03,SKU0020,503,661.0,17,622
2025-02-10,SKU0020,306,661.0,17,622
2025-02-17,SKU0020,792,0.0,17,622
2025-02-24,SKU0020,589,699.0,17,622
2025-03-03,SKU0020,419,699.0,17,622
2025-03-10,SKU0020,243,699.0,17,622
2025-03-17,SKU0020,772,0.0,17,622
2025-03-24,SKU0020,590,670.0,17,622
2025-03-31,SKU0020,422,670.0,17,622
2025-04-07,SKU0020,257,670.0,17,622
2025-04-14,SKU0020,690,0.0,17,622
2025-04-21,SKU0020,516,601.0,17,622
2025-04-28,SKU0020,349,601.0,17,622
2025-05-05,SKU0020,768,0.0,17,622
2025-05-12,SKU0020,560,725.0,17,622
2025-05-19,SKU0020,371,725.0,17,622
2025-05-26,SKU0020,181,725.0,17,622
2025-06-02,SKU0020,701,0.0,17,622
2025-06-09,SKU0020,495,702.0,17,622
2025-06-16,SKU0020,273,702.0,17,622
2025-06-23,SKU0020,742,0.0,17,622
2025-06-30,SKU0020,565,877.0,17,622
2025-07-07,SKU0020,339,877.0,17,622
2025-07-14,SKU0020,92,877.0,17,622
2025-07-21,SKU0020,578,1297.0,17,622
2025-07-28,SKU0020,326,1297.0,17,622
2025-08-04,SKU0020,52,1297.0,17,622
2025-08-11,SKU0020,1120,0.0,17,622
2025-08-18,SKU0020,869,0.0,17,622
2025-08-25,SKU0020,623,0.0,17,622
2025-09-01,SKU0020,360,917.0,17,622
2025-09-08,SKU0020,33,917.0,17,622
2025-09-15,SKU0020,771,0.0,17,622
2025-09-22,SKU0020,523,1068.0,17,622
2025-09-29,SKU0020,249,1068.0,17,622
2025-10-06,SKU0020,0,1068.0,17,622
2025-10-13,SKU0020,802,0.0,17,622
2025-10-20,SKU0020,505,1053.0,17,622
2025-10-27,SKU0020,224,1053.0,17,622
2025-11-03,SKU0020,0,1053.0,17,622
2025-11-10,SKU0020,800,0.0,17,622
2025-11-17,SKU0020,565,993.0,17,622
2025-11-24,SKU0020,329,993.0,17,622
2025-12-01,SKU0020,25,993.0,17,622
2025-12-08,SKU0020,814,0.0,17,622
2025-12-15,SKU0020,575,1227.0,17,622
2025-12-22,SKU0020,257,1227.0,17,622
2025-12-29,SKU0020,39,1227.0,17,622
2024-01-01,SKU0021,155,1106.0,18,365
2024-01-08,SKU0021,0,1106.0,18,365
2024-01-15,SKU0021,0,1106.0,18,365
2024-01-22,SKU0021,991,0.0,18,365
2024-01-29,SKU0021,794,0.0,18,365
2024-02-05,SKU0021,607,0.0,18,365
2024-02-12,SKU0021,412,0.0,18,365
2024-02-19,SKU0021,226,769.0,18,365
2024-02-26,SKU0021,26,769.0,18,365
2024-03-04,SKU0021,745,0.0,18,365
2024-03-11,SKU0021,584,0.0,18,365
2024-03-18,SKU0021,449,0.0,18,365
2024-03-25,SKU0021,300,760.0,18,365
2024-04-01,SKU0021,170,760.0,18,365
2024-04-08,SKU0021,49,760.0,18,365
2024-04-15,SKU0021,622,0.0,18,365
2024-04-22,SKU0021,499,0.0,18,365
2024-04-29,SKU0021,385,0.0,18,365
2024-05-06,SKU0021,278,425.0,18,365
2024-05-13,SKU0021,192,425.0,18,365
2024-05-20,SKU0021,511,0.0,18,365
2024-05-27,SKU0021,418,0.0,18,365
2024-06-03,SKU0021,334,515.0,18,365
2024-06-10,SKU0021,218,515.0,18,365
2024-06-17,SKU0021,123,515.0,18,365
2024-06-24,SKU0021,532,0.0,18,365
2024-07-01,SKU0021,421,0.0,18,365
2024-07-08,SKU0021,299,449.0,18,365
2024-07-15,SKU0021,184,449.0,18,365
2024-07-22,SKU0021,0,449.0,18,365
2024-07-29,SKU0021,315,709.0,18,365
2024-08-05,SKU0021,157,709.0,18,365
2024-08-12,SKU0021,1,709.0,18,365
2024-08-19,SKU0021,585,0.0,18,365
2024-08-26,SKU0021,433,0.0,18,365
2024-09-02,SKU0021,267,704.0,18,365
2024-09-09,SKU0021,0,704.0,18,365
2024-09-16,SKU0021,686,0.0,18,365
2024-09-23,SKU0021,485,0.0,18,365
2024-09-30,SKU0021,277,1134.0,18,365
2024-10-07,SKU0021,35,1134.0,18,365
2024-10-14,SKU0021,0,1134.0,18,365
2024-10-21,SKU0021,920,0.0,18,365
2024-10-28,SKU0021,683,0.0,18,365
2024-11-04,SKU0021,439,0.0,18,365
2024-11-11,SKU0021,227,993.0,18,365
2024-11-18,SKU0021,0,993.0,18,365
2024-11-25,SKU0021,940,0.0,18,365
2024-12-02,SKU0021,632,0.0,18,365
2024-12-09,SKU0021,402,0.0,18,365
2024-12-16,SKU0021,62,1005.0,18,365
2024-12-23,SKU0021,0,1005.0,18,365
2024-12-30,SKU0021,927,0.0,18,365
2025-01-06,SKU0021,638,0.0,18,365
2025-01-13,SKU0021,335,1221.0,18,365
2025-01-20,SKU0021,140,1221.0,18,365
2025-01-27,SKU0021,0,1221.0,18,365
2025-02-03,SKU0021,1084,0.0,18,365
2025-02-10,SKU0021,905,0.0,18,365
2025-02-17,SKU0021,697,0.0,18,365
2025-02-24,SKU0021,494,0.0,18,365
2025-03-03,SKU0021,294,913.0,18,365
2025-03-10,SKU0021,127,913.0,18,365
2025-03-17,SKU0021,0,913.0,18,365
2025-03-24,SKU0021,801,0.0,18,365
2025-03-31,SKU0021,669,0.0,18,365
2025-04-07,SKU0021,537,0.0,18,365
2025-04-14,SKU0021,350,840.0,18,365
2025-04-21,SKU0021,215,840.0,18,365
2025-04-28,SKU0021,108,840.0,18,365
2025-05-05,SKU0021,845,0.0,18,365
2025-05-12,SKU0021,762,0.0,18,365
2025-05-19,SKU0021,683,0.0,18,365
2025-05-26,SKU0021,571,0.0,18,365
2025-06-02,SKU0021,460,0.0,18,365
2025-06-09,SKU0021,367,0.0,18,365
2025-06-16,SKU0021,284,397.0,18,365
2025-06-23,SKU0021,180,397.0,18,365
2025-06-30,SKU0021,441,0.0,18,365
2025-07-07,SKU0021,341,601.0,18,365
2025-07-14,SKU0021,228,601.0,18,365
2025-07-21,SKU0021,0,601.0,18,365
2025-07-28,SKU0021,505,0.0,18,365
2025-08-04,SKU0021,380,0.0,18,365
2025-08-11,SKU0021,216,580.0,18,365
2025-08-18,SKU0021,59,580.0,18,365
2025-08-25,SKU0021,485,0.0,18,365
2025-09-01,SKU0021,307,947.0,18,365
2025-09-08,SKU0021,22,947.0,18,365
2025-09-15,SKU0021,0,947.0,18,365
2025-09-22,SKU0021,805,0.0,18,365
2025-09-29,SKU0021,595,0.0,18,365
2025-10-06,SKU0021,364,894.0,18,365
2025-10-13,SKU0021,127,894.0,18,365
2025-10-20,SKU0021,0,894.0,18,365
2025-10-27,SKU0021,762,0.0,18,365
2025-11-03,SKU0021,517,0.0,18,365
2025-11-10,SKU0021,273,1318.0,18,365
2025-11-17,SKU0021,21,1318.0,18,365
2025-11-24,SKU0021,0,1318.0,18,365
2025-12-01,SKU0021,1047,0.0,18,365
2025-12-08,SKU0021,785,0.0,18,365
2025-12-15,SKU0021,522,,18,365
2025-12-22,SKU0021,119,1744.0,18,365
2025-12-29,SKU0021,0,1744.0,18,365
2024-01-01,SKU0022,68,851.0,25,489
2024-01-08,SKU0022,0,851.0,25,489
2024-01-15,SKU0022,0,851.0,25,489
2024-01-22,SKU0022,0,851.0,25,489
2024-01-29,SKU0022,769,0.0,25,489
2024-02-05,SKU0022,637,0.0,25,489
2024-02-12,SKU0022,496,0.0,25,489
2024-02-19,SKU0022,368,789.0,25,489
2024-02-26,SKU0022,224,789.0,25,489
2024-03-04,SKU0022,93,789.0,25,489
2024-03-11,SKU0022,723,0.0,25,489
2024-03-18,SKU0022,579,0.0,25,489
2024-03-25,SKU0022,429,,25,489
2024-04-01,SKU0022,294,992.0,25,489
2024-04-08,SKU0022,180,992.0,25,489
2024-04-15,SKU0022,0,992.0,25,489
2024-04-22,SKU0022,884,0.0,25,489
2024-04-29,SKU0022,777,0.0,25,489
2024-05-06,SKU0022,659,0.0,25,489
2024-05-13,SKU0022,529,0.0,25,489
2024-05-20,SKU0022,432,542.0,25,489
2024-05-27,SKU0022,331,542.0,25,489
2024-06-03,SKU0022,265,542.0,25,489
2024-06-10,SKU0022,724,0.0,25,489
2024-06-17,SKU0022,653,0.0,25,489
2024-06-24,SKU0022,567,0.0,25,489
2024-07-01,SKU0022,502,0.0,25,489
2024-07-08,SKU0022,438,383.0,25,489
2024-07-15,SKU0022,371,383.0,25,489
2024-07-22,SKU0022,253,383.0,25,489
2024-07-29,SKU0022,597,0.0,25,489
2024-08-05,SKU0022,537,0.0,25,489
2024-08-12,SKU0022,465,457.0,25,489
2024-08-19,SKU0022,394,457.0,25,489
2024-08-26,SKU0022,342,457.0,25,489
2024-09-02,SKU0022,282,457.0,25,489
2024-09-09,SKU0022,634,0.0,25,489
2024-09-16,SKU0022,567,0.0,25,489
2024-09-23,SKU0022,503,0.0,25,489
2024-09-30,SKU0022,434,407.0,25,489
2024-10-07,SKU0022,371,407.0,25,489
2024-10-14,SKU0022,305,,25,489
2024-10-21,SKU0022,634,0.0,25,489
2024-10-28,SKU0022,536,0.0,25,489
2024-11-04,SKU0022,421,531.0,25,489
2024-11-11,SKU0022,332,531.0,25,489
2024-11-18,SKU0022,237,531.0,25,489
2024-11-25,SKU0022,110,531.0,25,489
2024-12-02,SKU0022,454,871.0,25,489
2024-12-09,SKU0022,322,871.0,25,489
2024-12-16,SKU0022,159,871.0,25,489
2024-12-23,SKU0022,0,871.0,25,489
2024-12-30,SKU0022,762,0.0,25,489
2025-01-06,SKU0022,568,0.0,25,489
2025-01-13,SKU0022,357,1636.0,25,489
2025-01-20,SKU0022,215,1636.0,25,489
2025-01-27,SKU0022,72,1636.0,25,489
2025-02-03,SKU0022,1582,0.0,25,489
2025-02-10,SKU0022,1443,0.0,25,489
2025-02-17,SKU0022,1270,0.0,25,489
2025-02-24,SKU0022,1130,0.0,25,489
2025-03-03,SKU0022,1002,0.0,25,489
2025-03-10,SKU0022,870,0.0,25,489
2025-03-17,SKU0022,736,0.0,25,489
2025-03-24,SKU0022,590,0.0,25,489
2025-03-31,SKU0022,457,964.0,25,489
2025-04-07,SKU0022,337,964.0,25,489
2025-04-14,SKU0022,143,964.0,25,489
2025-04-21,SKU0022,8,964.0,25,489
2025-04-28,SKU0022,893,0.0,25,489
2025-05-05,SKU0022,781,0.0,25,489
2025-05-12,SKU0022,682,0.0,25,489
2025-05-19,SKU0022,591,0.0,25,489
2025-05-26,SKU0022,493,0.0,25,489
2025-06-02,SKU0022,417,499.0,25,489
2025-06-09,SKU0022,350,499.0,25,489
2025-06-16,SKU0022,282,499.0,25,489
2025-06-23,SKU0022,697,0.0,25,489
2025-06-30,SKU0022,623,0.0,25,489
2025-07-07,SKU0022,548,0.0,25,489
2025-07-14,SKU0022,465,492.0,25,489
2025-07-21,SKU0022,321,492.0,25,489
2025-07-28,SKU0022,260,492.0,25,489
2025-08-04,SKU0022,203,492.0,25,489
2025-08-11,SKU0022,641,0.0,25,489
2025-08-18,SKU0022,582,0.0,25,489
2025-08-25,SKU0022,519,0.0,25,489
2025-09-01,SKU0022,473,473.0,25,489
2025-09-08,SKU0022,369,473.0,25,489
2025-09-15,SKU0022,274,473.0,25,489
2025-09-22,SKU0022,203,473.0,25,489
2025-09-29,SKU0022,599,0.0,25,489
2025-10-06,SKU0022,520,0.0,25,489
2025-10-13,SKU0022,431,450.0,25,489
2025-10-20,SKU0022,338,450.0,25,489
2025-10-27,SKU0022,258,450.0,25,489
2025-11-03,SKU0022,165,450.0,25,489
2025-11-10,SKU0022,520,0.0,25,489
2025-11-17,SKU0022,394,573.0,25,489
2025-11-24,SKU0022,282,573.0,25,489
2025-12-01,SKU0022,97,573.0,25,489
2025-12-08,SKU0022,564,0.0,25,489
2025-12-15,SKU0022,424,931.0,25,489
2025-12-22,SKU0022,155,931.0,25,489
2025-12-29,SKU0022,34,931.0,25,489
2024-01-01,SKU0023,2,799.0,29,1089
2024-01-08,SKU0023,0,799.0,29,1089
2024-01-15,SKU0023,0,799.0,29,1089
2024-01-22,SKU0023,0,799.0,29,1089
2024-01-29,SKU0023,0,799.0,29,1089
2024-02-05,SKU0023,666,690.0,29,1089
2024-02-12,SKU0023,522,690.0,29,1089
2024-02-19,SKU0023,380,690.0,29,1089
2024-02-26,SKU0023,222,690.0,29,1089
2024-03-04,SKU0023,731,805.0,29,1089
2024-03-11,SKU0023,557,805.0,29,1089
2024-03-18,SKU0023,403,805.0,29,1089
2024-03-25,SKU0023,209,805.0,29,1089
2024-04-01,SKU0023,810,1014.0,29,1089
2024-04-08,SKU0023,581,1014.0,29,1089
2024-04-15,SKU0023,263,1014.0,29,1089
2024-04-22,SKU0023,31,1014.0,29,1089
2024-04-29,SKU0023,828,1263.0,29,1089
2024-05-06,SKU0023,571,1263.0,29,1089
2024-05-13,SKU0023,289,1263.0,29,1089
2024-05-20,SKU0023,8,1263.0,29,1089
2024-05-27,SKU0023,1098,0.0,29,1089
2024-06-03,SKU0023,817,1514.0,29,1089
2024-06-10,SKU0023,492,1514.0,29,1089
2024-06-17,SKU0023,161,1514.0,29,1089
2024-06-24,SKU0023,0,1514.0,29,1089
2024-07-01,SKU0023,1243,0.0,29,1089
2024-07-08,SKU0023,884,1931.0,29,1089
2024-07-15,SKU0023,506,1931.0,29,1089
2024-07-22,SKU0023,5,1931.0,29,1089
2024-07-29,SKU0023,0,1931.0,29,1089
2024-08-05,SKU0023,1729,0.0,29,1089
2024-08-12,SKU0023,1405,0.0,29,1089
2024-08-19,SKU0023,1067,1612.0,29,1089
2024-08-26,SKU0023,749,1612.0,29,1089
2024-09-02,SKU0023,448,1612.0,29,1089
2024-09-09,SKU0023,20,1612.0,29,1089
2024-09-16,SKU0023,0,1612.0,29,1089
2024-09-23,SKU0023,1324,0.0,29,1089
2024-09-30,SKU0023,1062,1325.0,29,1089
2024-10-07,SKU0023,815,1325.0,29,1089
2024-10-14,SKU0023,569,1325.0,29,1089
2024-10-21,SKU0023,361,1325.0,29,1089
2024-10-28,SKU0023,126,1325.0,29,1089
2024-11-04,SKU0023,1251,0.0,29,1089
2024-11-11,SKU0023,1053,1276.0,29,1089
2024-11-18,SKU0023,849,1276.0,29,1089
2024-11-25,SKU0023,661,1276.0,29,1089
2024-12-02,SKU0023,437,1276.0,29,1089
2024-12-09,SKU0023,1538,0.0,29,1089
2024-12-16,SKU0023,1368,0.0,29,1089
2024-12-23,SKU0023,1162,0.0,29,1089
2024-12-30,SKU0023,994,708.0,29,1089
2025-01-06,SKU0023,827,708.0,29,1089
2025-01-13,SKU0023,650,708.0,29,1089
2025-01-20,SKU0023,531,708.0,29,1089
2025-01-27,SKU0023,1107,0.0,29,1089
2025-02-03,SKU0023,951,688.0,29,1089
2025-02-10,SKU0023,825,688.0,29,1089
2025-02-17,SKU0023,687,688.0,29,1089
2025-02-24,SKU0023,548,688.0,29,1089
2025-03-03,SKU0023,1085,830.0,29,1089
2025-03-10,SKU0023,883,830.0,29,1089
2025-03-17,SKU0023,713,830.0,29,1089
2025-03-24,SKU0023,536,830.0,29,1089
2025-03-31,SKU0023,335,830.0,29,1089
2025-04-07,SKU0023,953,1064.0,29,1089
2025-04-14,SKU0023,592,1064.0,29,1089
2025-04-21,SKU0023,324,1064.0,29,1089
2025-04-28,SKU0023,55,1064.0,29,1089
2025-05-05,SKU0023,897,1315.0,29,1089
2025-05-12,SKU0023,636,1315.0,29,1089
2025-05-19,SKU0023,351,1315.0,29,1089
2025-05-26,SKU0023,53,1315.0,29,1089
2025-06-02,SKU0023,1166,0.0,29,1089
2025-06-09,SKU0023,851,1558.0,29,1089
2025-06-16,SKU0023,557,1558.0,29,1089
2025-06-23,SKU0023,238,1558.0,29,1089
2025-06-30,SKU0023,0,1558.0,29,1089
2025-07-07,SKU0023,1320,0.0,29,1089
2025-07-14,SKU0023,983,2211.0,29,1089
2025-07-21,SKU0023,456,2211.0,29,1089
2025-07-28,SKU0023,116,2211.0,29,1089
2025-08-04,SKU0023,0,2211.0,29,1089
2025-08-11,SKU0023,2116,0.0,29,1089
2025-08-18,SKU0023,1811,0.0,29,1089
2025-08-25,SKU0023,1504,0.0,29,1089
2025-09-01,SKU0023,1175,0.0,29,1089
2025-09-08,SKU0023,767,1523.0,29,1089
2025-09-15,SKU0023,410,1523.0,29,1089
2025-09-22,SKU0023,124,1523.0,29,1089
2025-09-29,SKU0023,0,1523.0,29,1089
2025-10-06,SKU0023,1382,0.0,29,1089
2025-10-13,SKU0023,1148,0.0,29,1089
2025-10-20,SKU0023,897,1196.0,29,1089
2025-10-27,SKU0023,666,1196.0,29,1089
2025-11-03,SKU0023,455,1196.0,29,1089
2025-11-10,SKU0023,236,1196.0,29,1089
2025-11-17,SKU0023,1246,0.0,29,1089
2025-11-24,SKU0023,1063,1149.0,29,1089
2025-12-01,SKU0023,815,1149.0,29,1089
2025-12-08,SKU0023,641,1149.0,29,1089
2025-12-15,SKU0023,460,1149.0,29,1089
2025-12-22,SKU0023,1378,0.0,29,1089
2025-12-29,SKU0023,1213,0.0,29,1089
2024-01-01,SKU0024,115,2185.0,22,442
2024-01-08,SKU0024,0,2185.0,22,442
2024-01-15,SKU0024,0,2185.0,22,442
2024-01-22,SKU0024,0,2185.0,22,442
2024-01-29,SKU0024,1834,0.0,22,442
2024-02-05,SKU0024,1489,0.0,22,442
2024-02-12,SKU0024,1170,0.0,22,442
2024-02-19,SKU0024,802,0.0,22,442
2024-02-26,SKU0024,479,0.0,22,442
2024-03-04,SKU0024,157,2124.0,22,442
2024-03-11,SKU0024,0,2124.0,22,442
2024-03-18,SKU0024,0,2124.0,22,442
2024-03-25,SKU0024,1849,0.0,22,442
2024-04-01,SKU0024,1517,0.0,22,442
2024-04-08,SKU0024,1229,0.0,22,442
2024-04-15,SKU0024,773,0.0,22,442
2024-04-22,SKU0024,479,0.0,22,442
2024-04-29,SKU0024,205,1758.0,22,442
2024-05-06,SKU0024,0,1758.0,22,442
2024-05-13,SKU0024,0,1758.0,22,442
2024-05-20,SKU0024,1531,0.0,22,442
2024-05-27,SKU0024,1282,0.0,22,442
2024-06-03,SKU0024,1048,0.0,22,442
2024-06-10,SKU0024,848,0.0,22,442
2024-06-17,SKU0024,636,0.0,22,442
2024-06-24,SKU0024,445,0.0,22,442
2024-07-01,SKU0024,240,1055.0,22,442
2024-07-08,SKU0024,69,1055.0,22,442
2024-07-15,SKU0024,0,1055.0,22,442
2024-07-22,SKU0024,875,0.0,22,442
2024-07-29,SKU0024,738,0.0,22,442
2024-08-05,SKU0024,609,0.0,22,442
2024-08-12,SKU0024,487,0.0,22,442
2024-08-19,SKU0024,357,766.0,22,442
2024-08-26,SKU0024,234,766.0,22,442
2024-09-02,SKU0024,114,766.0,22,442
2024-09-09,SKU0024,673,0.0,22,442
2024-09-16,SKU0024,529,0.0,22,442
2024-09-23,SKU0024,377,968.0,22,442
2024-09-30,SKU0024,222,968.0,22,442
2024-10-07,SKU0024,73,968.0,22,442
2024-10-14,SKU0024,923,0.0,22,442
2024-10-21,SKU0024,737,0.0,22,442
2024-10-28,SKU0024,551,0.0,22,442
2024-11-04,SKU0024,342,1238.0,22,442
2024-11-11,SKU0024,105,1238.0,22,442
2024-11-18,SKU0024,0,1238.0,22,442
2024-11-25,SKU0024,1107,0.0,22,442
2024-12-02,SKU0024,712,,22,442
2024-12-09,SKU0024,425,1676.0,22,442
2024-12-16,SKU0024,95,1676.0,22,442
2024-12-23,SKU0024,0,1676.0,22,442
2024-12-30,SKU0024,0,1676.0,22,442
2025-01-06,SKU0024,1261,0.0,22,442
2025-01-13,SKU0024,843,0.0,22,442
2025-01-20,SKU0024,472,0.0,22,442
2025-01-27,SKU0024,102,2049.0,22,442
2025-02-03,SKU0024,0,2049.0,22,442
2025-02-10,SKU0024,0,2049.0,22,442
2025-02-17,SKU0024,1754,0.0,22,442
2025-02-24,SKU0024,1401,0.0,22,442
2025-03-03,SKU0024,1064,0.0,22,442
2025-03-10,SKU0024,733,0.0,22,442
2025-03-17,SKU0024,349,,22,442
2025-03-24,SKU0024,2,2304.0,22,442
2025-03-31,SKU0024,0,2304.0,22,442
2025-04-07,SKU0024,2253,0.0,22,442
2025-04-14,SKU0024,1763,0.0,22,442
2025-04-21,SKU0024,1415,0.0,22,442
2025-04-28,SKU0024,1069,0.0,22,442
2025-05-05,SKU0024,806,0.0,22,442
2025-05-12,SKU0024,502,0.0,22,442
2025-05-19,SKU0024,287,1509.0,22,442
2025-05-26,SKU0024,56,1509.0,22,442
2025-06-02,SKU0024,0,1509.0,22,442
2025-06-09,SKU0024,1378,0.0,22,442
2025-06-16,SKU0024,1190,0.0,22,442
2025-06-23,SKU0024,996,0.0,22,442
2025-06-30,SKU0024,807,0.0,22,442
2025-07-07,SKU0024,631,0.0,22,442
2025-07-14,SKU0024,500,0.0,22,442
2025-07-21,SKU0024,238,1560.0,22,442
2025-07-28,SKU0024,100,1560.0,22,442
2025-08-04,SKU0024,0,1560.0,22,442
2025-08-11,SKU0024,1464,0.0,22,442
2025-08-18,SKU0024,1325,0.0,22,442
2025-08-25,SKU0024,1208,0.0,22,442
2025-09-01,SKU0024,1070,0.0,22,442
2025-09-08,SKU0024,882,0.0,22,442
2025-09-15,SKU0024,715,0.0,22,442
2025-09-22,SKU0024,568,0.0,22,442
2025-09-29,SKU0024,418,918.0,22,442
2025-10-06,SKU0024,252,918.0,22,442
2025-10-13,SKU0024,81,918.0,22,442
2025-10-20,SKU0024,0,918.0,22,442
2025-10-27,SKU0024,729,0.0,22,442
2025-11-03,SKU0024,516,0.0,22,442
2025-11-10,SKU0024,274,1281.0,22,442
2025-11-17,SKU0024,57,1281.0,22,442
2025-11-24,SKU0024,0,1281.0,22,442
2025-12-01,SKU0024,1026,0.0,22,442
2025-12-08,SKU0024,757,0.0,22,442
2025-12-15,SKU0024,454,0.0,22,442
2025-12-22,SKU0024,0,3103.0,22,442
2025-12-29,SKU0024,0,3103.0,22,442
2024-01-01,SKU0025,36,582.0,28,766
2024-01-08,SKU0025,0,582.0,28,766
2024-01-15,SKU0025,0,582.0,28,766
2024-01-22,SKU0025,0,582.0,28,766
2024-01-29,SKU0025,570,556.0,28,766
2024-02-05,SKU0025,481,556.0,28,766
2024-02-12,SKU0025,377,556.0,28,766
2024-02-19,SKU0025,290,556.0,28,766
2024-02-26,SKU0025,724,710.0,28,766
2024-03-04,SKU0025,610,710.0,28,766
2024-03-11,SKU0025,476,710.0,28,766
2024-03-18,SKU0025,342,710.0,28,766
2024-03-25,SKU0025,890,0.0,28,766
2024-04-01,SKU0025,713,1242.0,28,766
2024-04-08,SKU0025,522,1242.0,28,766
2024-04-15,SKU0025,278,1242.0,28,766
2024-04-22,SKU0025,82,1242.0,28,766
2024-04-29,SKU0025,1141,0.0,28,766
2024-05-06,SKU0025,914,0.0,28,766
2024-05-13,SKU0025,680,1684.0,28,766
2024-05-20,SKU0025,436,1684.0,28,766
2024-05-27,SKU0025,177,1684.0,28,766
2024-06-03,SKU0025,0,1684.0,28,766
2024-06-10,SKU0025,1575,0.0,28,766
2024-06-17,SKU0025,1268,0.0,28,766
2024-06-24,SKU0025,989,0.0,28,766
2024-07-01,SKU0025,707,1945.0,28,766
2024-07-08,SKU0025,462,1945.0,28,766
2024-07-15,SKU0025,194,1945.0,28,766
2024-07-22,SKU0025,0,1945.0,28,766
2024-07-29,SKU0025,1869,0.0,28,766
2024-08-05,SKU0025,1615,0.0,28,766
2024-08-12,SKU0025,1349,0.0,28,766
2024-08-19,SKU0025,1097,0.0,28,766
2024-08-26,SKU0025,878,0.0,28,766
2024-09-02,SKU0025,661,1307.0,28,766
2024-09-09,SKU0025,358,1307.0,28,766
2024-09-16,SKU0025,164,1307.0,28,766
2024-09-23,SKU0025,0,1307.0,28,766
2024-09-30,SKU0025,1209,0.0,28,766
2024-10-07,SKU0025,1038,0.0,28,766
2024-10-14,SKU0025,876,0.0,28,766
2024-10-21,SKU0025,739,1117.0,28,766
2024-10-28,SKU0025,580,1117.0,28,766
2024-11-04,SKU0025,465,1117.0,28,766
2024-11-11,SKU0025,354,1117.0,28,766
2024-11-18,SKU0025,1349,0.0,28,766
2024-11-25,SKU0025,1236,0.0,28,766
2024-12-02,SKU0025,1102,0.0,28,766
2024-12-09,SKU0025,1007,0.0,28,766
2024-12-16,SKU0025,911,0.0,28,766
2024-12-23,SKU0025,821,0.0,28,766
2024-12-30,SKU0025,726,520.0,28,766
2025-01-06,SKU0025,614,520.0,28,766
2025-01-13,SKU0025,510,520.0,28,766
2025-01-20,SKU0025,425,520.0,28,766
2025-01-27,SKU0025,856,0.0,28,766
2025-02-03,SKU0025,763,592.0,28,766
2025-02-10,SKU0025,661,592.0,28,766
2025-02-17,SKU0025,540,592.0,28,766
2025-02-24,SKU0025,411,592.0,28,766
2025-03-03,SKU0025,881,0.0,28,766
2025-03-10,SKU0025,725,1031.0,28,766
2025-03-17,SKU0025,587,1031.0,28,766
2025-03-24,SKU0025,440,1031.0,28,766
2025-03-31,SKU0025,254,1031.0,28,766
2025-04-07,SKU0025,1113,0.0,28,766
2025-04-14,SKU0025,850,0.0,28,766
2025-04-21,SKU0025,646,1156.0,28,766
2025-04-28,SKU0025,429,1156.0,28,766
2025-05-05,SKU0025,192,1156.0,28,766
2025-05-12,SKU0025,0,1156.0,28,766
2025-05-19,SKU0025,1012,0.0,28,766
2025-05-26,SKU0025,763,1432.0,28,766
2025-06-02,SKU0025,511,1432.0,28,766
2025-06-09,SKU0025,286,1432.0,28,766
2025-06-16,SKU0025,0,1432.0,28,766
2025-06-23,SKU0025,1393,0.0,28,766
2025-06-30,SKU0025,1126,0.0,28,766
2025-07-07,SKU0025,862,0.0,28,766
2025-07-14,SKU0025,605,1541.0,28,766
2025-07-21,SKU0025,203,1541.0,28,766
2025-07-28,SKU0025,0,1541.0,28,766
2025-08-04,SKU0025,0,1541.0,28,766
2025-08-11,SKU0025,1372,0.0,28,766
2025-08-18,SKU0025,1105,0.0,28,766
2025-08-25,SKU0025,849,0.0,28,766
2025-09-01,SKU0025,643,1326.0,28,766
2025-09-08,SKU0025,362,1326.0,28,766
2025-09-15,SKU0025,144,1326.0,28,766
2025-09-22,SKU0025,0,1326.0,28,766
2025-09-29,SKU0025,1198,0.0,28,766
2025-10-06,SKU0025,1023,0.0,28,766
2025-10-13,SKU0025,860,0.0,28,766
2025-10-20,SKU0025,696,1153.0,28,766
2025-10-27,SKU0025,562,1153.0,28,766
2025-11-03,SKU0025,421,1153.0,28,766
2025-11-10,SKU0025,299,1153.0,28,766
2025-11-17,SKU0025,1329,0.0,28,766
2025-11-24,SKU0025,1211,0.0,28,766
2025-12-01,SKU0025,1069,0.0,28,766
2025-12-08,SKU0025,988,0.0,28,766
2025-12-15,SKU0025,874,0.0,28,766
2025-12-22,SKU0025,730,1068.0,28,766
2025-12-29,SKU0025,647,1068.0,28,766
2024-01-01,SKU0026,8,1050.0,12,535
2024-01-08,SKU0026,0,1050.0,12,535
2024-01-15,SKU0026,890,0.0,12,535
2024-01-22,SKU0026,559,0.0,12,535
2024-01-29,SKU0026,196,1011.0,12,535
2024-02-05,SKU0026,908,0.0,12,535
2024-02-12,SKU0026,538,0.0,12,535
2024-02-19,SKU0026,161,1085.0,12,535
2024-02-26,SKU0026,969,0.0,12,535
2024-03-04,SKU0026,643,0.0,12,535
2024-03-11,SKU0026,297,1132.0,12,535
2024-03-18,SKU0026,0,1132.0,12,535
2024-03-25,SKU0026,768,0.0,12,535
2024-04-01,SKU0026,400,1502.0,12,535
2024-04-08,SKU0026,24,1502.0,12,535
2024-04-15,SKU0026,1056,0.0,12,535
2024-04-22,SKU0026,696,0.0,12,535
2024-04-29,SKU0026,352,1089.0,12,535
2024-05-06,SKU0026,37,1089.0,12,535
2024-05-13,SKU0026,784,0.0,12,535
2024-05-20,SKU0026,452,1333.0,12,535
2024-05-27,SKU0026,99,1333.0,12,535
2024-06-03,SKU0026,1119,0.0,12,535
2024-06-10,SKU0026,840,0.0,12,535
2024-06-17,SKU0026,567,0.0,12,535
2024-06-24,SKU0026,310,872.0,12,535
2024-07-01,SKU0026,913,0.0,12,535
2024-07-08,SKU0026,668,0.0,12,535
2024-07-15,SKU0026,400,997.0,12,535
2024-07-22,SKU0026,26,997.0,12,535
2024-07-29,SKU0026,841,0.0,12,535
2024-08-05,SKU0026,612,0.0,12,535
2024-08-12,SKU0026,411,652.0,12,535
2024-08-19,SKU0026,194,652.0,12,535
2024-08-26,SKU0026,641,0.0,12,535
2024-09-02,SKU0026,440,597.0,12,535
2024-09-09,SKU0026,161,,12,535
2024-09-16,SKU0026,531,580.0,12,535
2024-09-23,SKU0026,331,580.0,12,535
2024-09-30,SKU0026,717,0.0,12,535
2024-10-07,SKU0026,535,591.0,12,535
2024-10-14,SKU0026,333,591.0,12,535
2024-10-21,SKU0026,717,0.0,12,535
2024-10-28,SKU0026,513,637.0,12,535
2024-11-04,SKU0026,305,637.0,12,535
2024-11-11,SKU0026,679,0.0,12,535
2024-11-18,SKU0026,451,930.0,12,535
2024-11-25,SKU0026,185,930.0,12,535
2024-12-02,SKU0026,788,0.0,12,535
2024-12-09,SKU0026,532,806.0,12,535
2024-12-16,SKU0026,171,806.0,12,535
2024-12-23,SKU0026,675,0.0,12,535
2024-12-30,SKU0026,370,887.0,12,535
2025-01-06,SKU0026,0,887.0,12,535
2025-01-13,SKU0026,449,1276.0,12,535
2025-01-20,SKU0026,128,1276.0,12,535
2025-01-27,SKU0026,1067,0.0,12,535
2025-02-03,SKU0026,705,0.0,12,535
2025-02-10,SKU0026,319,1067.0,12,535
2025-02-17,SKU0026,0,1067.0,12,535
2025-02-24,SKU0026,759,0.0,12,535
2025-03-03,SKU0026,417,1481.0,12,535
2025-03-10,SKU0026,49,1481.0,12,535
2025-03-17,SKU0026,1210,0.0,12,535
2025-03-24,SKU0026,815,0.0,12,535
2025-03-31,SKU0026,461,1500.0,12,535
2025-04-07,SKU0026,91,1500.0,12,535
2025-04-14,SKU0026,1051,0.0,12,535
2025-04-21,SKU0026,659,0.0,12,535
2025-04-28,SKU0026,309,1092.0,12,535
2025-05-05,SKU0026,0,1092.0,12,535
2025-05-12,SKU0026,766,0.0,12,535
2025-05-19,SKU0026,388,1341.0,12,535
2025-05-26,SKU0026,50,1341.0,12,535
2025-06-02,SKU0026,1106,0.0,12,535
2025-06-09,SKU0026,796,0.0,12,535
2025-06-16,SKU0026,514,880.0,12,535
2025-06-23,SKU0026,208,880.0,12,535
2025-06-30,SKU0026,841,0.0,12,535
2025-07-07,SKU0026,599,0.0,12,535
2025-07-14,SKU0026,351,771.0,12,535
2025-07-21,SKU0026,736,0.0,12,535
2025-07-28,SKU0026,504,690.0,12,535
2025-08-04,SKU0026,303,690.0,12,535
2025-08-11,SKU0026,754,0.0,12,535
2025-08-18,SKU0026,547,0.0,12,535
2025-08-25,SKU0026,338,,12,535
2025-09-01,SKU0026,781,0.0,12,535
2025-09-08,SKU0026,457,1417.0,12,535
2025-09-15,SKU0026,232,1417.0,12,535
2025-09-22,SKU0026,1471,0.0,12,535
2025-09-29,SKU0026,1262,0.0,12,535
2025-10-06,SKU0026,1047,0.0,12,535
2025-10-13,SKU0026,840,0.0,12,535
2025-10-20,SKU0026,651,0.0,12,535
2025-10-27,SKU0026,438,828.0,12,535
2025-11-03,SKU0026,241,,12,535
2025-11-10,SKU0026,854,0.0,12,535
2025-11-17,SKU0026,619,0.0,12,535
2025-11-24,SKU0026,374,718.0,12,535
2025-12-01,SKU0026,7,718.0,12,535
2025-12-08,SKU0026,478,1049.0,12,535
2025-12-15,SKU0026,203,1049.0,12,535
2025-12-22,SKU0026,772,0.0,12,535
2025-12-29,SKU0026,474,1182.0,12,535
2024-01-01,SKU0027,0,1027.0,26,491
2024-01-08,SKU0027,0,1027.0,26,491
2024-01-15,SKU0027,0,1027.0,26,491
2024-01-22,SKU0027,0,1027.0,26,491
2024-01-29,SKU0027,950,0.0,26,491
2024-02-05,SKU0027,789,0.0,26,491
2024-02-12,SKU0027,638,0.0,26,491
2024-02-19,SKU0027,500,0.0,26,491
2024-02-26,SKU0027,350,995.0,26,491
2024-03-04,SKU0027,205,995.0,26,491
2024-03-11,SKU0027,53,995.0,26,491
2024-03-18,SKU0027,948,0.0,26,491
2024-03-25,SKU0027,809,0.0,26,491
2024-04-01,SKU0027,676,0.0,26,491
2024-04-08,SKU0027,529,0.0,26,491
2024-04-15,SKU0027,375,1281.0,26,491
2024-04-22,SKU0027,237,1281.0,26,491
2024-04-29,SKU0027,116,1281.0,26,491
2024-05-06,SKU0027,1277,0.0,26,491
2024-05-13,SKU0027,1148,0.0,26,491
2024-05-20,SKU0027,1028,0.0,26,491
2024-05-27,SKU0027,923,0.0,26,491
2024-06-03,SKU0027,805,0.0,26,491
2024-06-10,SKU0027,702,0.0,26,491
2024-06-17,SKU0027,600,0.0,26,491
2024-06-24,SKU0027,493,0.0,26,491
2024-07-01,SKU0027,397,,26,491
2024-07-08,SKU0027,299,679.0,26,491
2024-07-15,SKU0027,201,679.0,26,491
2024-07-22,SKU0027,758,0.0,26,491
2024-07-29,SKU0027,664,0.0,26,491
2024-08-05,SKU0027,592,0.0,26,491
2024-08-12,SKU0027,506,0.0,26,491
2024-08-19,SKU0027,419,561.0,26,491
2024-08-26,SKU0027,344,561.0,26,491
2024-09-02,SKU0027,254,561.0,26,491
2024-09-09,SKU0027,709,0.0,26,491
2024-09-16,SKU0027,611,0.0,26,491
2024-09-23,SKU0027,526,0.0,26,491
2024-09-30,SKU0027,443,578.0,26,491
2024-10-07,SKU0027,347,578.0,26,491
2024-10-14,SKU0027,262,578.0,26,491
2024-10-21,SKU0027,174,578.0,26,491
2024-10-28,SKU0027,648,0.0,26,491
2024-11-04,SKU0027,546,0.0,26,491
2024-11-11,SKU0027,444,699.0,26,491
2024-11-18,SKU0027,334,699.0,26,491
2024-11-25,SKU0027,209,699.0,26,491
2024-12-02,SKU0027,79,699.0,26,491
2024-12-09,SKU0027,681,0.0,26,491
2024-12-16,SKU0027,517,0.0,26,491
2024-12-23,SKU0027,355,1154.0,26,491
2024-12-30,SKU0027,206,1154.0,26,491
2025-01-06,SKU0027,62,1154.0,26,491
2025-01-13,SKU0027,1136,0.0,26,491
2025-01-20,SKU0027,998,0.0,26,491
2025-01-27,SKU0027,811,0.0,26,491
2025-02-03,SKU0027,647,0.0,26,491
2025-02-10,SKU0027,508,0.0,26,491
2025-02-17,SKU0027,365,990.0,26,491
2025-02-24,SKU0027,217,990.0,26,491
2025-03-03,SKU0027,60,990.0,26,491
2025-03-10,SKU0027,950,0.0,26,491
2025-03-17,SKU0027,801,0.0,26,491
2025-03-24,SKU0027,657,0.0,26,491
2025-03-31,SKU0027,525,0.0,26,491
2025-04-07,SKU0027,358,964.0,26,491
2025-04-14,SKU0027,181,964.0,26,491
2025-04-21,SKU0027,41,964.0,26,491
2025-04-28,SKU0027,941,0.0,26,491
2025-05-05,SKU0027,811,0.0,26,491
2025-05-12,SKU0027,669,0.0,26,491
2025-05-19,SKU0027,545,0.0,26,491
2025-05-26,SKU0027,432,804.0,26,491
2025-06-02,SKU0027,308,804.0,26,491
2025-06-09,SKU0027,178,804.0,26,491
2025-06-16,SKU0027,73,804.0,26,491
2025-06-23,SKU0027,778,0.0,26,491
2025-06-30,SKU0027,677,0.0,26,491
2025-07-07,SKU0027,583,0.0,26,491
2025-07-14,SKU0027,485,622.0,26,491
2025-07-21,SKU0027,366,622.0,26,491
2025-07-28,SKU0027,267,622.0,26,491
2025-08-04,SKU0027,189,622.0,26,491
2025-08-11,SKU0027,718,0.0,26,491
2025-08-18,SKU0027,643,0.0,26,491
2025-08-25,SKU0027,565,0.0,26,491
2025-09-01,SKU0027,479,636.0,26,491
2025-09-08,SKU0027,380,636.0,26,491
2025-09-15,SKU0027,285,636.0,26,491
2025-09-22,SKU0027,201,636.0,26,491
2025-09-29,SKU0027,766,0.0,26,491
2025-10-06,SKU0027,671,0.0,26,491
2025-10-13,SKU0027,588,0.0,26,491
2025-10-20,SKU0027,490,638.0,26,491
2025-10-27,SKU0027,387,638.0,26,491
2025-11-03,SKU0027,287,638.0,26,491
2025-11-10,SKU0027,193,638.0,26,491
2025-11-17,SKU0027,743,0.0,26,491
2025-11-24,SKU0027,640,0.0,26,491
2025-12-01,SKU0027,498,0.0,26,491
2025-12-08,SKU0027,366,792.0,26,491
2025-12-15,SKU0027,236,,26,491
2025-12-22,SKU0027,55,792.0,26,491
2025-12-29,SKU0027,755,0.0,26,491
2024-01-01,SKU0028,93,0.0,11,92
2024-01-08,SKU0028,9,144.0,11,92
2024-01-15,SKU0028,109,0.0,11,92
2024-01-22,SKU0028,48,141.0,11,92
2024-01-29,SKU0028,123,0.0,11,92
2024-02-05,SKU0028,53,135.0,11,92
2024-02-12,SKU0028,137,0.0,11,92
2024-02-19,SKU0028,73,147.0,11,92
2024-02-26,SKU0028,10,147.0,11,92
2024-03-04,SKU0028,97,0.0,11,92
2024-03-11,SKU0028,39,117.0,11,92
2024-03-18,SKU0028,96,0.0,11,92
2024-03-25,SKU0028,42,108.0,11,92
2024-04-01,SKU0028,108,0.0,11,92
2024-04-08,SKU0028,70,96.0,11,92
2024-04-15,SKU0028,104,0.0,11,92
2024-04-22,SKU0028,56,88.0,11,92
2024-04-29,SKU0028,105,0.0,11,92
2024-05-06,SKU0028,62,79.0,11,92
2024-05-13,SKU0028,104,0.0,11,92
2024-05-20,SKU0028,69,72.0,11,92
2024-05-27,SKU0028,113,0.0,11,92
2024-06-03,SKU0028,78,77.0,11,92
2024-06-10,SKU0028,47,77.0,11,92
2024-06-17,SKU0028,91,63.0,11,92
2024-06-24,SKU0028,54,63.0,11,92
2024-07-01,SKU0028,90,63.0,11,92
2024-07-08,SKU0028,61,63.0,11,92
2024-07-15,SKU0028,80,76.0,11,92
2024-07-22,SKU0028,42,76.0,11,92
2024-07-29,SKU0028,91,70.0,11,92
2024-08-05,SKU0028,55,,11,92
2024-08-12,SKU0028,84,88.0,11,92
2024-08-19,SKU0028,30,88.0,11,92
2024-08-26,SKU0028,85,97.0,11,92
2024-09-02,SKU0028,49,97.0,11,92
2024-09-09,SKU0028,84,143.0,11,92
2024-09-16,SKU0028,37,143.0,11,92
2024-09-23,SKU0028,137,0.0,11,92
2024-09-30,SKU0028,79,123.0,11,92
2024-10-07,SKU0028,20,123.0,11,92
2024-10-14,SKU0028,84,134.0,11,92
2024-10-21,SKU0028,28,134.0,11,92
2024-10-28,SKU0028,108,0.0,11,92
2024-11-04,SKU0028,39,126.0,11,92
2024-11-11,SKU0028,108,0.0,11,92
2024-11-18,SKU0028,39,134.0,11,92
2024-11-25,SKU0028,116,0.0,11,92
2024-12-02,SKU0028,33,212.0,11,92
2024-12-09,SKU0028,187,0.0,11,92
2024-12-16,SKU0028,104,0.0,11,92
2024-12-23,SKU0028,5,218.0,11,92
2024-12-30,SKU0028,188,0.0,11,92
2025-01-06,SKU0028,107,0.0,11,92
2025-01-13,SKU0028,16,216.0,11,92
2025-01-20,SKU0028,192,0.0,11,92
2025-01-27,SKU0028,115,0.0,11,92
2025-02-03,SKU0028,58,134.0,11,92
2025-02-10,SKU0028,121,0.0,11,92
2025-02-17,SKU0028,53,128.0,11,92
2025-02-24,SKU0028,124,0.0,11,92
2025-03-03,SKU0028,71,119.0,11,92
2025-03-10,SKU0028,5,119.0,11,92
2025-03-17,SKU0028,62,110.0,11,92
2025-03-24,SKU0028,108,0.0,11,92
2025-03-31,SKU0028,55,100.0,11,92
2025-04-07,SKU0028,104,0.0,11,92
2025-04-14,SKU0028,47,140.0,11,92
2025-04-21,SKU0028,146,0.0,11,92
2025-04-28,SKU0028,113,,11,92
2025-05-05,SKU0028,67,78.0,11,92
2025-05-12,SKU0028,109,0.0,11,92
2025-05-19,SKU0028,66,71.0,11,92
2025-05-26,SKU0028,98,0.0,11,92
2025-06-02,SKU0028,54,66.0,11,92
2025-06-09,SKU0028,88,63.0,11,92
2025-06-16,SKU0028,65,63.0,11,92
2025-06-23,SKU0028,87,62.0,11,92
2025-06-30,SKU0028,60,62.0,11,92
2025-07-07,SKU0028,87,72.0,11,92
2025-07-14,SKU0028,65,72.0,11,92
2025-07-21,SKU0028,85,101.0,11,92
2025-07-28,SKU0028,49,101.0,11,92
2025-08-04,SKU0028,122,0.0,11,92
2025-08-11,SKU0028,84,85.0,11,92
2025-08-18,SKU0028,58,85.0,11,92
2025-08-25,SKU0028,97,0.0,11,92
2025-09-01,SKU0028,65,83.0,11,92
2025-09-08,SKU0028,92,140.0,11,92
2025-09-15,SKU0028,50,140.0,11,92
2025-09-22,SKU0028,146,0.0,11,92
2025-09-29,SKU0028,89,105.0,11,92
2025-10-06,SKU0028,23,105.0,11,92
2025-10-13,SKU0028,75,132.0,11,92
2025-10-20,SKU0028,22,132.0,11,92
2025-10-27,SKU0028,102,0.0,11,92
2025-11-03,SKU0028,21,124.0,11,92
2025-11-10,SKU0028,93,0.0,11,92
2025-11-17,SKU0028,19,131.0,11,92
2025-11-24,SKU0028,102,0.0,11,92
2025-12-01,SKU0028,25,209.0,11,92
2025-12-08,SKU0028,171,0.0,11,92
2025-12-15,SKU0028,105,0.0,11,92
2025-12-22,SKU0028,0,216.0,11,92
2025-12-29,SKU0028,182,0.0,11,92
2025-05-19,SKU0029,1,132.0,17,113
2025-05-26,SKU0029,0,132.0,17,113
2025-06-02,SKU0029,106,148.0,17,113
2025-06-09,SKU0029,51,148.0,17,113
2025-06-16,SKU0029,7,148.0,17,113
2025-06-23,SKU0029,112,136.0,17,113
2025-06-30,SKU0029,76,,17,113
2025-07-07,SKU0029,32,136.0,17,113
2025-07-14,SKU0029,128,0.0,17,113
2025-07-21,SKU0029,71,180.0,17,113
2025-07-28,SKU0029,36,180.0,17,113
2025-08-04,SKU0029,186,0.0,17,113
2025-08-11,SKU0029,144,0.0,17,113
2025-08-18,SKU0029,115,0.0,17,113
2025-08-25,SKU0029,84,126.0,17,113
2025-09-01,SKU0029,50,126.0,17,113
2025-09-08,SKU0029,134,0.0,17,113
2025-09-15,SKU0029,85,161.0,17,113
2025-09-22,SKU0029,49,161.0,17,113
2025-09-29,SKU0029,166,0.0,17,113
2025-10-06,SKU0029,136,0.0,17,113
2025-10-13,SKU0029,103,118.0,17,113
2025-10-20,SKU0029,60,118.0,17,113
2025-10-27,SKU0029,16,118.0,17,113
2025-11-03,SKU0029,96,112.0,17,113
2025-11-10,SKU0029,66,112.0,17,113
2025-11-17,SKU0029,40,112.0,17,113
2025-11-24,SKU0029,117,0.0,17,113
2025-12-01,SKU0029,81,131.0,17,113
2025-12-08,SKU0029,58,131.0,17,113
2025-12-15,SKU0029,162,0.0,17,113
2025-12-22,SKU0029,122,0.0,17,113
2025-12-29,SKU0029,91,95.0,17,113
2024-01-01,SKU0030,130,1606.0,26,979
2024-01-08,SKU0030,0,1606.0,26,979
2024-01-15,SKU0030,0,1606.0,26,979
2024-01-22,SKU0030,0,1606.0,26,979
2024-01-29,SKU0030,1478,0.0,26,979
2024-02-05,SKU0030,1168,0.0,26,979
2024-02-12,SKU0030,890,1699.0,26,979
2024-02-19,SKU0030,633,1699.0,26,979
2024-02-26,SKU0030,360,1699.0,26,979
2024-03-04,SKU0030,54,1699.0,26,979
2024-03-11,SKU0030,1471,0.0,26,979
2024-03-18,SKU0030,1190,0.0,26,979
2024-03-25,SKU0030,908,1627.0,26,979
2024-04-01,SKU0030,618,1627.0,26,979
2024-04-08,SKU0030,361,1627.0,26,979
2024-04-15,SKU0030,0,1627.0,26,979
2024-04-22,SKU0030,1432,0.0,26,979
2024-04-29,SKU0030,1173,0.0,26,979
2024-05-06,SKU0030,935,1409.0,26,979
2024-05-13,SKU0030,734,1409.0,26,979
2024-05-20,SKU0030,509,1409.0,26,979
2024-05-27,SKU0030,290,1409.0,26,979
2024-06-03,SKU0030,1486,0.0,26,979
2024-06-10,SKU0030,1281,0.0,26,979
2024-06-17,SKU0030,1085,0.0,26,979
2024-06-24,SKU0030,912,1135.0,26,979
2024-07-01,SKU0030,711,1135.0,26,979
2024-07-08,SKU0030,514,1135.0,26,979
2024-07-15,SKU0030,317,,26,979
2024-07-22,SKU0030,1188,0.0,26,979
2024-07-29,SKU0030,1007,0.0,26,979
2024-08-05,SKU0030,851,878.0,26,979
2024-08-12,SKU0030,687,878.0,26,979
2024-08-19,SKU0030,524,878.0,26,979
2024-08-26,SKU0030,1213,0.0,26,979
2024-09-02,SKU0030,1050,0.0,26,979
2024-09-09,SKU0030,831,1475.0,26,979
2024-09-16,SKU0030,617,1475.0,26,979
2024-09-23,SKU0030,431,1475.0,26,979
2024-09-30,SKU0030,252,1475.0,26,979
2024-10-07,SKU0030,1520,0.0,26,979
2024-10-14,SKU0030,1318,0.0,26,979
2024-10-21,SKU0030,1123,0.0,26,979
2024-10-28,SKU0030,908,1240.0,26,979
2024-11-04,SKU0030,696,,26,979
2024-11-11,SKU0030,474,1240.0,26,979
2024-11-18,SKU0030,250,1240.0,26,979
2024-11-25,SKU0030,1235,0.0,26,979
2024-12-02,SKU0030,945,,26,979
2024-12-09,SKU0030,710,1455.0,26,979
2024-12-16,SKU0030,439,1455.0,26,979
2024-12-23,SKU0030,96,1455.0,26,979
2024-12-30,SKU0030,1311,0.0,26,979
2025-01-06,SKU0030,982,0.0,26,979
2025-01-13,SKU0030,625,2360.0,26,979
2025-01-20,SKU0030,320,2360.0,26,979
2025-01-27,SKU0030,7,2360.0,26,979
2025-02-03,SKU0030,2267,0.0,26,979
2025-02-10,SKU0030,1994,0.0,26,979
2025-02-17,SKU0030,1718,0.0,26,979
2025-02-24,SKU0030,1449,0.0,26,979
2025-03-03,SKU0030,1205,0.0,26,979
2025-03-10,SKU0030,902,1674.0,26,979
2025-03-17,SKU0030,598,1674.0,26,979
2025-03-24,SKU0030,347,1674.0,26,979
2025-03-31,SKU0030,48,1674.0,26,979
2025-04-07,SKU0030,1518,0.0,26,979
2025-04-14,SKU0030,1097,0.0,26,979
2025-04-21,SKU0030,813,1320.0,26,979
2025-04-28,SKU0030,551,1320.0,26,979
2025-05-05,SKU0030,320,1320.0,26,979
2025-05-12,SKU0030,56,1320.0,26,979
2025-05-19,SKU0030,1154,0.0,26,979
2025-05-26,SKU0030,936,1293.0,26,979
2025-06-02,SKU0030,745,1293.0,26,979
2025-06-09,SKU0030,544,1293.0,26,979
2025-06-16,SKU0030,335,1293.0,26,979
2025-06-23,SKU0030,1437,0.0,26,979
2025-06-30,SKU0030,1254,0.0,26,979
2025-07-07,SKU0030,1048,0.0,26,979
2025-07-14,SKU0030,864,927.0,26,979
2025-07-21,SKU0030,584,927.0,26,979
2025-07-28,SKU0030,410,927.0,26,979
2025-08-04,SKU0030,253,927.0,26,979
2025-08-11,SKU0030,986,0.0,26,979
2025-08-18,SKU0030,829,872.0,26,979
2025-08-25,SKU0030,652,872.0,26,979
2025-09-01,SKU0030,477,872.0,26,979
2025-09-08,SKU0030,1093,0.0,26,979
2025-09-15,SKU0030,878,909.0,26,979
2025-09-22,SKU0030,693,909.0,26,979
2025-09-29,SKU0030,482,909.0,26,979
2025-10-06,SKU0030,291,909.0,26,979
2025-10-13,SKU0030,1027,0.0,26,979
2025-10-20,SKU0030,815,1030.0,26,979
2025-10-27,SKU0030,581,1030.0,26,979
2025-11-03,SKU0030,386,1030.0,26,979
2025-11-10,SKU0030,1190,0.0,26,979
2025-11-17,SKU0030,960,1198.0,26,979
2025-11-24,SKU0030,747,1198.0,26,979
2025-12-01,SKU0030,432,1198.0,26,979
2025-12-08,SKU0030,147,1198.0,26,979
2025-12-15,SKU0030,1073,0.0,26,979
2025-12-22,SKU0030,677,2233.0,26,979
2025-12-29,SKU0030,396,2233.0,26,979
2024-01-01,SKU0031,109,513.0,19,187
2024-01-08,SKU0031,0,513.0,19,187
2024-01-15,SKU0031,0,513.0,19,187
2024-01-22,SKU0031,459,0.0,19,187
2024-01-29,SKU0031,367,0.0,19,187
2024-02-05,SKU0031,256,0.0,19,187
2024-02-12,SKU0031,128,528.0,19,187
2024-02-19,SKU0031,19,528.0,19,187
2024-02-26,SKU0031,0,528.0,19,187
2024-03-04,SKU0031,431,0.0,19,187
2024-03-11,SKU0031,321,0.0,19,187
2024-03-18,SKU0031,211,0.0,19,187
2024-03-25,SKU0031,75,540.0,19,187
2024-04-01,SKU0031,0,540.0,19,187
2024-04-08,SKU0031,529,0.0,19,187
2024-04-15,SKU0031,344,,19,187
2024-04-22,SKU0031,230,0.0,19,187
2024-04-29,SKU0031,127,482.0,19,187
2024-05-06,SKU0031,19,482.0,19,187
2024-05-13,SKU0031,0,482.0,19,187
2024-05-20,SKU0031,408,0.0,19,187
2024-05-27,SKU0031,318,0.0,19,187
2024-06-03,SKU0031,220,0.0,19,187
2024-06-10,SKU0031,157,361.0,19,187
2024-06-17,SKU0031,82,361.0,19,187
2024-06-24,SKU0031,3,361.0,19,187
2024-07-01,SKU0031,304,0.0,19,187
2024-07-08,SKU0031,250,0.0,19,187
2024-07-15,SKU0031,179,291.0,19,187
2024-07-22,SKU0031,93,291.0,19,187
2024-07-29,SKU0031,38,291.0,19,187
2024-08-05,SKU0031,270,0.0,19,187
2024-08-12,SKU0031,218,0.0,19,187
2024-08-19,SKU0031,174,226.0,19,187
2024-08-26,SKU0031,129,226.0,19,187
2024-09-02,SKU0031,75,226.0,19,187
2024-09-09,SKU0031,236,0.0,19,187
2024-09-16,SKU0031,190,0.0,19,187
2024-09-23,SKU0031,154,196.0,19,187
2024-09-30,SKU0031,118,196.0,19,187
2024-10-07,SKU0031,264,0.0,19,187
2024-10-14,SKU0031,219,0.0,19,187
2024-10-21,SKU0031,164,276.0,19,187
2024-10-28,SKU0031,107,276.0,19,187
2024-11-04,SKU0031,57,276.0,19,187
2024-11-11,SKU0031,277,0.0,19,187
2024-11-18,SKU0031,209,0.0,19,187
2024-11-25,SKU0031,105,327.0,19,187
2024-12-02,SKU0031,0,327.0,19,187
2024-12-09,SKU0031,322,0.0,19,187
2024-12-16,SKU0031,212,0.0,19,187
2024-12-23,SKU0031,56,792.0,19,187
2024-12-30,SKU0031,0,792.0,19,187
2025-01-06,SKU0031,742,0.0,19,187
2025-01-13,SKU0031,605,0.0,19,187
2025-01-20,SKU0031,503,0.0,19,187
2025-01-27,SKU0031,380,0.0,19,187
2025-02-03,SKU0031,265,,19,187
2025-02-10,SKU0031,169,606.0,19,187
2025-02-17,SKU0031,62,606.0,19,187
2025-02-24,SKU0031,0,606.0,19,187
2025-03-03,SKU0031,538,0.0,19,187
2025-03-10,SKU0031,420,0.0,19,187
2025-03-17,SKU0031,311,0.0,19,187
2025-03-24,SKU0031,195,0.0,19,187
2025-03-31,SKU0031,89,539.0,19,187
2025-04-07,SKU0031,0,,19,187
2025-04-14,SKU0031,494,0.0,19,187
2025-04-21,SKU0031,370,0.0,19,187
2025-04-28,SKU0031,266,0.0,19,187
2025-05-05,SKU0031,174,527.0,19,187
2025-05-12,SKU0031,88,527.0,19,187
2025-05-19,SKU0031,0,527.0,19,187
2025-05-26,SKU0031,479,0.0,19,187
2025-06-02,SKU0031,390,0.0,19,187
2025-06-09,SKU0031,304,0.0,19,187
2025-06-16,SKU0031,228,0.0,19,187
2025-06-23,SKU0031,176,363.0,19,187
2025-06-30,SKU0031,106,363.0,19,187
2025-07-07,SKU0031,42,363.0,19,187
2025-07-14,SKU0031,351,0.0,19,187
2025-07-21,SKU0031,229,0.0,19,187
2025-07-28,SKU0031,171,267.0,19,187
2025-08-04,SKU0031,131,267.0,19,187
2025-08-11,SKU0031,78,267.0,19,187
2025-08-18,SKU0031,272,0.0,19,187
2025-08-25,SKU0031,233,0.0,19,187
2025-09-01,SKU0031,191,0.0,19,187
2025-09-08,SKU0031,119,195.0,19,187
2025-09-15,SKU0031,70,195.0,19,187
2025-09-22,SKU0031,221,0.0,19,187
2025-09-29,SKU0031,169,238.0,19,187
2025-10-06,SKU0031,127,238.0,19,187
2025-10-13,SKU0031,70,238.0,19,187
2025-10-20,SKU0031,262,0.0,19,187
2025-10-27,SKU0031,203,0.0,19,187
2025-11-03,SKU0031,135,270.0,19,187
2025-11-10,SKU0031,69,270.0,19,187
2025-11-17,SKU0031,271,0.0,19,187
2025-11-24,SKU0031,197,0.0,19,187
2025-12-01,SKU0031,71,670.0,19,187
2025-12-08,SKU0031,0,670.0,19,187
2025-12-15,SKU0031,636,0.0,19,187
2025-12-22,SKU0031,477,0.0,19,187
2025-12-29,SKU0031,354,0.0,19,187
2024-01-01,SKU0032,59,150.0,9,103
2024-01-08,SKU0032,0,150.0,9,103
2024-01-15,SKU0032,75,176.0,9,103
2024-01-22,SKU0032,189,0.0,9,103
2024-01-29,SKU0032,103,164.0,9,103
2024-02-05,SKU0032,14,164.0,9,103
2024-02-12,SKU0032,86,225.0,9,103
2024-02-19,SKU0032,0,225.0,9,103
2024-02-26,SKU0032,142,0.0,9,103
2024-03-04,SKU0032,43,211.0,9,103
2024-03-11,SKU0032,181,0.0,9,103
2024-03-18,SKU0032,64,285.0,9,103
2024-03-25,SKU0032,275,0.0,9,103
2024-04-01,SKU0032,141,0.0,9,103
2024-04-08,SKU0032,28,255.0,9,103
2024-04-15,SKU0032,183,0.0,9,103
2024-04-22,SKU0032,37,331.0,9,103
2024-04-29,SKU0032,318,0.0,9,103
2024-05-06,SKU0032,166,0.0,9,103
2024-05-13,SKU0032,12,279.0,9,103
2024-05-20,SKU0032,232,0.0,9,103
2024-05-27,SKU0032,103,279.0,9,103
2024-06-03,SKU0032,0,279.0,9,103
2024-06-10,SKU0032,161,0.0,9,103
2024-06-17,SKU0032,12,272.0,9,103
2024-06-24,SKU0032,213,0.0,9,103
2024-07-01,SKU0032,90,258.0,9,103
2024-07-08,SKU0032,0,258.0,9,103
2024-07-15,SKU0032,151,0.0,9,103
2024-07-22,SKU0032,12,323.0,9,103
2024-07-29,SKU0032,278,0.0,9,103
2024-08-05,SKU0032,173,0.0,9,103
2024-08-12,SKU0032,53,254.0,9,103
2024-08-19,SKU0032,241,0.0,9,103
2024-08-26,SKU0032,166,0.0,9,103
2024-09-02,SKU0032,74,216.0,9,103
2024-09-09,SKU0032,196,0.0,9,103
2024-09-16,SKU0032,103,153.0,9,103
2024-09-23,SKU0032,30,153.0,9,103
2024-09-30,SKU0032,126,0.0,9,103
2024-10-07,SKU0032,53,133.0,9,103
2024-10-14,SKU0032,133,0.0,9,103
2024-10-21,SKU0032,85,146.0,9,103
2024-10-28,SKU0032,181,0.0,9,103
2024-11-04,SKU0032,121,0.0,9,103
2024-11-11,SKU0032,70,108.0,9,103
2024-11-18,SKU0032,125,0.0,9,103
2024-11-25,SKU0032,73,107.0,9,103
2024-12-02,SKU0032,126,0.0,9,103
2024-12-09,SKU0032,81,111.0,9,103
2024-12-16,SKU0032,127,0.0,9,103
2024-12-23,SKU0032,65,160.0,9,103
2024-12-30,SKU0032,169,0.0,9,103
2025-01-06,SKU0032,91,223.0,9,103
2025-01-13,SKU0032,20,223.0,9,103
2025-01-20,SKU0032,171,,9,103
2025-01-27,SKU0032,114,0.0,9,103
2025-02-03,SKU0032,47,164.0,9,103
2025-02-10,SKU0032,140,0.0,9,103
2025-02-17,SKU0032,47,186.0,9,103
2025-02-24,SKU0032,147,0.0,9,103
2025-03-03,SKU0032,37,207.0,9,103
2025-03-10,SKU0032,150,0.0,9,103
2025-03-17,SKU0032,18,227.0,9,103
2025-03-24,SKU0032,172,0.0,9,103
2025-03-31,SKU0032,47,304.0,9,103
2025-04-07,SKU0032,288,0.0,9,103
2025-04-14,SKU0032,126,0.0,9,103
2025-04-21,SKU0032,17,265.0,9,103
2025-04-28,SKU0032,182,0.0,9,103
2025-05-05,SKU0032,27,275.0,9,103
2025-05-12,SKU0032,235,0.0,9,103
2025-05-19,SKU0032,86,279.0,9,103
2025-05-26,SKU0032,0,279.0,9,103
2025-06-02,SKU0032,136,0.0,9,103
2025-06-09,SKU0032,11,275.0,9,103
2025-06-16,SKU0032,193,0.0,9,103
2025-06-23,SKU0032,61,327.0,9,103
2025-06-30,SKU0032,304,0.0,9,103
2025-07-07,SKU0032,184,0.0,9,103
2025-07-14,SKU0032,83,300.0,9,103
2025-07-21,SKU0032,0,300.0,9,103
2025-07-28,SKU0032,183,0.0,9,103
2025-08-04,SKU0032,76,267.0,9,103
2025-08-11,SKU0032,255,0.0,9,103
2025-08-18,SKU0032,151,0.0,9,103
2025-08-25,SKU0032,69,229.0,9,103
2025-09-01,SKU0032,221,0.0,9,103
2025-09-08,SKU0032,118,0.0,9,103
2025-09-15,SKU0032,23,218.0,9,103
2025-09-22,SKU0032,156,0.0,9,103
2025-09-29,SKU0032,99,136.0,9,103
2025-10-06,SKU0032,33,136.0,9,103
2025-10-13,SKU0032,106,0.0,9,103
2025-10-20,SKU0032,44,121.0,9,103
2025-10-27,SKU0032,104,0.0,9,103
2025-11-03,SKU0032,56,111.0,9,103
2025-11-10,SKU0032,114,0.0,9,103
2025-11-17,SKU0032,72,106.0,9,103
2025-11-24,SKU0032,119,0.0,9,103
2025-12-01,SKU0032,49,144.0,9,103
2025-12-08,SKU0032,143,0.0,9,103
2025-12-15,SKU0032,87,140.0,9,103
2025-12-22,SKU0032,0,140.0,9,103
2025-12-29,SKU0032,81,153.0,9,103
2024-01-01,SKU0033,128,485.0,24,222
2024-01-08,SKU0033,0,485.0,24,222
2024-01-15,SKU0033,0,485.0,24,222
2024-01-22,SKU0033,0,485.0,24,222
2024-01-29,SKU0033,426,0.0,24,222
2024-02-05,SKU0033,330,0.0,24,222
2024-02-12,SKU0033,247,0.0,24,222
2024-02-19,SKU0033,169,349.0,24,222
2024-02-26,SKU0033,88,349.0,24,222
2024-03-04,SKU0033,9,349.0,24,222
2024-03-11,SKU0033,328,0.0,24,222
2024-03-18,SKU0033,254,0.0,24,222
2024-03-25,SKU0033,199,314.0,24,222
2024-04-01,SKU0033,135,314.0,24,222
2024-04-08,SKU0033,73,314.0,24,222
2024-04-15,SKU0033,0,314.0,24,222
2024-04-22,SKU0033,262,0.0,24,222
2024-04-29,SKU0033,217,235.0,24,222
2024-05-06,SKU0033,163,235.0,24,222
2024-05-13,SKU0033,120,235.0,24,222
2024-05-20,SKU0033,80,235.0,24,222
2024-05-27,SKU0033,274,0.0,24,222
2024-06-03,SKU0033,233,0.0,24,222
2024-06-10,SKU0033,184,171.0,24,222
2024-06-17,SKU0033,141,171.0,24,222
2024-06-24,SKU0033,86,171.0,24,222
2024-07-01,SKU0033,214,213.0,24,222
2024-07-08,SKU0033,164,,24,222
2024-07-15,SKU0033,116,213.0,24,222
2024-07-22,SKU0033,40,213.0,24,222
2024-07-29,SKU0033,196,256.0,24,222
2024-08-05,SKU0033,140,256.0,24,222
2024-08-12,SKU0033,77,256.0,24,222
2024-08-19,SKU0033,21,256.0,24,222
2024-08-26,SKU0033,218,278.0,24,222
2024-09-02,SKU0033,141,278.0,24,222
2024-09-09,SKU0033,39,278.0,24,222
2024-09-16,SKU0033,0,278.0,24,222
2024-09-23,SKU0033,219,340.0,24,222
2024-09-30,SKU0033,135,340.0,24,222
2024-10-07,SKU0033,45,340.0,24,222
2024-10-14,SKU0033,0,340.0,24,222
2024-10-21,SKU0033,264,0.0,24,222
2024-10-28,SKU0033,179,400.0,24,222
2024-11-04,SKU0033,70,400.0,24,222
2024-11-11,SKU0033,0,400.0,24,222
2024-11-18,SKU0033,386,0.0,24,222
2024-11-25,SKU0033,263,0.0,24,222
2024-12-02,SKU0033,132,730.0,24,222
2024-12-09,SKU0033,13,730.0,24,222
2024-12-16,SKU0033,0,730.0,24,222
2024-12-23,SKU0033,693,0.0,24,222
2024-12-30,SKU0033,573,0.0,24,222
2025-01-06,SKU0033,415,,24,222
2025-01-13,SKU0033,270,0.0,24,222
2025-01-20,SKU0033,173,400.0,24,222
2025-01-27,SKU0033,65,400.0,24,222
2025-02-03,SKU0033,0,400.0,24,222
2025-02-10,SKU0033,390,0.0,24,222
2025-02-17,SKU0033,303,0.0,24,222
2025-02-24,SKU0033,222,326.0,24,222
2025-03-03,SKU0033,137,326.0,24,222
2025-03-10,SKU0033,58,326.0,24,222
2025-03-17,SKU0033,0,326.0,24,222
2025-03-24,SKU0033,274,0.0,24,222
2025-03-31,SKU0033,220,249.0,24,222
2025-04-07,SKU0033,150,249.0,24,222
2025-04-14,SKU0033,61,249.0,24,222
2025-04-21,SKU0033,4,249.0,24,222
2025-04-28,SKU0033,208,238.0,24,222
2025-05-05,SKU0033,147,238.0,24,222
2025-05-12,SKU0033,90,238.0,24,222
2025-05-19,SKU0033,52,238.0,24,222
2025-05-26,SKU0033,240,0.0,24,222
2025-06-02,SKU0033,197,171.0,24,222
2025-06-09,SKU0033,162,171.0,24,222
2025-06-16,SKU0033,120,171.0,24,222
2025-06-23,SKU0033,242,0.0,24,222
2025-06-30,SKU0033,204,178.0,24,222
2025-07-07,SKU0033,140,178.0,24,222
2025-07-14,SKU0033,79,178.0,24,222
2025-07-21,SKU0033,169,349.0,24,222
2025-07-28,SKU0033,130,349.0,24,222
2025-08-04,SKU0033,75,349.0,24,222
2025-08-11,SKU0033,26,349.0,24,222
2025-08-18,SKU0033,295,0.0,24,222
2025-08-25,SKU0033,226,0.0,24,222
2025-09-01,SKU0033,154,277.0,24,222
2025-09-08,SKU0033,68,277.0,24,222
2025-09-15,SKU0033,0,,24,222
2025-09-22,SKU0033,222,337.0,24,222
2025-09-29,SKU0033,153,337.0,24,222
2025-10-06,SKU0033,83,337.0,24,222
2025-10-13,SKU0033,0,337.0,24,222
2025-10-20,SKU0033,266,0.0,24,222
2025-10-27,SKU0033,180,398.0,24,222
2025-11-03,SKU0033,86,398.0,24,222
2025-11-10,SKU0033,0,398.0,24,222
2025-11-17,SKU0033,388,0.0,24,222
2025-11-24,SKU0033,295,0.0,24,222
2025-12-01,SKU0033,140,728.0,24,222
2025-12-08,SKU0033,24,728.0,24,222
2025-12-15,SKU0033,0,728.0,24,222
2025-12-22,SKU0033,685,0.0,24,222
2025-12-29,SKU0033,576,0.0,24,222
2024-01-01,SKU0034,82,1284.0,18,731
2024-01-08,SKU0034,0,1284.0,18,731
2024-01-15,SKU0034,0,1284.0,18,731
2024-01-22,SKU0034,1099,0.0,18,731
2024-01-29,SKU0034,810,0.0,18,731
2024-02-05,SKU0034,504,1186.0,18,731
2024-02-12,SKU0034,182,1186.0,18,731
2024-02-19,SKU0034,1146,0.0,18,731
2024-02-26,SKU0034,796,0.0,18,731
2024-03-04,SKU0034,486,1201.0,18,731
2024-03-11,SKU0034,161,1201.0,18,731
2024-03-18,SKU0034,1103,0.0,18,731
2024-03-25,SKU0034,758,0.0,18,731
2024-04-01,SKU0034,455,1168.0,18,731
2024-04-08,SKU0034,159,1168.0,18,731
2024-04-15,SKU0034,948,0.0,18,731
2024-04-22,SKU0034,662,1514.0,18,731
2024-04-29,SKU0034,377,1514.0,18,731
2024-05-06,SKU0034,89,1514.0,18,731
2024-05-13,SKU0034,1315,0.0,18,731
2024-05-20,SKU0034,1056,0.0,18,731
2024-05-27,SKU0034,808,0.0,18,731
2024-06-03,SKU0034,528,956.0,18,731
2024-06-10,SKU0034,255,956.0,18,731
2024-06-17,SKU0034,958,0.0,18,731
2024-06-24,SKU0034,756,0.0,18,731
2024-07-01,SKU0034,540,863.0,18,731
2024-07-08,SKU0034,294,863.0,18,731
2024-07-15,SKU0034,913,0.0,18,731
2024-07-22,SKU0034,581,1461.0,18,731
2024-07-29,SKU0034,370,,18,731
2024-08-05,SKU0034,146,1461.0,18,731
2024-08-12,SKU0034,1402,0.0,18,731
2024-08-19,SKU0034,1198,0.0,18,731
2024-08-26,SKU0034,976,0.0,18,731
2024-09-02,SKU0034,771,0.0,18,731
2024-09-09,SKU0034,437,1396.0,18,731
2024-09-16,SKU0034,213,1396.0,18,731
2024-09-23,SKU0034,1387,0.0,18,731
2024-09-30,SKU0034,1182,0.0,18,731
2024-10-07,SKU0034,965,0.0,18,731
2024-10-14,SKU0034,754,0.0,18,731
2024-10-21,SKU0034,547,839.0,18,731
2024-10-28,SKU0034,293,839.0,18,731
2024-11-04,SKU0034,907,0.0,18,731
2024-11-11,SKU0034,666,1274.0,18,731
2024-11-18,SKU0034,407,1274.0,18,731
2024-11-25,SKU0034,107,1274.0,18,731
2024-12-02,SKU0034,1019,0.0,18,731
2024-12-09,SKU0034,753,0.0,18,731
2024-12-16,SKU0034,437,1045.0,18,731
2024-12-23,SKU0034,57,,18,731
2024-12-30,SKU0034,955,0.0,18,731
2025-01-06,SKU0034,559,1548.0,18,731
2025-01-13,SKU0034,169,1548.0,18,731
2025-01-20,SKU0034,0,1548.0,18,731
2025-01-27,SKU0034,1244,0.0,18,731
2025-02-03,SKU0034,929,0.0,18,731
2025-02-10,SKU0034,609,1641.0,18,731
2025-02-17,SKU0034,295,1641.0,18,731
2025-02-24,SKU0034,0,1641.0,18,731
2025-03-03,SKU0034,1375,0.0,18,731
2025-03-10,SKU0034,1059,0.0,18,731
2025-03-17,SKU0034,761,0.0,18,731
2025-03-24,SKU0034,463,1178.0,18,731
2025-03-31,SKU0034,127,1178.0,18,731
2025-04-07,SKU0034,1043,0.0,18,731
2025-04-14,SKU0034,599,2829.0,18,731
2025-04-21,SKU0034,236,2829.0,18,731
2025-04-28,SKU0034,0,2829.0,18,731
2025-05-05,SKU0034,2613,0.0,18,731
2025-05-12,SKU0034,2343,0.0,18,731
2025-05-19,SKU0034,2065,0.0,18,731
2025-05-26,SKU0034,1824,0.0,18,731
2025-06-02,SKU0034,1561,0.0,18,731
2025-06-09,SKU0034,1312,0.0,18,731
2025-06-16,SKU0034,1070,,18,731
2025-06-23,SKU0034,830,0.0,18,731
2025-06-30,SKU0034,592,852.0,18,731
2025-07-07,SKU0034,336,852.0,18,731
2025-07-14,SKU0034,114,852.0,18,731
2025-07-21,SKU0034,583,,18,731
2025-07-28,SKU0034,361,2001.0,18,731
2025-08-04,SKU0034,154,2001.0,18,731
2025-08-11,SKU0034,1940,0.0,18,731
2025-08-18,SKU0034,1689,0.0,18,731
2025-08-25,SKU0034,1461,0.0,18,731
2025-09-01,SKU0034,1254,0.0,18,731
2025-09-08,SKU0034,950,0.0,18,731
2025-09-15,SKU0034,703,1055.0,18,731
2025-09-22,SKU0034,475,1055.0,18,731
2025-09-29,SKU0034,274,1055.0,18,731
2025-10-06,SKU0034,1124,,18,731
2025-10-13,SKU0034,929,0.0,18,731
2025-10-20,SKU0034,695,1167.0,18,731
2025-10-27,SKU0034,493,1167.0,18,731
2025-11-03,SKU0034,238,1167.0,18,731
2025-11-10,SKU0034,1156,0.0,18,731
2025-11-17,SKU0034,914,0.0,18,731
2025-11-24,SKU0034,623,1335.0,18,731
2025-12-01,SKU0034,203,1335.0,18,731
2025-12-08,SKU0034,0,1335.0,18,731
2025-12-15,SKU0034,1078,0.0,18,731
2025-12-22,SKU0034,611,2709.0,18,731
2025-12-29,SKU0034,317,2709.0,18,731
2025-05-12,SKU0035,60,443.0,18,350
2025-05-19,SKU0035,0,443.0,18,350
2025-05-26,SKU0035,433,0.0,18,350
2025-06-02,SKU0035,360,0.0,18,350
2025-06-09,SKU0035,265,371.0,18,350
2025-06-16,SKU0035,186,371.0,18,350
2025-06-23,SKU0035,477,0.0,18,350
2025-06-30,SKU0035,406,0.0,18,350
2025-07-07,SKU0035,316,325.0,18,350
2025-07-14,SKU0035,234,325.0,18,350
2025-07-21,SKU0035,101,325.0,18,350
2025-07-28,SKU0035,357,0.0,18,350
2025-08-04,SKU0035,294,294.0,18,350
2025-08-11,SKU0035,234,294.0,18,350
2025-08-18,SKU0035,451,0.0,18,350
2025-08-25,SKU0035,374,0.0,18,350
2025-09-01,SKU0035,309,315.0,18,350
2025-09-08,SKU0035,177,315.0,18,350
2025-09-15,SKU0035,388,0.0,18,350
2025-09-22,SKU0035,289,357.0,18,350
2025-09-29,SKU0035,196,357.0,18,350
2025-10-06,SKU0035,94,357.0,18,350
2025-10-13,SKU0035,336,,18,350
2025-10-20,SKU0035,224,420.0,18,350
2025-10-27,SKU0035,100,420.0,18,350
2025-11-03,SKU0035,414,0.0,18,350
2025-11-10,SKU0035,299,495.0,18,350
2025-11-17,SKU0035,180,495.0,18,350
2025-11-24,SKU0035,48,495.0,18,350
2025-12-01,SKU0035,326,561.0,18,350
2025-12-08,SKU0035,196,561.0,18,350
2025-12-15,SKU0035,23,561.0,18,350
2025-12-22,SKU0035,398,0.0,18,350
2025-12-29,SKU0035,236,704.0,18,350
2024-01-01,SKU0036,12,331.0,8,263
2024-01-08,SKU0036,0,331.0,8,263
2024-01-15,SKU0036,135,293.0,8,263
2024-01-22,SKU0036,215,412.0,8,263
2024-01-29,SKU0036,415,0.0,8,263
2024-02-05,SKU0036,206,425.0,8,263
2024-02-12,SKU0036,443,0.0,8,263
2024-02-19,SKU0036,240,320.0,8,263
2024-02-26,SKU0036,26,320.0,8,263
2024-03-04,SKU0036,138,328.0,8,263
2024-03-11,SKU0036,272,0.0,8,263
2024-03-18,SKU0036,40,336.0,8,263
2024-03-25,SKU0036,117,343.0,8,263
2024-04-01,SKU0036,231,,8,263
2024-04-08,SKU0036,488,0.0,8,263
2024-04-15,SKU0036,142,816.0,8,263
2024-04-22,SKU0036,724,0.0,8,263
2024-04-29,SKU0036,484,0.0,8,263
2024-05-06,SKU0036,223,502.0,8,263
2024-05-13,SKU0036,494,0.0,8,263
2024-05-20,SKU0036,251,366.0,8,263
2024-05-27,SKU0036,35,366.0,8,263
2024-06-03,SKU0036,193,504.0,8,263
2024-06-10,SKU0036,451,0.0,8,263
2024-06-17,SKU0036,224,500.0,8,263
2024-06-24,SKU0036,485,0.0,8,263
2024-07-01,SKU0036,240,357.0,8,263
2024-07-08,SKU0036,4,357.0,8,263
2024-07-15,SKU0036,129,351.0,8,263
2024-07-22,SKU0036,209,476.0,8,263
2024-07-29,SKU0036,454,0.0,8,263
2024-08-05,SKU0036,229,462.0,8,263
2024-08-12,SKU0036,486,,8,263
2024-08-19,SKU0036,265,0.0,8,263
2024-08-26,SKU0036,64,323.0,8,263
2024-09-02,SKU0036,170,434.0,8,263
2024-09-09,SKU0036,314,0.0,8,263
2024-09-16,SKU0036,95,306.0,8,263
2024-09-23,SKU0036,164,413.0,8,263
2024-09-30,SKU0036,394,0.0,8,263
2024-10-07,SKU0036,223,400.0,8,263
2024-10-14,SKU0036,439,,8,263
2024-10-21,SKU0036,230,390.0,8,263
2024-10-28,SKU0036,431,0.0,8,263
2024-11-04,SKU0036,234,278.0,8,263
2024-11-11,SKU0036,46,278.0,8,263
2024-11-18,SKU0036,152,277.0,8,263
2024-11-25,SKU0036,200,381.0,8,263
2024-12-02,SKU0036,361,0.0,8,263
2024-12-09,SKU0036,168,383.0,8,263
2024-12-16,SKU0036,332,0.0,8,263
2024-12-23,SKU0036,84,466.0,8,263
2024-12-30,SKU0036,362,0.0,8,263
2025-01-06,SKU0036,118,287.0,8,263
2025-01-13,SKU0036,191,402.0,8,263
2025-01-20,SKU0036,420,0.0,8,263
2025-01-27,SKU0036,226,415.0,8,263
2025-02-03,SKU0036,433,0.0,8,263
2025-02-10,SKU0036,199,429.0,8,263
2025-02-17,SKU0036,409,0.0,8,263
2025-02-24,SKU0036,186,443.0,8,263
2025-03-03,SKU0036,419,,8,263
2025-03-10,SKU0036,172,457.0,8,263
2025-03-17,SKU0036,414,0.0,8,263
2025-03-24,SKU0036,190,472.0,8,263
2025-03-31,SKU0036,451,0.0,8,263
2025-04-07,SKU0036,246,352.0,8,263
2025-04-14,SKU0036,0,352.0,8,263
2025-04-21,SKU0036,105,357.0,8,263
2025-04-28,SKU0036,228,497.0,8,263
2025-05-05,SKU0036,487,0.0,8,263
2025-05-12,SKU0036,258,364.0,8,263
2025-05-19,SKU0036,18,,8,263
2025-05-26,SKU0036,138,365.0,8,263
2025-06-02,SKU0036,288,0.0,8,263
2025-06-09,SKU0036,53,364.0,8,263
2025-06-16,SKU0036,170,498.0,8,263
2025-06-23,SKU0036,417,0.0,8,263
2025-06-30,SKU0036,181,491.0,8,263
2025-07-07,SKU0036,463,0.0,8,263
2025-07-14,SKU0036,241,348.0,8,263
2025-07-21,SKU0036,0,348.0,8,263
2025-07-28,SKU0036,154,341.0,8,263
2025-08-04,SKU0036,267,0.0,8,263
2025-08-11,SKU0036,48,333.0,8,263
2025-08-18,SKU0036,169,448.0,8,263
2025-08-25,SKU0036,390,0.0,8,263
2025-09-01,SKU0036,169,433.0,8,263
2025-09-08,SKU0036,334,0.0,8,263
2025-09-15,SKU0036,94,508.0,8,263
2025-09-22,SKU0036,392,0.0,8,263
2025-09-29,SKU0036,170,405.0,8,263
2025-10-06,SKU0036,375,0.0,8,263
2025-10-13,SKU0036,174,286.0,8,263
2025-10-20,SKU0036,288,0.0,8,263
2025-10-27,SKU0036,112,281.0,8,263
2025-11-03,SKU0036,215,382.0,8,263
2025-11-10,SKU0036,410,0.0,8,263
2025-11-17,SKU0036,242,379.0,8,263
2025-11-24,SKU0036,434,0.0,8,263
2025-12-01,SKU0036,177,379.0,8,263
2025-12-08,SKU0036,376,0.0,8,263
2025-12-15,SKU0036,173,382.0,8,263
2025-12-22,SKU0036,316,0.0,8,263
2025-12-29,SKU0036,124,324.0,8,263
2024-09-09,SKU0037,0,1199.0,24,904
2024-09-16,SKU0037,0,1199.0,24,904
2024-09-23,SKU0037,0,,24,904
2024-09-30,SKU0037,1073,,24,904
2024-10-07,SKU0037,880,1396.0,24,904
2024-10-14,SKU0037,679,1396.0,24,904
2024-10-21,SKU0037,448,1396.0,24,904
2024-10-28,SKU0037,237,1396.0,24,904
2024-11-04,SKU0037,1414,0.0,24,904
2024-11-11,SKU0037,1198,0.0,24,904
2024-11-18,SKU0037,975,0.0,24,904
2024-11-25,SKU0037,749,1040.0,24,904
2024-12-02,SKU0037,454,1040.0,24,904
2024-12-09,SKU0037,253,1040.0,24,904
2024-12-16,SKU0037,1070,0.0,24,904
2024-12-23,SKU0037,778,1856.0,24,904
2024-12-30,SKU0037,584,1856.0,24,904
2025-01-06,SKU0037,324,1856.0,24,904
2025-01-13,SKU0037,1893,0.0,24,904
2025-01-20,SKU0037,1681,0.0,24,904
2025-01-27,SKU0037,1478,0.0,24,904
2025-02-03,SKU0037,1253,0.0,24,904
2025-02-10,SKU0037,1064,0.0,24,904
2025-02-17,SKU0037,862,1362.0,24,904
2025-02-24,SKU0037,624,,24,904
2025-03-03,SKU0037,392,1362.0,24,904
2025-03-10,SKU0037,166,1362.0,24,904
2025-03-17,SKU0037,1317,0.0,24,904
2025-03-24,SKU0037,1063,0.0,24,904
2025-03-31,SKU0037,833,1479.0,24,904
2025-04-07,SKU0037,613,1479.0,24,904
2025-04-14,SKU0037,224,1479.0,24,904
2025-04-21,SKU0037,0,1479.0,24,904
2025-04-28,SKU0037,1235,0.0,24,904
2025-05-05,SKU0037,982,0.0,24,904
2025-05-12,SKU0037,692,1267.0,24,904
2025-05-19,SKU0037,410,1267.0,24,904
2025-05-26,SKU0037,163,1267.0,24,904
2025-06-02,SKU0037,1136,0.0,24,904
2025-06-09,SKU0037,888,1301.0,24,904
2025-06-16,SKU0037,615,1301.0,24,904
2025-06-23,SKU0037,355,1301.0,24,904
2025-06-30,SKU0037,115,1301.0,24,904
2025-07-07,SKU0037,1124,0.0,24,904
2025-07-14,SKU0037,849,1606.0,24,904
2025-07-21,SKU0037,373,1606.0,24,904
2025-07-28,SKU0037,115,1606.0,24,904
2025-08-04,SKU0037,0,1606.0,24,904
2025-08-11,SKU0037,1356,0.0,24,904
2025-08-18,SKU0037,1102,0.0,24,904
2025-08-25,SKU0037,861,1519.0,24,904
2025-09-01,SKU0037,651,1519.0,24,904
2025-09-08,SKU0037,262,1519.0,24,904
2025-09-15,SKU0037,0,1519.0,24,904
2025-09-22,SKU0037,1333,0.0,24,904
2025-09-29,SKU0037,1065,0.0,24,904
2025-10-06,SKU0037,835,1400.0,24,904
2025-10-13,SKU0037,593,1400.0,24,904
2025-10-20,SKU0037,382,1400.0,24,904
2025-10-27,SKU0037,166,1400.0,24,904
2025-11-03,SKU0037,1338,0.0,24,904
2025-11-10,SKU0037,1129,0.0,24,904
2025-11-17,SKU0037,943,0.0,24,904
2025-11-24,SKU0037,716,1041.0,24,904
2025-12-01,SKU0037,441,1041.0,24,904
2025-12-08,SKU0037,217,1041.0,24,904
2025-12-15,SKU0037,1032,0.0,24,904
2025-12-22,SKU0037,673,1853.0,24,904
2025-12-29,SKU0037,446,1853.0,24,904
2024-01-01,SKU0038,53,802.0,23,1306
2024-01-08,SKU0038,0,802.0,23,1306
2024-01-15,SKU0038,0,802.0,23,1306
2024-01-22,SKU0038,0,802.0,23,1306
2024-01-29,SKU0038,630,850.0,23,1306
2024-02-05,SKU0038,400,850.0,23,1306
2024-02-12,SKU0038,179,,23,1306
2024-02-19,SKU0038,789,1063.0,23,1306
2024-02-26,SKU0038,535,1063.0,23,1306
2024-03-04,SKU0038,254,1063.0,23,1306
2024-03-11,SKU0038,1013,1641.0,23,1306
2024-03-18,SKU0038,697,1641.0,23,1306
2024-03-25,SKU0038,380,1641.0,23,1306
2024-04-01,SKU0038,0,1641.0,23,1306
2024-04-08,SKU0038,1258,1988.0,23,1306
2024-04-15,SKU0038,725,1988.0,23,1306
2024-04-22,SKU0038,322,1988.0,23,1306
2024-04-29,SKU0038,0,1988.0,23,1306
2024-05-06,SKU0038,1578,0.0,23,1306
2024-05-13,SKU0038,1168,2273.0,23,1306
2024-05-20,SKU0038,760,2273.0,23,1306
2024-05-27,SKU0038,317,2273.0,23,1306
2024-06-03,SKU0038,2212,0.0,23,1306
2024-06-10,SKU0038,1805,0.0,23,1306
2024-06-17,SKU0038,1338,0.0,23,1306
2024-06-24,SKU0038,868,1835.0,23,1306
2024-07-01,SKU0038,449,1835.0,23,1306
2024-07-08,SKU0038,45,1835.0,23,1306
2024-07-15,SKU0038,1543,0.0,23,1306
2024-07-22,SKU0038,955,2842.0,23,1306
2024-07-29,SKU0038,562,2842.0,23,1306
2024-08-05,SKU0038,219,2842.0,23,1306
2024-08-12,SKU0038,2707,0.0,23,1306
2024-08-19,SKU0038,2403,0.0,23,1306
2024-08-26,SKU0038,2083,0.0,23,1306
2024-09-02,SKU0038,1808,0.0,23,1306
2024-09-09,SKU0038,1390,0.0,23,1306
2024-09-16,SKU0038,1087,1155.0,23,1306
2024-09-23,SKU0038,827,1155.0,23,1306
2024-09-30,SKU0038,549,1155.0,23,1306
2024-10-07,SKU0038,1472,0.0,23,1306
2024-10-14,SKU0038,1258,1073.0,23,1306
2024-10-21,SKU0038,1089,,23,1306
2024-10-28,SKU0038,918,1073.0,23,1306
2024-11-04,SKU0038,776,1073.0,23,1306
2024-11-11,SKU0038,1715,0.0,23,1306
2024-11-18,SKU0038,1579,0.0,23,1306
2024-11-25,SKU0038,1417,0.0,23,1306
2024-12-02,SKU0038,1228,635.0,23,1306
2024-12-09,SKU0038,1078,635.0,23,1306
2024-12-16,SKU0038,914,635.0,23,1306
2024-12-23,SKU0038,1351,0.0,23,1306
2024-12-30,SKU0038,1211,683.0,23,1306
2025-01-06,SKU0038,1010,683.0,23,1306
2025-01-13,SKU0038,796,683.0,23,1306
2025-01-20,SKU0038,1275,1041.0,23,1306
2025-01-27,SKU0038,1070,1041.0,23,1306
2025-02-03,SKU0038,854,,23,1306
2025-02-10,SKU0038,614,1041.0,23,1306
2025-02-17,SKU0038,1411,0.0,23,1306
2025-02-24,SKU0038,1120,1123.0,23,1306
2025-03-03,SKU0038,846,1123.0,23,1306
2025-03-10,SKU0038,573,,23,1306
2025-03-17,SKU0038,1392,0.0,23,1306
2025-03-24,SKU0038,1088,1416.0,23,1306
2025-03-31,SKU0038,784,1416.0,23,1306
2025-04-07,SKU0038,440,1416.0,23,1306
2025-04-14,SKU0038,1297,2781.0,23,1306
2025-04-21,SKU0038,884,2781.0,23,1306
2025-04-28,SKU0038,455,2781.0,23,1306
2025-05-05,SKU0038,52,2781.0,23,1306
2025-05-12,SKU0038,2435,0.0,23,1306
2025-05-19,SKU0038,1986,0.0,23,1306
2025-05-26,SKU0038,1559,0.0,23,1306
2025-06-02,SKU0038,1145,2344.0,23,1306
2025-06-09,SKU0038,724,2344.0,23,1306
2025-06-16,SKU0038,324,2344.0,23,1306
2025-06-23,SKU0038,2294,0.0,23,1306
2025-06-30,SKU0038,1865,0.0,23,1306
2025-07-07,SKU0038,1404,0.0,23,1306
2025-07-14,SKU0038,998,1752.0,23,1306
2025-07-21,SKU0038,422,1752.0,23,1306
2025-07-28,SKU0038,15,1752.0,23,1306
2025-08-04,SKU0038,1531,0.0,23,1306
2025-08-11,SKU0038,1186,1892.0,23,1306
2025-08-18,SKU0038,851,1892.0,23,1306
2025-08-25,SKU0038,562,1892.0,23,1306
2025-09-01,SKU0038,2170,0.0,23,1306
2025-09-08,SKU0038,1793,0.0,23,1306
2025-09-15,SKU0038,1496,0.0,23,1306
2025-09-22,SKU0038,1266,1336.0,23,1306
2025-09-29,SKU0038,1061,1336.0,23,1306
2025-10-06,SKU0038,850,1336.0,23,1306
2025-10-13,SKU0038,627,1336.0,23,1306
2025-10-20,SKU0038,1768,0.0,23,1306
2025-10-27,SKU0038,1599,0.0,23,1306
2025-11-03,SKU0038,1460,0.0,23,1306
2025-11-10,SKU0038,1312,0.0,23,1306
2025-11-17,SKU0038,1171,684.0,23,1306
2025-11-24,SKU0038,1029,684.0,23,1306
2025-12-01,SKU0038,847,684.0,23,1306
2025-12-08,SKU0038,1369,0.0,23,1306
2025-12-15,SKU0038,1215,650.0,23,1306
2025-12-22,SKU0038,983,,23,1306
2025-12-29,SKU0038,832,650.0,23,1306
2024-01-01,SKU0039,97,2269.0,29,502
2024-01-08,SKU0039,0,2269.0,29,502
2024-01-15,SKU0039,0,2269.0,29,502
2024-01-22,SKU0039,0,2269.0,29,502
2024-01-29,SKU0039,0,2269.0,29,502
2024-02-05,SKU0039,1945,0.0,29,502
2024-02-12,SKU0039,1615,0.0,29,502
2024-02-19,SKU0039,1301,0.0,29,502
2024-02-26,SKU0039,960,0.0,29,502
2024-03-04,SKU0039,617,0.0,29,502
2024-03-11,SKU0039,294,,29,502
2024-03-18,SKU0039,0,2360.0,29,502
2024-03-25,SKU0039,0,2360.0,29,502
2024-04-01,SKU0039,0,2360.0,29,502
2024-04-08,SKU0039,2192,0.0,29,502
2024-04-15,SKU0039,1818,0.0,29,502
2024-04-22,SKU0039,1543,0.0,29,502
2024-04-29,SKU0039,1291,0.0,29,502
2024-05-06,SKU0039,1026,,29,502
2024-05-13,SKU0039,794,0.0,29,502
2024-05-20,SKU0039,552,0.0,29,502
2024-05-27,SKU0039,309,1668.0,29,502
2024-06-03,SKU0039,103,1668.0,29,502
2024-06-10,SKU0039,0,1668.0,29,502
2024-06-17,SKU0039,0,1668.0,29,502
2024-06-24,SKU0039,1548,0.0,29,502
2024-07-01,SKU0039,1399,0.0,29,502
2024-07-08,SKU0039,1236,0.0,29,502
2024-07-15,SKU0039,1101,0.0,29,502
2024-07-22,SKU0039,938,0.0,29,502
2024-07-29,SKU0039,809,0.0,29,502
2024-08-05,SKU0039,712,0.0,29,502
2024-08-12,SKU0039,605,0.0,29,502
2024-08-19,SKU0039,507,0.0,29,502
2024-08-26,SKU0039,419,740.0,29,502
2024-09-02,SKU0039,328,740.0,29,502
2024-09-09,SKU0039,193,740.0,29,502
2024-09-16,SKU0039,78,740.0,29,502
2024-09-23,SKU0039,718,0.0,29,502
2024-09-30,SKU0039,596,0.0,29,502
2024-10-07,SKU0039,467,1112.0,29,502
2024-10-14,SKU0039,330,1112.0,29,502
2024-10-21,SKU0039,156,1112.0,29,502
2024-10-28,SKU0039,0,1112.0,29,502
2024-11-04,SKU0039,1089,0.0,29,502
2024-11-11,SKU0039,905,0.0,29,502
2024-11-18,SKU0039,736,0.0,29,502
2024-11-25,SKU0039,507,0.0,29,502
2024-12-02,SKU0039,269,2077.0,29,502
2024-12-09,SKU0039,74,2077.0,29,502
2024-12-16,SKU0039,0,2077.0,29,502
2024-12-23,SKU0039,0,2077.0,29,502
2024-12-30,SKU0039,1805,0.0,29,502
2025-01-06,SKU0039,1482,0.0,29,502
2025-01-13,SKU0039,1162,0.0,29,502
2025-01-20,SKU0039,847,0.0,29,502
2025-01-27,SKU0039,541,0.0,29,502
2025-02-03,SKU0039,229,2262.0,29,502
2025-02-10,SKU0039,0,2262.0,29,502
2025-02-17,SKU0039,0,2262.0,29,502
2025-02-24,SKU0039,0,2262.0,29,502
2025-03-03,SKU0039,1958,0.0,29,502
2025-03-10,SKU0039,1593,0.0,29,502
2025-03-17,SKU0039,1288,0.0,29,502
2025-03-24,SKU0039,957,0.0,29,502
2025-03-31,SKU0039,656,0.0,29,502
2025-04-07,SKU0039,343,2238.0,29,502
2025-04-14,SKU0039,0,2238.0,29,502
2025-04-21,SKU0039,0,2238.0,29,502
2025-04-28,SKU0039,0,2238.0,29,502
2025-05-05,SKU0039,2109,0.0,29,502
2025-05-12,SKU0039,1850,,29,502
2025-05-19,SKU0039,1603,0.0,29,502
2025-05-26,SKU0039,1343,0.0,29,502
2025-06-02,SKU0039,1106,0.0,29,502
2025-06-09,SKU0039,903,0.0,29,502
2025-06-16,SKU0039,715,0.0,29,502
2025-06-23,SKU0039,537,0.0,29,502
2025-06-30,SKU0039,350,1212.0,29,502
2025-07-07,SKU0039,192,1212.0,29,502
2025-07-14,SKU0039,59,1212.0,29,502
2025-07-21,SKU0039,0,1212.0,29,502
2025-07-28,SKU0039,1109,0.0,29,502
2025-08-04,SKU0039,1002,0.0,29,502
2025-08-11,SKU0039,907,0.0,29,502
2025-08-18,SKU0039,803,0.0,29,502
2025-08-25,SKU0039,693,0.0,29,502
2025-09-01,SKU0039,594,0.0,29,502
2025-09-08,SKU0039,464,,29,502
2025-09-15,SKU0039,336,1283.0,29,502
2025-09-22,SKU0039,228,1283.0,29,502
2025-09-29,SKU0039,112,1283.0,29,502
2025-10-06,SKU0039,1285,0.0,29,502
2025-10-13,SKU0039,1153,0.0,29,502
2025-10-20,SKU0039,1023,0.0,29,502
2025-10-27,SKU0039,868,0.0,29,502
2025-11-03,SKU0039,696,0.0,29,502
2025-11-10,SKU0039,509,0.0,29,502
2025-11-17,SKU0039,322,1315.0,29,502
2025-11-24,SKU0039,120,1315.0,29,502
2025-12-01,SKU0039,0,1315.0,29,502
2025-12-08,SKU0039,0,1315.0,29,502
2025-12-15,SKU0039,1074,0.0,29,502
2025-12-22,SKU0039,708,0.0,29,502
2025-12-29,SKU0039,441,2441.0,29,502
2024-01-01,SKU0040,147,1657.0,21,1047
2024-01-08,SKU0040,0,1657.0,21,1047
2024-01-15,SKU0040,0,1657.0,21,1047
2024-01-22,SKU0040,1603,0.0,21,1047
2024-01-29,SKU0040,1277,0.0,21,1047
2024-02-05,SKU0040,943,1803.0,21,1047
2024-02-12,SKU0040,624,1803.0,21,1047
2024-02-19,SKU0040,307,1803.0,21,1047
2024-02-26,SKU0040,1797,0.0,21,1047
2024-03-04,SKU0040,1482,0.0,21,1047
2024-03-11,SKU0040,1209,0.0,21,1047
2024-03-18,SKU0040,881,1306.0,21,1047
2024-03-25,SKU0040,623,1306.0,21,1047
2024-04-01,SKU0040,360,1306.0,21,1047
2024-04-08,SKU0040,1423,0.0,21,1047
2024-04-15,SKU0040,1101,0.0,21,1047
2024-04-22,SKU0040,853,1121.0,21,1047
2024-04-29,SKU0040,601,1121.0,21,1047
2024-05-06,SKU0040,361,1121.0,21,1047
2024-05-13,SKU0040,1265,0.0,21,1047
2024-05-20,SKU0040,1060,0.0,21,1047
2024-05-27,SKU0040,840,927.0,21,1047
2024-06-03,SKU0040,636,927.0,21,1047
2024-06-10,SKU0040,435,927.0,21,1047
2024-06-17,SKU0040,1173,0.0,21,1047
2024-06-24,SKU0040,1011,995.0,21,1047
2024-07-01,SKU0040,815,,21,1047
2024-07-08,SKU0040,622,995.0,21,1047
2024-07-15,SKU0040,1415,0.0,21,1047
2024-07-22,SKU0040,1184,0.0,21,1047
2024-07-29,SKU0040,997,957.0,21,1047
2024-08-05,SKU0040,818,957.0,21,1047
2024-08-12,SKU0040,651,957.0,21,1047
2024-08-19,SKU0040,1456,0.0,21,1047
2024-08-26,SKU0040,1269,0.0,21,1047
2024-09-02,SKU0040,1067,0.0,21,1047
2024-09-09,SKU0040,817,869.0,21,1047
2024-09-16,SKU0040,599,869.0,21,1047
2024-09-23,SKU0040,389,869.0,21,1047
2024-09-30,SKU0040,1042,1001.0,21,1047
2024-10-07,SKU0040,810,1001.0,21,1047
2024-10-14,SKU0040,544,1001.0,21,1047
2024-10-21,SKU0040,1314,,21,1047
2024-10-28,SKU0040,1085,0.0,21,1047
2024-11-04,SKU0040,830,1179.0,21,1047
2024-11-11,SKU0040,567,1179.0,21,1047
2024-11-18,SKU0040,257,1179.0,21,1047
2024-11-25,SKU0040,1107,0.0,21,1047
2024-12-02,SKU0040,724,1944.0,21,1047
2024-12-09,SKU0040,425,1944.0,21,1047
2024-12-16,SKU0040,78,1944.0,21,1047
2024-12-23,SKU0040,1633,0.0,21,1047
2024-12-30,SKU0040,1309,0.0,21,1047
2025-01-06,SKU0040,956,2649.0,21,1047
2025-01-13,SKU0040,554,2649.0,21,1047
2025-01-20,SKU0040,253,2649.0,21,1047
2025-01-27,SKU0040,2574,0.0,21,1047
2025-02-03,SKU0040,2246,0.0,21,1047
2025-02-10,SKU0040,1936,0.0,21,1047
2025-02-17,SKU0040,1645,0.0,21,1047
2025-02-24,SKU0040,1325,0.0,21,1047
2025-03-03,SKU0040,1007,1708.0,21,1047
2025-03-10,SKU0040,723,1708.0,21,1047
2025-03-17,SKU0040,439,1708.0,21,1047
2025-03-24,SKU0040,1851,0.0,21,1047
2025-03-31,SKU0040,1561,0.0,21,1047
2025-04-07,SKU0040,1289,,21,1047
2025-04-14,SKU0040,936,2095.0,21,1047
2025-04-21,SKU0040,657,2095.0,21,1047
2025-04-28,SKU0040,408,2095.0,21,1047
2025-05-05,SKU0040,2269,0.0,21,1047
2025-05-12,SKU0040,2053,0.0,21,1047
2025-05-19,SKU0040,1839,0.0,21,1047
2025-05-26,SKU0040,1632,0.0,21,1047
2025-06-02,SKU0040,1427,0.0,21,1047
2025-06-09,SKU0040,1235,0.0,21,1047
2025-06-16,SKU0040,1073,0.0,21,1047
2025-06-23,SKU0040,880,816.0,21,1047
2025-06-30,SKU0040,709,816.0,21,1047
2025-07-07,SKU0040,535,816.0,21,1047
2025-07-14,SKU0040,1182,0.0,21,1047
2025-07-21,SKU0040,923,1395.0,21,1047
2025-07-28,SKU0040,767,1395.0,21,1047
2025-08-04,SKU0040,584,1395.0,21,1047
2025-08-11,SKU0040,1828,0.0,21,1047
2025-08-18,SKU0040,1653,0.0,21,1047
2025-08-25,SKU0040,1457,0.0,21,1047
2025-09-01,SKU0040,1260,0.0,21,1047
2025-09-08,SKU0040,1016,1299.0,21,1047
2025-09-15,SKU0040,805,1299.0,21,1047
2025-09-22,SKU0040,586,1299.0,21,1047
2025-09-29,SKU0040,1687,0.0,21,1047
2025-10-06,SKU0040,1476,0.0,21,1047
2025-10-13,SKU0040,1244,0.0,21,1047
2025-10-20,SKU0040,996,1393.0,21,1047
2025-10-27,SKU0040,741,1393.0,21,1047
2025-11-03,SKU0040,487,1393.0,21,1047
2025-11-10,SKU0040,1628,0.0,21,1047
2025-11-17,SKU0040,1343,0.0,21,1047
2025-11-24,SKU0040,1046,1317.0,21,1047
2025-12-01,SKU0040,652,,21,1047
2025-12-08,SKU0040,349,1317.0,21,1047
2025-12-15,SKU0040,1348,0.0,21,1047
2025-12-22,SKU0040,897,2592.0,21,1047
2025-12-29,SKU0040,591,2592.0,21,1047
2024-01-01,SKU0041,0,1231.0,18,769
2024-01-08,SKU0041,0,1231.0,18,769
2024-01-15,SKU0041,0,1231.0,18,769
2024-01-22,SKU0041,1032,0.0,18,769
2024-01-29,SKU0041,752,970.0,18,769
2024-02-05,SKU0041,477,970.0,18,769
2024-02-12,SKU0041,222,970.0,18,769
2024-02-19,SKU0041,921,0.0,18,769
2024-02-26,SKU0041,667,1071.0,18,769
2024-03-04,SKU0041,406,1071.0,18,769
2024-03-11,SKU0041,166,1071.0,18,769
2024-03-18,SKU0041,1013,0.0,18,769
2024-03-25,SKU0041,789,0.0,18,769
2024-04-01,SKU0041,584,742.0,18,769
2024-04-08,SKU0041,358,742.0,18,769
2024-04-15,SKU0041,827,0.0,18,769
2024-04-22,SKU0041,625,680.0,18,769
2024-04-29,SKU0041,412,680.0,18,769
2024-05-06,SKU0041,883,0.0,18,769
2024-05-13,SKU0041,686,809.0,18,769
2024-05-20,SKU0041,496,809.0,18,769
2024-05-27,SKU0041,290,809.0,18,769
2024-06-03,SKU0041,878,0.0,18,769
2024-06-10,SKU0041,675,827.0,18,769
2024-06-17,SKU0041,494,827.0,18,769
2024-06-24,SKU0041,304,827.0,18,769
2024-07-01,SKU0041,927,0.0,18,769
2024-07-08,SKU0041,691,911.0,18,769
2024-07-15,SKU0041,457,911.0,18,769
2024-07-22,SKU0041,161,911.0,18,769
2024-07-29,SKU0041,839,0.0,18,769
2024-08-05,SKU0041,618,828.0,18,769
2024-08-12,SKU0041,343,828.0,18,769
2024-08-19,SKU0041,904,0.0,18,769
2024-08-26,SKU0041,632,920.0,18,769
2024-09-02,SKU0041,350,920.0,18,769
2024-09-09,SKU0041,0,920.0,18,769
2024-09-16,SKU0041,630,1004.0,18,769
2024-09-23,SKU0041,330,1004.0,18,769
2024-09-30,SKU0041,29,1004.0,18,769
2024-10-07,SKU0041,725,1343.0,18,769
2024-10-14,SKU0041,400,1343.0,18,769
2024-10-21,SKU0041,73,1343.0,18,769
2024-10-28,SKU0041,1086,0.0,18,769
2024-11-04,SKU0041,768,1132.0,18,769
2024-11-11,SKU0041,421,1132.0,18,769
2024-11-18,SKU0041,88,1132.0,18,769
2024-11-25,SKU0041,904,0.0,18,769
2024-12-02,SKU0041,510,1860.0,18,769
2024-12-09,SKU0041,185,1860.0,18,769
2024-12-16,SKU0041,1783,0.0,18,769
2024-12-23,SKU0041,1381,0.0,18,769
2024-12-30,SKU0041,1052,0.0,18,769
2025-01-06,SKU0041,684,1867.0,18,769
2025-01-13,SKU0041,354,1867.0,18,769
2025-01-20,SKU0041,71,1867.0,18,769
2025-01-27,SKU0041,1642,0.0,18,769
2025-02-03,SKU0041,1384,0.0,18,769
2025-02-10,SKU0041,1132,0.0,18,769
2025-02-17,SKU0041,867,,18,769
2025-02-24,SKU0041,597,866.0,18,769
2025-03-03,SKU0041,346,866.0,18,769
2025-03-10,SKU0041,105,866.0,18,769
2025-03-17,SKU0041,760,770.0,18,769
2025-03-24,SKU0041,522,770.0,18,769
2025-03-31,SKU0041,267,770.0,18,769
2025-04-07,SKU0041,845,0.0,18,769
2025-04-14,SKU0041,576,992.0,18,769
2025-04-21,SKU0041,359,992.0,18,769
2025-04-28,SKU0041,1150,0.0,18,769
2025-05-05,SKU0041,939,0.0,18,769
2025-05-12,SKU0041,735,804.0,18,769
2025-05-19,SKU0041,534,804.0,18,769
2025-05-26,SKU0041,323,804.0,18,769
2025-06-02,SKU0041,932,0.0,18,769
2025-06-09,SKU0041,747,663.0,18,769
2025-06-16,SKU0041,550,663.0,18,769
2025-06-23,SKU0041,350,663.0,18,769
2025-06-30,SKU0041,785,0.0,18,769
2025-07-07,SKU0041,594,713.0,18,769
2025-07-14,SKU0041,386,713.0,18,769
2025-07-21,SKU0041,767,1116.0,18,769
2025-07-28,SKU0041,568,1116.0,18,769
2025-08-04,SKU0041,309,1116.0,18,769
2025-08-11,SKU0041,1176,0.0,18,769
2025-08-18,SKU0041,910,0.0,18,769
2025-08-25,SKU0041,623,912.0,18,769
2025-09-01,SKU0041,356,912.0,18,769
2025-09-08,SKU0041,0,912.0,18,769
2025-09-15,SKU0041,586,992.0,18,769
2025-09-22,SKU0041,263,992.0,18,769
2025-09-29,SKU0041,947,0.0,18,769
2025-10-06,SKU0041,625,1331.0,18,769
2025-10-13,SKU0041,308,1331.0,18,769
2025-10-20,SKU0041,0,1331.0,18,769
2025-10-27,SKU0041,1089,0.0,18,769
2025-11-03,SKU0041,772,0.0,18,769
2025-11-10,SKU0041,482,1128.0,18,769
2025-11-17,SKU0041,113,1128.0,18,769
2025-11-24,SKU0041,978,0.0,18,769
2025-12-01,SKU0041,512,1613.0,18,769
2025-12-08,SKU0041,172,1613.0,18,769
2025-12-15,SKU0041,1547,0.0,18,769
2025-12-22,SKU0041,1104,0.0,18,769
2025-12-29,SKU0041,782,0.0,18,769
2024-01-01,SKU0042,155,0.0,21,96
2024-01-08,SKU0042,100,0.0,21,96
2024-01-15,SKU0042,62,164.0,21,96
2024-01-22,SKU0042,23,164.0,21,96
2024-01-29,SKU0042,0,164.0,21,96
2024-02-05,SKU0042,134,,21,96
2024-02-12,SKU0042,107,0.0,21,96
2024-02-19,SKU0042,90,152.0,21,96
2024-02-26,SKU0042,57,152.0,21,96
2024-03-04,SKU0042,37,152.0,21,96
2024-03-11,SKU0042,161,0.0,21,96
2024-03-18,SKU0042,134,0.0,21,96
2024-03-25,SKU0042,107,0.0,21,96
2024-04-01,SKU0042,88,140.0,21,96
2024-04-08,SKU0042,68,140.0,21,96
2024-04-15,SKU0042,21,140.0,21,96
2024-04-22,SKU0042,133,0.0,21,96
2024-04-29,SKU0042,103,0.0,21,96
2024-05-06,SKU0042,71,,21,96
2024-05-13,SKU0042,34,134.0,21,96
2024-05-20,SKU0042,6,134.0,21,96
2024-05-27,SKU0042,108,0.0,21,96
2024-06-03,SKU0042,82,146.0,21,96
2024-06-10,SKU0042,48,146.0,21,96
2024-06-17,SKU0042,16,146.0,21,96
2024-06-24,SKU0042,128,0.0,21,96
2024-07-01,SKU0042,94,165.0,21,96
2024-07-08,SKU0042,62,165.0,21,96
2024-07-15,SKU0042,31,165.0,21,96
2024-07-22,SKU0042,162,0.0,21,96
2024-07-29,SKU0042,121,0.0,21,96
2024-08-05,SKU0042,84,184.0,21,96
2024-08-12,SKU0042,37,184.0,21,96
2024-08-19,SKU0042,4,184.0,21,96
2024-08-26,SKU0042,165,0.0,21,96
2024-09-02,SKU0042,122,0.0,21,96
2024-09-09,SKU0042,59,330.0,21,96
2024-09-16,SKU0042,8,330.0,21,96
2024-09-23,SKU0042,0,330.0,21,96
2024-09-30,SKU0042,303,0.0,21,96
2024-10-07,SKU0042,264,0.0,21,96
2024-10-14,SKU0042,222,0.0,21,96
2024-10-21,SKU0042,176,0.0,21,96
2024-10-28,SKU0042,129,0.0,21,96
2024-11-04,SKU0042,83,211.0,21,96
2024-11-11,SKU0042,42,,21,96
2024-11-18,SKU0042,8,211.0,21,96
2024-11-25,SKU0042,201,0.0,21,96
2024-12-02,SKU0042,152,0.0,21,96
2024-12-09,SKU0042,103,0.0,21,96
2024-12-16,SKU0042,56,176.0,21,96
2024-12-23,SKU0042,13,176.0,21,96
2024-12-30,SKU0042,0,176.0,21,96
2025-01-06,SKU0042,141,0.0,21,96
2025-01-13,SKU0042,93,168.0,21,96
2025-01-20,SKU0042,63,168.0,21,96
2025-01-27,SKU0042,29,168.0,21,96
2025-02-03,SKU0042,163,0.0,21,96
2025-02-10,SKU0042,140,0.0,21,96
2025-02-17,SKU0042,109,0.0,21,96
2025-02-24,SKU0042,80,133.0,21,96
2025-03-03,SKU0042,51,133.0,21,96
2025-03-10,SKU0042,26,133.0,21,96
2025-03-17,SKU0042,135,0.0,21,96
2025-03-24,SKU0042,110,0.0,21,96
2025-03-31,SKU0042,80,124.0,21,96
2025-04-07,SKU0042,47,124.0,21,96
2025-04-14,SKU0042,8,124.0,21,96
2025-04-21,SKU0042,107,0.0,21,96
2025-04-28,SKU0042,80,,21,96
2025-05-05,SKU0042,56,126.0,21,96
2025-05-12,SKU0042,27,126.0,21,96
2025-05-19,SKU0042,119,0.0,21,96
2025-05-26,SKU0042,91,148.0,21,96
2025-06-02,SKU0042,55,148.0,21,96
2025-06-09,SKU0042,23,148.0,21,96
2025-06-16,SKU0042,139,0.0,21,96
2025-06-23,SKU0042,108,0.0,21,96
2025-06-30,SKU0042,80,169.0,21,96
2025-07-07,SKU0042,47,169.0,21,96
2025-07-14,SKU0042,11,169.0,21,96
2025-07-21,SKU0042,129,0.0,21,96
2025-07-28,SKU0042,92,175.0,21,96
2025-08-04,SKU0042,50,175.0,21,96
2025-08-11,SKU0042,10,175.0,21,96
2025-08-18,SKU0042,169,0.0,21,96
2025-08-25,SKU0042,126,0.0,21,96
2025-09-01,SKU0042,88,205.0,21,96
2025-09-08,SKU0042,28,205.0,21,96
2025-09-15,SKU0042,0,205.0,21,96
2025-09-22,SKU0042,186,0.0,21,96
2025-09-29,SKU0042,156,0.0,21,96
2025-10-06,SKU0042,97,0.0,21,96
2025-10-13,SKU0042,63,195.0,21,96
2025-10-20,SKU0042,16,195.0,21,96
2025-10-27,SKU0042,0,195.0,21,96
2025-11-03,SKU0042,154,0.0,21,96
2025-11-10,SKU0042,103,0.0,21,96
2025-11-17,SKU0042,63,186.0,21,96
2025-11-24,SKU0042,20,186.0,21,96
2025-12-01,SKU0042,0,186.0,21,96
2025-12-08,SKU0042,146,0.0,21,96
2025-12-15,SKU0042,97,0.0,21,96
2025-12-22,SKU0042,59,279.0,21,96
2025-12-29,SKU0042,26,279.0,21,96
2024-01-01,SKU0043,142,493.0,24,237
2024-01-08,SKU0043,0,493.0,24,237
2024-01-15,SKU0043,0,493.0,24,237
2024-01-22,SKU0043,0,493.0,24,237
2024-01-29,SKU0043,421,0.0,24,237
2024-02-05,SKU0043,306,0.0,24,237
2024-02-12,SKU0043,213,516.0,24,237
2024-02-19,SKU0043,124,516.0,24,237
2024-02-26,SKU0043,17,516.0,24,237
2024-03-04,SKU0043,0,516.0,24,237
2024-03-11,SKU0043,433,0.0,24,237
2024-03-18,SKU0043,348,0.0,24,237
2024-03-25,SKU0043,255,0.0,24,237
2024-04-01,SKU0043,186,350.0,24,237
2024-04-08,SKU0043,96,350.0,24,237
2024-04-15,SKU0043,0,350.0,24,237
2024-04-22,SKU0043,334,0.0,24,237
2024-04-29,SKU0043,267,0.0,24,237
2024-05-06,SKU0043,202,370.0,24,237
2024-05-13,SKU0043,128,370.0,24,237
2024-05-20,SKU0043,60,370.0,24,237
2024-05-27,SKU0043,4,370.0,24,237
2024-06-03,SKU0043,314,,24,237
2024-06-10,SKU0043,257,0.0,24,237
2024-06-17,SKU0043,192,255.0,24,237
2024-06-24,SKU0043,123,255.0,24,237
2024-07-01,SKU0043,56,255.0,24,237
2024-07-08,SKU0043,244,0.0,24,237
2024-07-15,SKU0043,179,249.0,24,237
2024-07-22,SKU0043,73,249.0,24,237
2024-07-29,SKU0043,12,249.0,24,237
2024-08-05,SKU0043,227,328.0,24,237
2024-08-12,SKU0043,157,328.0,24,237
2024-08-19,SKU0043,103,328.0,24,237
2024-08-26,SKU0043,46,328.0,24,237
2024-09-02,SKU0043,312,0.0,24,237
2024-09-09,SKU0043,191,732.0,24,237
2024-09-16,SKU0043,109,732.0,24,237
2024-09-23,SKU0043,28,732.0,24,237
2024-09-30,SKU0043,0,732.0,24,237
2024-10-07,SKU0043,640,0.0,24,237
2024-10-14,SKU0043,547,0.0,24,237
2024-10-21,SKU0043,463,0.0,24,237
2024-10-28,SKU0043,366,0.0,24,237
2024-11-04,SKU0043,266,0.0,24,237
2024-11-11,SKU0043,161,386.0,24,237
2024-11-18,SKU0043,50,386.0,24,237
2024-11-25,SKU0043,0,386.0,24,237
2024-12-02,SKU0043,346,0.0,24,237
2024-12-09,SKU0043,255,0.0,24,237
2024-12-16,SKU0043,134,419.0,24,237
2024-12-23,SKU0043,0,419.0,24,237
2024-12-30,SKU0043,0,419.0,24,237
2025-01-06,SKU0043,325,0.0,24,237
2025-01-13,SKU0043,224,533.0,24,237
2025-01-20,SKU0043,134,533.0,24,237
2025-01-27,SKU0043,37,533.0,24,237
2025-02-03,SKU0043,0,533.0,24,237
2025-02-10,SKU0043,461,0.0,24,237
2025-02-17,SKU0043,360,0.0,24,237
2025-02-24,SKU0043,250,0.0,24,237
2025-03-03,SKU0043,133,390.0,24,237
2025-03-10,SKU0043,41,390.0,24,237
2025-03-17,SKU0043,0,390.0,24,237
2025-03-24,SKU0043,332,0.0,24,237
2025-03-31,SKU0043,247,0.0,24,237
2025-04-07,SKU0043,164,340.0,24,237
2025-04-14,SKU0043,30,340.0,24,237
2025-04-21,SKU0043,0,340.0,24,237
2025-04-28,SKU0043,299,0.0,24,237
2025-05-05,SKU0043,210,366.0,24,237
2025-05-12,SKU0043,138,366.0,24,237
2025-05-19,SKU0043,60,366.0,24,237
2025-05-26,SKU0043,0,366.0,24,237
2025-06-02,SKU0043,293,0.0,24,237
2025-06-09,SKU0043,232,254.0,24,237
2025-06-16,SKU0043,174,254.0,24,237
2025-06-23,SKU0043,106,254.0,24,237
2025-06-30,SKU0043,47,254.0,24,237
2025-07-07,SKU0043,236,245.0,24,237
2025-07-14,SKU0043,171,245.0,24,237
2025-07-21,SKU0043,50,245.0,24,237
2025-07-28,SKU0043,0,245.0,24,237
2025-08-04,SKU0043,194,254.0,24,237
2025-08-11,SKU0043,119,254.0,24,237
2025-08-18,SKU0043,43,254.0,24,237
2025-08-25,SKU0043,240,0.0,24,237
2025-09-01,SKU0043,180,279.0,24,237
2025-09-08,SKU0043,69,279.0,24,237
2025-09-15,SKU0043,0,279.0,24,237
2025-09-22,SKU0043,236,316.0,24,237
2025-09-29,SKU0043,168,316.0,24,237
2025-10-06,SKU0043,90,316.0,24,237
2025-10-13,SKU0043,6,316.0,24,237
2025-10-20,SKU0043,245,0.0,24,237
2025-10-27,SKU0043,164,360.0,24,237
2025-11-03,SKU0043,71,360.0,24,237
2025-11-10,SKU0043,0,,24,237
2025-11-17,SKU0043,294,0.0,24,237
2025-11-24,SKU0043,196,504.0,24,237
2025-12-01,SKU0043,55,504.0,24,237
2025-12-08,SKU0043,0,504.0,24,237
2025-12-15,SKU0043,0,504.0,24,237
2025-12-22,SKU0043,321,0.0,24,237
2025-12-29,SKU0043,214,530.0,24,237
2024-01-01,SKU0044,151,952.0,18,748
2024-01-08,SKU0044,0,952.0,18,748
2024-01-15,SKU0044,0,952.0,18,748
2024-01-22,SKU0044,793,0.0,18,748
2024-01-29,SKU0044,538,888.0,18,748
2024-02-05,SKU0044,304,888.0,18,748
2024-02-12,SKU0044,941,0.0,18,748
2024-02-19,SKU0044,693,1000.0,18,748
2024-02-26,SKU0044,441,1000.0,18,748
2024-03-04,SKU0044,178,1000.0,18,748
2024-03-11,SKU0044,866,0.0,18,748
2024-03-18,SKU0044,589,916.0,18,748
2024-03-25,SKU0044,302,916.0,18,748
2024-04-01,SKU0044,37,916.0,18,748
2024-04-08,SKU0044,712,951.0,18,748
2024-04-15,SKU0044,385,951.0,18,748
2024-04-22,SKU0044,152,951.0,18,748
2024-04-29,SKU0044,882,0.0,18,748
2024-05-06,SKU0044,674,866.0,18,748
2024-05-13,SKU0044,458,866.0,18,748
2024-05-20,SKU0044,262,866.0,18,748
2024-05-27,SKU0044,924,0.0,18,748
2024-06-03,SKU0044,721,752.0,18,748
2024-06-10,SKU0044,520,752.0,18,748
2024-06-17,SKU0044,325,752.0,18,748
2024-06-24,SKU0044,906,0.0,18,748
2024-07-01,SKU0044,741,592.0,18,748
2024-07-08,SKU0044,582,592.0,18,748
2024-07-15,SKU0044,409,592.0,18,748
2024-07-22,SKU0044,779,0.0,18,748
2024-07-29,SKU0044,633,531.0,18,748
2024-08-05,SKU0044,485,531.0,18,748
2024-08-12,SKU0044,885,0.0,18,748
2024-08-19,SKU0044,748,496.0,18,748
2024-08-26,SKU0044,604,496.0,18,748
2024-09-02,SKU0044,476,496.0,18,748
2024-09-09,SKU0044,795,0.0,18,748
2024-09-16,SKU0044,643,,18,748
2024-09-23,SKU0044,497,501.0,18,748
2024-09-30,SKU0044,841,0.0,18,748
2024-10-07,SKU0044,704,583.0,18,748
2024-10-14,SKU0044,555,583.0,18,748
2024-10-21,SKU0044,369,583.0,18,748
2024-10-28,SKU0044,777,0.0,18,748
2024-11-04,SKU0044,600,608.0,18,748
2024-11-11,SKU0044,399,608.0,18,748
2024-11-18,SKU0044,823,0.0,18,748
2024-11-25,SKU0044,607,686.0,18,748
2024-12-02,SKU0044,332,686.0,18,748
2024-12-09,SKU0044,782,0.0,18,748
2024-12-16,SKU0044,513,760.0,18,748
2024-12-23,SKU0044,246,760.0,18,748
2024-12-30,SKU0044,790,0.0,18,748
2025-01-06,SKU0044,497,955.0,18,748
2025-01-13,SKU0044,247,955.0,18,748
2025-01-20,SKU0044,930,0.0,18,748
2025-01-27,SKU0044,657,967.0,18,748
2025-02-03,SKU0044,420,967.0,18,748
2025-02-10,SKU0044,162,967.0,18,748
2025-02-17,SKU0044,893,0.0,18,748
2025-02-24,SKU0044,634,1002.0,18,748
2025-03-03,SKU0044,367,1002.0,18,748
2025-03-10,SKU0044,91,1002.0,18,748
2025-03-17,SKU0044,814,0.0,18,748
2025-03-24,SKU0044,575,911.0,18,748
2025-03-31,SKU0044,328,911.0,18,748
2025-04-07,SKU0044,994,0.0,18,748
2025-04-14,SKU0044,655,1349.0,18,748
2025-04-21,SKU0044,382,1349.0,18,748
2025-04-28,SKU0044,139,1349.0,18,748
2025-05-05,SKU0044,1275,0.0,18,748
2025-05-12,SKU0044,1074,0.0,18,748
2025-05-19,SKU0044,857,0.0,18,748
2025-05-26,SKU0044,661,730.0,18,748
2025-06-02,SKU0044,454,730.0,18,748
2025-06-09,SKU0044,272,730.0,18,748
2025-06-16,SKU0044,824,0.0,18,748
2025-06-23,SKU0044,616,632.0,18,748
2025-06-30,SKU0044,436,632.0,18,748
2025-07-07,SKU0044,877,0.0,18,748
2025-07-14,SKU0044,747,554.0,18,748
2025-07-21,SKU0044,509,554.0,18,748
2025-07-28,SKU0044,360,554.0,18,748
2025-08-04,SKU0044,777,0.0,18,748
2025-08-11,SKU0044,634,508.0,18,748
2025-08-18,SKU0044,480,508.0,18,748
2025-08-25,SKU0044,831,0.0,18,748
2025-09-01,SKU0044,690,535.0,18,748
2025-09-08,SKU0044,536,535.0,18,748
2025-09-15,SKU0044,386,535.0,18,748
2025-09-22,SKU0044,784,,18,748
2025-09-29,SKU0044,613,516.0,18,748
2025-10-06,SKU0044,473,516.0,18,748
2025-10-13,SKU0044,844,0.0,18,748
2025-10-20,SKU0044,673,619.0,18,748
2025-10-27,SKU0044,534,619.0,18,748
2025-11-03,SKU0044,363,619.0,18,748
2025-11-10,SKU0044,805,0.0,18,748
2025-11-17,SKU0044,631,656.0,18,748
2025-11-24,SKU0044,431,656.0,18,748
2025-12-01,SKU0044,818,0.0,18,748
2025-12-08,SKU0044,610,734.0,18,748
2025-12-15,SKU0044,357,734.0,18,748
2025-12-22,SKU0044,818,0.0,18,748
2025-12-29,SKU0044,593,929.0,18,748
2024-01-01,SKU0045,68,388.0,11,237
2024-01-08,SKU0045,0,388.0,11,237
2024-01-15,SKU0045,311,0.0,11,237
2024-01-22,SKU0045,124,364.0,11,237
2024-01-29,SKU0045,0,364.0,11,237
2024-02-05,SKU0045,195,437.0,11,237
2024-02-12,SKU0045,9,437.0,11,237
2024-02-19,SKU0045,326,0.0,11,237
2024-02-26,SKU0045,142,393.0,11,237
2024-03-04,SKU0045,0,393.0,11,237
2024-03-11,SKU0045,194,451.0,11,237
2024-03-18,SKU0045,14,451.0,11,237
2024-03-25,SKU0045,327,0.0,11,237
2024-04-01,SKU0045,161,385.0,11,237
2024-04-08,SKU0045,0,385.0,11,237
2024-04-15,SKU0045,152,630.0,11,237
2024-04-22,SKU0045,3,630.0,11,237
2024-04-29,SKU0045,483,0.0,11,237
2024-05-06,SKU0045,323,0.0,11,237
2024-05-13,SKU0045,163,331.0,11,237
2024-05-20,SKU0045,20,331.0,11,237
2024-05-27,SKU0045,221,301.0,11,237
2024-06-03,SKU0045,82,301.0,11,237
2024-06-10,SKU0045,239,0.0,11,237
2024-06-17,SKU0045,112,273.0,11,237
2024-06-24,SKU0045,250,0.0,11,237
2024-07-01,SKU0045,147,248.0,11,237
2024-07-08,SKU0045,283,,11,237
2024-07-15,SKU0045,192,221.0,11,237
2024-07-22,SKU0045,63,221.0,11,237
2024-07-29,SKU0045,193,202.0,11,237
2024-08-05,SKU0045,116,202.0,11,237
2024-08-12,SKU0045,239,0.0,11,237
2024-08-19,SKU0045,141,186.0,11,237
2024-08-26,SKU0045,242,0.0,11,237
2024-09-02,SKU0045,163,,11,237
2024-09-09,SKU0045,215,306.0,11,237
2024-09-16,SKU0045,119,306.0,11,237
2024-09-23,SKU0045,342,0.0,11,237
2024-09-30,SKU0045,263,0.0,11,237
2024-10-07,SKU0045,178,194.0,11,237
2024-10-14,SKU0045,281,0.0,11,237
2024-10-21,SKU0045,190,211.0,11,237
2024-10-28,SKU0045,79,211.0,11,237
2024-11-04,SKU0045,190,231.0,11,237
2024-11-11,SKU0045,106,231.0,11,237
2024-11-18,SKU0045,223,260.0,11,237
2024-11-25,SKU0045,84,260.0,11,237
2024-12-02,SKU0045,182,322.0,11,237
2024-12-09,SKU0045,60,322.0,11,237
2024-12-16,SKU0045,234,462.0,11,237
2024-12-23,SKU0045,40,462.0,11,237
2024-12-30,SKU0045,367,0.0,11,237
2025-01-06,SKU0045,202,587.0,11,237
2025-01-13,SKU0045,0,587.0,11,237
2025-01-20,SKU0045,460,0.0,11,237
2025-01-27,SKU0045,295,0.0,11,237
2025-02-03,SKU0045,117,377.0,11,237
2025-02-10,SKU0045,348,0.0,11,237
2025-02-17,SKU0045,163,446.0,11,237
2025-02-24,SKU0045,0,446.0,11,237
2025-03-03,SKU0045,276,0.0,11,237
2025-03-10,SKU0045,81,394.0,11,237
2025-03-17,SKU0045,345,0.0,11,237
2025-03-24,SKU0045,156,446.0,11,237
2025-03-31,SKU0045,0,446.0,11,237
2025-04-07,SKU0045,290,0.0,11,237
2025-04-14,SKU0045,46,374.0,11,237
2025-04-21,SKU0045,333,0.0,11,237
2025-04-28,SKU0045,152,404.0,11,237
2025-05-05,SKU0045,0,404.0,11,237
2025-05-12,SKU0045,279,0.0,11,237
2025-05-19,SKU0045,127,324.0,11,237
2025-05-26,SKU0045,307,0.0,11,237
2025-06-02,SKU0045,181,335.0,11,237
2025-06-09,SKU0045,54,335.0,11,237
2025-06-16,SKU0045,266,0.0,11,237
2025-06-23,SKU0045,159,260.0,11,237
2025-06-30,SKU0045,317,0.0,11,237
2025-07-07,SKU0045,206,263.0,11,237
2025-07-14,SKU0045,96,263.0,11,237
2025-07-21,SKU0045,231,309.0,11,237
2025-07-28,SKU0045,122,309.0,11,237
2025-08-04,SKU0045,337,0.0,11,237
2025-08-11,SKU0045,248,0.0,11,237
2025-08-18,SKU0045,152,186.0,11,237
2025-08-25,SKU0045,253,0.0,11,237
2025-09-01,SKU0045,180,180.0,11,237
2025-09-08,SKU0045,239,0.0,11,237
2025-09-15,SKU0045,139,267.0,11,237
2025-09-22,SKU0045,322,0.0,11,237
2025-09-29,SKU0045,237,190.0,11,237
2025-10-06,SKU0045,152,190.0,11,237
2025-10-13,SKU0045,244,0.0,11,237
2025-10-20,SKU0045,129,205.0,11,237
2025-10-27,SKU0045,234,223.0,11,237
2025-11-03,SKU0045,142,223.0,11,237
2025-11-10,SKU0045,224,279.0,11,237
2025-11-17,SKU0045,115,279.0,11,237
2025-11-24,SKU0045,253,0.0,11,237
2025-12-01,SKU0045,92,404.0,11,237
2025-12-08,SKU0045,347,0.0,11,237
2025-12-15,SKU0045,197,351.0,11,237
2025-12-22,SKU0045,0,351.0,11,237
2025-12-29,SKU0045,232,333.0,11,237
2024-09-09,SKU0046,0,465.0,9,379
2024-09-16,SKU0046,366,413.0,9,379
2024-09-23,SKU0046,201,413.0,9,379
2024-09-30,SKU0046,456,0.0,9,379
2024-10-07,SKU0046,321,363.0,9,379
2024-10-14,SKU0046,550,0.0,9,379
2024-10-21,SKU0046,426,0.0,9,379
2024-10-28,SKU0046,308,302.0,9,379
2024-11-04,SKU0046,487,0.0,9,379
2024-11-11,SKU0046,352,305.0,9,379
2024-11-18,SKU0046,213,305.0,9,379
2024-11-25,SKU0046,385,0.0,9,379
2024-12-02,SKU0046,203,551.0,9,379
2024-12-09,SKU0046,636,0.0,9,379
2024-12-16,SKU0046,443,0.0,9,379
2024-12-23,SKU0046,215,642.0,9,379
2024-12-30,SKU0046,696,0.0,9,379
2025-01-06,SKU0046,485,0.0,9,379
2025-01-13,SKU0046,213,785.0,9,379
2025-01-20,SKU0046,796,0.0,9,379
2025-01-27,SKU0046,594,0.0,9,379
2025-02-03,SKU0046,344,575.0,9,379
2025-02-10,SKU0046,91,575.0,9,379
2025-02-17,SKU0046,433,0.0,9,379
2025-02-24,SKU0046,164,630.0,9,379
2025-03-03,SKU0046,502,0.0,9,379
2025-03-10,SKU0046,176,703.0,9,379
2025-03-17,SKU0046,570,0.0,9,379
2025-03-24,SKU0046,225,768.0,9,379
2025-03-31,SKU0046,676,0.0,9,379
2025-04-07,SKU0046,334,826.0,9,379
2025-04-14,SKU0046,0,826.0,9,379
2025-04-21,SKU0046,511,0.0,9,379
2025-04-28,SKU0046,136,864.0,9,379
2025-05-05,SKU0046,696,0.0,9,379
2025-05-12,SKU0046,291,926.0,9,379
2025-05-19,SKU0046,0,926.0,9,379
2025-05-26,SKU0046,535,0.0,9,379
2025-06-02,SKU0046,191,863.0,9,379
2025-06-09,SKU0046,771,0.0,9,379
2025-06-16,SKU0046,428,0.0,9,379
2025-06-23,SKU0046,107,819.0,9,379
2025-06-30,SKU0046,628,0.0,9,379
2025-07-07,SKU0046,273,,9,379
2025-07-14,SKU0046,780,0.0,9,379
2025-07-21,SKU0046,195,1354.0,9,379
2025-07-28,SKU0046,1320,0.0,9,379
2025-08-04,SKU0046,1046,0.0,9,379
2025-08-11,SKU0046,769,0.0,9,379
2025-08-18,SKU0046,536,0.0,9,379
2025-08-25,SKU0046,315,552.0,9,379
2025-09-01,SKU0046,640,0.0,9,379
2025-09-08,SKU0046,359,823.0,9,379
2025-09-15,SKU0046,111,823.0,9,379
2025-09-22,SKU0046,779,0.0,9,379
2025-09-29,SKU0046,645,0.0,9,379
2025-10-06,SKU0046,496,0.0,9,379
2025-10-13,SKU0046,360,322.0,9,379
2025-10-20,SKU0046,244,322.0,9,379
2025-10-27,SKU0046,439,0.0,9,379
2025-11-03,SKU0046,306,293.0,9,379
2025-11-10,SKU0046,494,0.0,9,379
2025-11-17,SKU0046,373,290.0,9,379
2025-11-24,SKU0046,257,290.0,9,379
2025-12-01,SKU0046,358,306.0,9,379
2025-12-08,SKU0046,215,306.0,9,379
2025-12-15,SKU0046,362,624.0,9,379
2025-12-22,SKU0046,85,624.0,9,379
2025-12-29,SKU0046,542,0.0,9,379
2024-11-18,SKU0047,34,338.0,15,177
2024-11-25,SKU0047,0,338.0,15,177
2024-12-02,SKU0047,295,0.0,15,177
2024-12-09,SKU0047,191,0.0,15,177
2024-12-16,SKU0047,71,345.0,15,177
2024-12-23,SKU0047,0,345.0,15,177
2024-12-30,SKU0047,267,0.0,15,177
2025-01-06,SKU0047,125,672.0,15,177
2025-01-13,SKU0047,0,672.0,15,177
2025-01-20,SKU0047,662,0.0,15,177
2025-01-27,SKU0047,564,0.0,15,177
2025-02-03,SKU0047,477,0.0,15,177
2025-02-10,SKU0047,395,0.0,15,177
2025-02-17,SKU0047,317,0.0,15,177
2025-02-24,SKU0047,241,0.0,15,177
2025-03-03,SKU0047,175,259.0,15,177
2025-03-10,SKU0047,113,259.0,15,177
2025-03-17,SKU0047,42,259.0,15,177
2025-03-24,SKU0047,213,0.0,15,177
2025-03-31,SKU0047,146,228.0,15,177
2025-04-07,SKU0047,93,228.0,15,177
2025-04-14,SKU0047,247,0.0,15,177
2025-04-21,SKU0047,185,0.0,15,177
2025-04-28,SKU0047,128,182.0,15,177
2025-05-05,SKU0047,72,,15,177
2025-05-12,SKU0047,211,0.0,15,177
2025-05-19,SKU0047,161,168.0,15,177
2025-05-26,SKU0047,115,168.0,15,177
2025-06-02,SKU0047,232,0.0,15,177
2025-06-09,SKU0047,191,0.0,15,177
2025-06-16,SKU0047,154,153.0,15,177
2025-06-23,SKU0047,107,153.0,15,177
2025-06-30,SKU0047,226,0.0,15,177
2025-07-07,SKU0047,184,0.0,15,177
2025-07-14,SKU0047,129,167.0,15,177
2025-07-21,SKU0047,46,167.0,15,177
2025-07-28,SKU0047,153,196.0,15,177
2025-08-04,SKU0047,105,196.0,15,177
2025-08-11,SKU0047,236,0.0,15,177
2025-08-18,SKU0047,168,230.0,15,177
2025-08-25,SKU0047,109,230.0,15,177
2025-09-01,SKU0047,265,0.0,15,177
2025-09-08,SKU0047,164,482.0,15,177
2025-09-15,SKU0047,61,482.0,15,177
2025-09-22,SKU0047,0,482.0,15,177
2025-09-29,SKU0047,403,0.0,15,177
2025-10-06,SKU0047,312,0.0,15,177
2025-10-13,SKU0047,227,0.0,15,177
2025-10-20,SKU0047,136,335.0,15,177
2025-10-27,SKU0047,45,335.0,15,177
2025-11-03,SKU0047,304,0.0,15,177
2025-11-10,SKU0047,197,0.0,15,177
2025-11-17,SKU0047,92,343.0,15,177
2025-11-24,SKU0047,14,343.0,15,177
2025-12-01,SKU0047,242,0.0,15,177
2025-12-08,SKU0047,159,373.0,15,177
2025-12-15,SKU0047,55,373.0,15,177
2025-12-22,SKU0047,356,0.0,15,177
2025-12-29,SKU0047,266,0.0,15,177
2024-01-01,SKU0048,166,763.0,12,701
2024-01-08,SKU0048,0,763.0,12,701
2024-01-15,SKU0048,675,735.0,12,701
2024-01-22,SKU0048,433,735.0,12,701
2024-01-29,SKU0048,938,0.0,12,701
2024-02-05,SKU0048,719,0.0,12,701
2024-02-12,SKU0048,499,747.0,12,701
2024-02-19,SKU0048,1025,0.0,12,701
2024-02-26,SKU0048,818,0.0,12,701
2024-03-04,SKU0048,546,839.0,12,701
2024-03-11,SKU0048,275,839.0,12,701
2024-03-18,SKU0048,830,0.0,12,701
2024-03-25,SKU0048,532,931.0,12,701
2024-04-01,SKU0048,253,931.0,12,701
2024-04-08,SKU0048,877,0.0,12,701
2024-04-15,SKU0048,433,1694.0,12,701
2024-04-22,SKU0048,108,1694.0,12,701
2024-04-29,SKU0048,1489,0.0,12,701
2024-05-06,SKU0048,1155,0.0,12,701
2024-05-13,SKU0048,798,0.0,12,701
2024-05-20,SKU0048,450,1129.0,12,701
2024-05-27,SKU0048,1222,0.0,12,701
2024-06-03,SKU0048,870,0.0,12,701
2024-06-10,SKU0048,489,1165.0,12,701
2024-06-17,SKU0048,133,1165.0,12,701
2024-06-24,SKU0048,935,0.0,12,701
2024-07-01,SKU0048,572,1251.0,12,701
2024-07-08,SKU0048,229,1251.0,12,701
2024-07-15,SKU0048,1096,0.0,12,701
2024-07-22,SKU0048,576,2014.0,12,701
2024-07-29,SKU0048,278,2014.0,12,701
2024-08-05,SKU0048,1980,0.0,12,701
2024-08-12,SKU0048,1654,0.0,12,701
2024-08-19,SKU0048,1336,0.0,12,701
2024-08-26,SKU0048,1001,0.0,12,701
2024-09-02,SKU0048,719,0.0,12,701
2024-09-09,SKU0048,267,970.0,12,701
2024-09-16,SKU0048,955,0.0,12,701
2024-09-23,SKU0048,647,953.0,12,701
2024-09-30,SKU0048,392,953.0,12,701
2024-10-07,SKU0048,1120,0.0,12,701
2024-10-14,SKU0048,885,0.0,12,701
2024-10-21,SKU0048,660,829.0,12,701
2024-10-28,SKU0048,435,829.0,12,701
2024-11-04,SKU0048,1039,0.0,12,701
2024-11-11,SKU0048,813,0.0,12,701
2024-11-18,SKU0048,591,692.0,12,701
2024-11-25,SKU0048,381,692.0,12,701
2024-12-02,SKU0048,789,0.0,12,701
2024-12-09,SKU0048,601,659.0,12,701
2024-12-16,SKU0048,395,659.0,12,701
2024-12-23,SKU0048,779,0.0,12,701
2024-12-30,SKU0048,587,,12,701
2025-01-06,SKU0048,307,659.0,12,701
2025-01-13,SKU0048,685,683.0,12,701
2025-01-20,SKU0048,482,683.0,12,701
2025-01-27,SKU0048,929,0.0,12,701
2025-02-03,SKU0048,699,740.0,12,701
2025-02-10,SKU0048,469,740.0,12,701
2025-02-17,SKU0048,965,0.0,12,701
2025-02-24,SKU0048,699,818.0,12,701
2025-03-03,SKU0048,428,818.0,12,701
2025-03-10,SKU0048,980,0.0,12,701
2025-03-17,SKU0048,685,909.0,12,701
2025-03-24,SKU0048,394,909.0,12,701
2025-03-31,SKU0048,981,0.0,12,701
2025-04-07,SKU0048,668,1000.0,12,701
2025-04-14,SKU0048,220,1000.0,12,701
2025-04-21,SKU0048,896,0.0,12,701
2025-04-28,SKU0048,546,1069.0,12,701
2025-05-05,SKU0048,205,1069.0,12,701
2025-05-12,SKU0048,933,0.0,12,701
2025-05-19,SKU0048,611,1218.0,12,701
2025-05-26,SKU0048,285,1218.0,12,701
2025-06-02,SKU0048,1161,0.0,12,701
2025-06-09,SKU0048,824,0.0,12,701
2025-06-16,SKU0048,499,1168.0,12,701
2025-06-23,SKU0048,142,1168.0,12,701
2025-06-30,SKU0048,915,0.0,12,701
2025-07-07,SKU0048,559,1243.0,12,701
2025-07-14,SKU0048,228,,12,701
2025-07-21,SKU0048,896,0.0,12,701
2025-07-28,SKU0048,602,,12,701
2025-08-04,SKU0048,301,1197.0,12,701
2025-08-11,SKU0048,1179,0.0,12,701
2025-08-18,SKU0048,858,0.0,12,701
2025-08-25,SKU0048,518,1020.0,12,701
2025-09-01,SKU0048,230,1020.0,12,701
2025-09-08,SKU0048,861,0.0,12,701
2025-09-15,SKU0048,488,935.0,12,701
2025-09-22,SKU0048,217,935.0,12,701
2025-09-29,SKU0048,912,0.0,12,701
2025-10-06,SKU0048,638,893.0,12,701
2025-10-13,SKU0048,355,893.0,12,701
2025-10-20,SKU0048,1023,,12,701
2025-10-27,SKU0048,771,0.0,12,701
2025-11-03,SKU0048,545,736.0,12,701
2025-11-10,SKU0048,314,736.0,12,701
2025-11-17,SKU0048,821,0.0,12,701
2025-11-24,SKU0048,619,679.0,12,701
2025-12-01,SKU0048,342,679.0,12,701
2025-12-08,SKU0048,807,0.0,12,701
2025-12-15,SKU0048,611,705.0,12,701
2025-12-22,SKU0048,284,,12,701
2025-12-29,SKU0048,770,0.0,12,701
2025-03-24,SKU0049,52,784.0,17,345
2025-03-31,SKU0049,0,784.0,17,345
2025-04-07,SKU0049,0,784.0,17,345
2025-04-14,SKU0049,502,0.0,17,345
2025-04-21,SKU0049,297,1029.0,17,345
2025-04-28,SKU0049,86,1029.0,17,345
2025-05-05,SKU0049,0,1029.0,17,345
2025-05-12,SKU0049,849,0.0,17,345
2025-05-19,SKU0049,600,0.0,17,345
2025-05-26,SKU0049,363,0.0,17,345
2025-06-02,SKU0049,119,1097.0,17,345
2025-06-09,SKU0049,0,1097.0,17,345
2025-06-16,SKU0049,953,0.0,17,345
2025-06-23,SKU0049,677,0.0,17,345
2025-06-30,SKU0049,408,0.0,17,345
2025-07-07,SKU0049,157,1171.0,17,345
2025-07-14,SKU0049,0,1171.0,17,345
2025-07-21,SKU0049,1053,0.0,17,345
2025-07-28,SKU0049,800,0.0,17,345
2025-08-04,SKU0049,577,0.0,17,345
2025-08-11,SKU0049,315,1066.0,17,345
2025-08-18,SKU0049,87,1066.0,17,345
2025-08-25,SKU0049,0,1066.0,17,345
2025-09-01,SKU0049,914,0.0,17,345
2025-09-08,SKU0049,636,0.0,17,345
2025-09-15,SKU0049,398,0.0,17,345
2025-09-22,SKU0049,214,829.0,17,345
2025-09-29,SKU0049,42,829.0,17,345
2025-10-06,SKU0049,788,0.0,17,345
2025-10-13,SKU0049,653,0.0,17,345
2025-10-20,SKU0049,505,0.0,17,345
2025-10-27,SKU0049,386,0.0,17,345
2025-11-03,SKU0049,273,529.0,17,345
2025-11-10,SKU0049,173,529.0,17,345
2025-11-17,SKU0049,601,0.0,17,345
2025-11-24,SKU0049,510,0.0,17,345
2025-12-01,SKU0049,385,0.0,17,345
2025-12-08,SKU0049,308,405.0,17,345
2025-12-15,SKU0049,228,405.0,17,345
2025-12-22,SKU0049,122,405.0,17,345
2025-12-29,SKU0049,462,0.0,17,345
2024-01-01,SKU0050,9,1477.0,20,664
2024-01-08,SKU0050,0,1477.0,20,664
2024-01-15,SKU0050,0,1477.0,20,664
2024-01-22,SKU0050,1377,0.0,20,664
2024-01-29,SKU0050,1017,0.0,20,664
2024-02-05,SKU0050,706,0.0,20,664
2024-02-12,SKU0050,378,1275.0,20,664
2024-02-19,SKU0050,76,1275.0,20,664
2024-02-26,SKU0050,0,1275.0,20,664
2024-03-04,SKU0050,961,0.0,20,664
2024-03-11,SKU0050,640,1190.0,20,664
2024-03-18,SKU0050,349,1190.0,20,664
2024-03-25,SKU0050,77,1190.0,20,664
2024-04-01,SKU0050,1086,0.0,20,664
2024-04-08,SKU0050,773,0.0,20,664
2024-04-15,SKU0050,326,1834.0,20,664
2024-04-22,SKU0050,55,1834.0,20,664
2024-04-29,SKU0050,0,1834.0,20,664
2024-05-06,SKU0050,1594,0.0,20,664
2024-05-13,SKU0050,1367,0.0,20,664
2024-05-20,SKU0050,1103,0.0,20,664
2024-05-27,SKU0050,867,0.0,20,664
2024-06-03,SKU0050,620,1099.0,20,664
2024-06-10,SKU0050,378,1099.0,20,664
2024-06-17,SKU0050,162,1099.0,20,664
2024-06-24,SKU0050,1053,0.0,20,664
2024-07-01,SKU0050,835,0.0,20,664
2024-07-08,SKU0050,611,1016.0,20,664
2024-07-15,SKU0050,370,1016.0,20,664
2024-07-22,SKU0050,38,1016.0,20,664
2024-07-29,SKU0050,915,0.0,20,664
2024-08-05,SKU0050,702,0.0,20,664
2024-08-12,SKU0050,486,817.0,20,664
2024-08-19,SKU0050,263,817.0,20,664
2024-08-26,SKU0050,54,817.0,20,664
2024-09-02,SKU0050,658,879.0,20,664
2024-09-09,SKU0050,331,879.0,20,664
2024-09-16,SKU0050,61,879.0,20,664
2024-09-23,SKU0050,793,0.0,20,664
2024-09-30,SKU0050,557,971.0,20,664
2024-10-07,SKU0050,258,971.0,20,664
2024-10-14,SKU0050,0,971.0,20,664
2024-10-21,SKU0050,754,0.0,20,664
2024-10-28,SKU0050,468,1084.0,20,664
2024-11-04,SKU0050,185,1084.0,20,664
2024-11-11,SKU0050,0,1084.0,20,664
2024-11-18,SKU0050,821,0.0,20,664
2024-11-25,SKU0050,508,1520.0,20,664
2024-12-02,SKU0050,73,1520.0,20,664
2024-12-09,SKU0050,0,1520.0,20,664
2024-12-16,SKU0050,1259,0.0,20,664
2024-12-23,SKU0050,745,0.0,20,664
2024-12-30,SKU0050,393,1474.0,20,664
2025-01-06,SKU0050,0,1474.0,20,664
2025-01-13,SKU0050,0,1474.0,20,664
2025-01-20,SKU0050,1139,0.0,20,664
2025-01-27,SKU0050,789,0.0,20,664
2025-02-03,SKU0050,462,1289.0,20,664
2025-02-10,SKU0050,132,1289.0,20,664
2025-02-17,SKU0050,0,1289.0,20,664
2025-02-24,SKU0050,977,0.0,20,664
2025-03-03,SKU0050,683,0.0,20,664
2025-03-10,SKU0050,358,1218.0,20,664
2025-03-17,SKU0050,67,1218.0,20,664
2025-03-24,SKU0050,1179,0.0,20,664
2025-03-31,SKU0050,893,0.0,20,664
2025-04-07,SKU0050,587,1384.0,20,664
2025-04-14,SKU0050,132,1384.0,20,664
2025-04-21,SKU0050,0,1384.0,20,664
2025-04-28,SKU0050,1256,0.0,20,664
2025-05-05,SKU0050,977,0.0,20,664
2025-05-12,SKU0050,719,0.0,20,664
2025-05-19,SKU0050,455,937.0,20,664
2025-05-26,SKU0050,236,937.0,20,664
2025-06-02,SKU0050,22,937.0,20,664
2025-06-09,SKU0050,729,0.0,20,664
2025-06-16,SKU0050,486,846.0,20,664
2025-06-23,SKU0050,250,846.0,20,664
2025-06-30,SKU0050,36,846.0,20,664
2025-07-07,SKU0050,637,808.0,20,664
2025-07-14,SKU0050,430,808.0,20,664
2025-07-21,SKU0050,51,808.0,20,664
2025-07-28,SKU0050,745,0.0,20,664
2025-08-04,SKU0050,536,813.0,20,664
2025-08-11,SKU0050,316,813.0,20,664
2025-08-18,SKU0050,109,813.0,20,664
2025-08-25,SKU0050,681,0.0,20,664
2025-09-01,SKU0050,460,863.0,20,664
2025-09-08,SKU0050,140,863.0,20,664
2025-09-15,SKU0050,831,0.0,20,664
2025-09-22,SKU0050,547,1199.0,20,664
2025-09-29,SKU0050,320,1199.0,20,664
2025-10-06,SKU0050,69,1199.0,20,664
2025-10-13,SKU0050,1035,0.0,20,664
2025-10-20,SKU0050,741,0.0,20,664
2025-10-27,SKU0050,446,1085.0,20,664
2025-11-03,SKU0050,158,1085.0,20,664
2025-11-10,SKU0050,0,1085.0,20,664
2025-11-17,SKU0050,816,0.0,20,664
2025-11-24,SKU0050,503,1199.0,20,664
2025-12-01,SKU0050,49,1199.0,20,664
2025-12-08,SKU0050,0,1199.0,20,664
2025-12-15,SKU0050,944,0.0,20,664
2025-12-22,SKU0050,390,2190.0,20,664
2025-12-29,SKU0050,26,2190.0,20,664
2025-04-07,SKU0051,58,522.0,23,166
2025-04-14,SKU0051,0,522.0,23,166
2025-04-21,SKU0051,0,522.0,23,166
2025-04-28,SKU0051,511,0.0,23,166
2025-05-05,SKU0051,432,0.0,23,166
2025-05-12,SKU0051,360,0.0,23,166
2025-05-19,SKU0051,297,0.0,23,166
2025-05-26,SKU0051,240,0.0,23,166
2025-06-02,SKU0051,182,0.0,23,166
2025-06-09,SKU0051,123,338.0,23,166
2025-06-16,SKU0051,63,338.0,23,166
2025-06-23,SKU0051,0,338.0,23,166
2025-06-30,SKU0051,302,0.0,23,166
2025-07-07,SKU0051,241,0.0,23,166
2025-07-14,SKU0051,184,0.0,23,166
2025-07-21,SKU0051,47,681.0,23,166
2025-07-28,SKU0051,0,681.0,23,166
2025-08-04,SKU0051,0,681.0,23,166
2025-08-11,SKU0051,634,0.0,23,166
2025-08-18,SKU0051,560,0.0,23,166
2025-08-25,SKU0051,475,0.0,23,166
2025-09-01,SKU0051,395,0.0,23,166
2025-09-08,SKU0051,257,0.0,23,166
2025-09-15,SKU0051,144,541.0,23,166
2025-09-22,SKU0051,56,541.0,23,166
2025-09-29,SKU0051,0,541.0,23,166
2025-10-06,SKU0051,0,541.0,23,166
2025-10-13,SKU0051,457,0.0,23,166
2025-10-20,SKU0051,347,0.0,23,166
2025-10-27,SKU0051,245,0.0,23,166
2025-11-03,SKU0051,137,691.0,23,166
2025-11-10,SKU0051,33,691.0,23,166
2025-11-17,SKU0051,0,691.0,23,166
2025-11-24,SKU0051,0,691.0,23,166
2025-12-01,SKU0051,516,0.0,23,166
2025-12-08,SKU0051,390,0.0,23,166
2025-12-15,SKU0051,265,0.0,23,166
2025-12-22,SKU0051,35,1324.0,23,166
2025-12-29,SKU0051,0,1324.0,23,166
2024-01-01,SKU0052,168,0.0,19,77
2024-01-08,SKU0052,143,0.0,19,77
2024-01-15,SKU0052,112,0.0,19,77
2024-01-22,SKU0052,83,0.0,19,77
2024-01-29,SKU0052,53,82.0,19,77
2024-02-05,SKU0052,27,82.0,19,77
2024-02-12,SKU0052,81,0.0,19,77
2024-02-19,SKU0052,55,79.0,19,77
2024-02-26,SKU0052,39,79.0,19,77
2024-03-04,SKU0052,94,0.0,19,77
2024-03-11,SKU0052,73,99.0,19,77
2024-03-18,SKU0052,48,99.0,19,77
2024-03-25,SKU0052,25,99.0,19,77
2024-04-01,SKU0052,104,0.0,19,77
2024-04-08,SKU0052,84,0.0,19,77
2024-04-15,SKU0052,53,122.0,19,77
2024-04-22,SKU0052,33,122.0,19,77
2024-04-29,SKU0052,135,0.0,19,77
2024-05-06,SKU0052,107,0.0,19,77
2024-05-13,SKU0052,88,0.0,19,77
2024-05-20,SKU0052,65,77.0,19,77
2024-05-27,SKU0052,43,77.0,19,77
2024-06-03,SKU0052,19,77.0,19,77
2024-06-10,SKU0052,72,104.0,19,77
2024-06-17,SKU0052,41,104.0,19,77
2024-06-24,SKU0052,7,104.0,19,77
2024-07-01,SKU0052,94,0.0,19,77
2024-07-08,SKU0052,71,109.0,19,77
2024-07-15,SKU0052,49,109.0,19,77
2024-07-22,SKU0052,7,109.0,19,77
2024-07-29,SKU0052,92,0.0,19,77
2024-08-05,SKU0052,59,88.0,19,77
2024-08-12,SKU0052,39,88.0,19,77
2024-08-19,SKU0052,6,88.0,19,77
2024-08-26,SKU0052,72,117.0,19,77
2024-09-02,SKU0052,51,117.0,19,77
2024-09-09,SKU0052,23,117.0,19,77
2024-09-16,SKU0052,113,0.0,19,77
2024-09-23,SKU0052,65,120.0,19,77
2024-09-30,SKU0052,46,120.0,19,77
2024-10-07,SKU0052,30,120.0,19,77
2024-10-14,SKU0052,123,0.0,19,77
2024-10-21,SKU0052,102,0.0,19,77
2024-10-28,SKU0052,83,0.0,19,77
2024-11-04,SKU0052,57,,19,77
2024-11-11,SKU0052,21,92.0,19,77
2024-11-18,SKU0052,0,92.0,19,77
2024-11-25,SKU0052,68,117.0,19,77
2024-12-02,SKU0052,25,117.0,19,77
2024-12-09,SKU0052,10,117.0,19,77
2024-12-16,SKU0052,92,0.0,19,77
2024-12-23,SKU0052,56,141.0,19,77
2024-12-30,SKU0052,37,141.0,19,77
2025-01-06,SKU0052,6,141.0,19,77
2025-01-13,SKU0052,109,0.0,19,77
2025-01-20,SKU0052,81,0.0,19,77
2025-01-27,SKU0052,58,82.0,19,77
2025-02-03,SKU0052,34,82.0,19,77
2025-02-10,SKU0052,83,0.0,19,77
2025-02-17,SKU0052,64,79.0,19,77
2025-02-24,SKU0052,37,79.0,19,77
2025-03-03,SKU0052,17,79.0,19,77
2025-03-10,SKU0052,80,0.0,19,77
2025-03-17,SKU0052,53,76.0,19,77
2025-03-24,SKU0052,32,76.0,19,77
2025-03-31,SKU0052,89,0.0,19,77
2025-04-07,SKU0052,71,98.0,19,77
2025-04-14,SKU0052,38,98.0,19,77
2025-04-21,SKU0052,11,98.0,19,77
2025-04-28,SKU0052,83,0.0,19,77
2025-05-05,SKU0052,66,76.0,19,77
2025-05-12,SKU0052,50,76.0,19,77
2025-05-19,SKU0052,102,0.0,19,77
2025-05-26,SKU0052,73,101.0,19,77
2025-06-02,SKU0052,49,101.0,19,77
2025-06-09,SKU0052,14,101.0,19,77
2025-06-16,SKU0052,98,0.0,19,77
2025-06-23,SKU0052,67,106.0,19,77
2025-06-30,SKU0052,45,106.0,19,77
2025-07-07,SKU0052,12,106.0,19,77
2025-07-14,SKU0052,98,0.0,19,77
2025-07-21,SKU0052,53,138.0,19,77
2025-07-28,SKU0052,29,138.0,19,77
2025-08-04,SKU0052,8,138.0,19,77
2025-08-11,SKU0052,113,0.0,19,77
2025-08-18,SKU0052,84,0.0,19,77
2025-08-25,SKU0052,62,90.0,19,77
2025-09-01,SKU0052,35,90.0,19,77
2025-09-08,SKU0052,0,90.0,19,77
2025-09-15,SKU0052,67,92.0,19,77
2025-09-22,SKU0052,34,92.0,19,77
2025-09-29,SKU0052,3,92.0,19,77
2025-10-06,SKU0052,71,120.0,19,77
2025-10-13,SKU0052,34,120.0,19,77
2025-10-20,SKU0052,10,120.0,19,77
2025-10-27,SKU0052,109,0.0,19,77
2025-11-03,SKU0052,77,92.0,19,77
2025-11-10,SKU0052,59,92.0,19,77
2025-11-17,SKU0052,41,92.0,19,77
2025-11-24,SKU0052,100,0.0,19,77
2025-12-01,SKU0052,62,166.0,19,77
2025-12-08,SKU0052,37,166.0,19,77
2025-12-15,SKU0052,6,166.0,19,77
2025-12-22,SKU0052,143,0.0,19,77
2025-12-29,SKU0052,119,0.0,19,77
2024-01-01,SKU0053,123,992.0,25,241
2024-01-08,SKU0053,0,992.0,25,241
2024-01-15,SKU0053,0,992.0,25,241
2024-01-22,SKU0053,0,992.0,25,241
2024-01-29,SKU0053,926,0.0,25,241
2024-02-05,SKU0053,796,0.0,25,241
2024-02-12,SKU0053,707,0.0,25,241
2024-02-19,SKU0053,608,0.0,25,241
2024-02-26,SKU0053,503,0.0,25,241
2024-03-04,SKU0053,411,0.0,25,241
2024-03-11,SKU0053,311,0.0,25,241
2024-03-18,SKU0053,222,756.0,25,241
2024-03-25,SKU0053,122,756.0,25,241
2024-04-01,SKU0053,31,756.0,25,241
2024-04-08,SKU0053,0,756.0,25,241
2024-04-15,SKU0053,646,0.0,25,241
2024-04-22,SKU0053,558,0.0,25,241
2024-04-29,SKU0053,455,0.0,25,241
2024-05-06,SKU0053,361,0.0,25,241
2024-05-13,SKU0053,272,0.0,25,241
2024-05-20,SKU0053,176,581.0,25,241
2024-05-27,SKU0053,99,581.0,25,241
2024-06-03,SKU0053,0,581.0,25,241
2024-06-10,SKU0053,567,0.0,25,241
2024-06-17,SKU0053,474,0.0,25,241
2024-06-24,SKU0053,402,,25,241
2024-07-01,SKU0053,292,0.0,25,241
2024-07-08,SKU0053,187,693.0,25,241
2024-07-15,SKU0053,63,693.0,25,241
2024-07-22,SKU0053,0,693.0,25,241
2024-07-29,SKU0053,0,693.0,25,241
2024-08-05,SKU0053,578,0.0,25,241
2024-08-12,SKU0053,446,0.0,25,241
2024-08-19,SKU0053,315,0.0,25,241
2024-08-26,SKU0053,171,859.0,25,241
2024-09-02,SKU0053,0,,25,241
2024-09-09,SKU0053,0,859.0,25,241
2024-09-16,SKU0053,0,859.0,25,241
2024-09-23,SKU0053,720,0.0,25,241
2024-09-30,SKU0053,576,0.0,25,241
2024-10-07,SKU0053,437,0.0,25,241
2024-10-14,SKU0053,273,0.0,25,241
2024-10-21,SKU0053,114,975.0,25,241
2024-10-28,SKU0053,0,975.0,25,241
2024-11-04,SKU0053,0,975.0,25,241
2024-11-11,SKU0053,920,0.0,25,241
2024-11-18,SKU0053,789,0.0,25,241
2024-11-25,SKU0053,640,0.0,25,241
2024-12-02,SKU0053,440,0.0,25,241
2024-12-09,SKU0053,245,0.0,25,241
2024-12-16,SKU0053,77,932.0,25,241
2024-12-23,SKU0053,0,932.0,25,241
2024-12-30,SKU0053,0,932.0,25,241
2025-01-06,SKU0053,821,0.0,25,241
2025-01-13,SKU0053,673,0.0,25,241
2025-01-20,SKU0053,527,0.0,25,241
2025-01-27,SKU0053,406,0.0,25,241
2025-02-03,SKU0053,278,0.0,25,241
2025-02-10,SKU0053,154,753.0,25,241
2025-02-17,SKU0053,19,753.0,25,241
2025-02-24,SKU0053,0,753.0,25,241
2025-03-03,SKU0053,738,0.0,25,241
2025-03-10,SKU0053,626,0.0,25,241
2025-03-17,SKU0053,532,0.0,25,241
2025-03-24,SKU0053,441,0.0,25,241
2025-03-31,SKU0053,334,0.0,25,241
2025-04-07,SKU0053,236,600.0,25,241
2025-04-14,SKU0053,99,600.0,25,241
2025-04-21,SKU0053,0,600.0,25,241
2025-04-28,SKU0053,0,600.0,25,241
2025-05-05,SKU0053,546,0.0,25,241
2025-05-12,SKU0053,451,0.0,25,241
2025-05-19,SKU0053,356,0.0,25,241
2025-05-26,SKU0053,266,0.0,25,241
2025-06-02,SKU0053,174,610.0,25,241
2025-06-09,SKU0053,81,610.0,25,241
2025-06-16,SKU0053,0,610.0,25,241
2025-06-23,SKU0053,570,0.0,25,241
2025-06-30,SKU0053,465,0.0,25,241
2025-07-07,SKU0053,364,0.0,25,241
2025-07-14,SKU0053,259,0.0,25,241
2025-07-21,SKU0053,41,1332.0,25,241
2025-07-28,SKU0053,0,1332.0,25,241
2025-08-04,SKU0053,0,1332.0,25,241
2025-08-11,SKU0053,1257,0.0,25,241
2025-08-18,SKU0053,1128,0.0,25,241
2025-08-25,SKU0053,1014,0.0,25,241
2025-09-01,SKU0053,889,0.0,25,241
2025-09-08,SKU0053,701,0.0,25,241
2025-09-15,SKU0053,519,0.0,25,241
2025-09-22,SKU0053,341,0.0,25,241
2025-09-29,SKU0053,205,1165.0,25,241
2025-10-06,SKU0053,35,1165.0,25,241
2025-10-13,SKU0053,0,1165.0,25,241
2025-10-20,SKU0053,0,1165.0,25,241
2025-10-27,SKU0053,1018,0.0,25,241
2025-11-03,SKU0053,879,0.0,25,241
2025-11-10,SKU0053,723,0.0,25,241
2025-11-17,SKU0053,582,0.0,25,241
2025-11-24,SKU0053,420,0.0,25,241
2025-12-01,SKU0053,197,1170.0,25,241
2025-12-08,SKU0053,36,1170.0,25,241
2025-12-15,SKU0053,0,1170.0,25,241
2025-12-22,SKU0053,0,1170.0,25,241
2025-12-29,SKU0053,1032,0.0,25,241
2024-01-01,SKU0054,134,560.0,9,204
2024-01-08,SKU0054,0,560.0,9,204
2024-01-15,SKU0054,342,0.0,9,204
2024-01-22,SKU0054,100,658.0,9,204
2024-01-29,SKU0054,621,0.0,9,204
2024-02-05,SKU0054,369,0.0,9,204
2024-02-12,SKU0054,113,711.0,9,204
2024-02-19,SKU0054,675,0.0,9,204
2024-02-26,SKU0054,396,0.0,9,204
2024-03-04,SKU0054,76,733.0,9,204
2024-03-11,SKU0054,695,0.0,9,204
2024-03-18,SKU0054,409,0.0,9,204
2024-03-25,SKU0054,157,720.0,9,204
2024-04-01,SKU0054,0,720.0,9,204
2024-04-08,SKU0054,437,0.0,9,204
2024-04-15,SKU0054,40,974.0,9,204
2024-04-22,SKU0054,896,0.0,9,204
2024-04-29,SKU0054,658,0.0,9,204
2024-05-06,SKU0054,402,0.0,9,204
2024-05-13,SKU0054,168,575.0,9,204
2024-05-20,SKU0054,0,575.0,9,204
2024-05-27,SKU0054,335,0.0,9,204
2024-06-03,SKU0054,136,,9,204
2024-06-10,SKU0054,466,0.0,9,204
2024-06-17,SKU0054,296,0.0,9,204
2024-06-24,SKU0054,151,394.0,9,204
2024-07-01,SKU0054,388,0.0,9,204
2024-07-08,SKU0054,257,0.0,9,204
2024-07-15,SKU0054,126,260.0,9,204
2024-07-22,SKU0054,219,0.0,9,204
2024-07-29,SKU0054,104,230.0,9,204
2024-08-05,SKU0054,238,0.0,9,204
2024-08-12,SKU0054,141,196.0,9,204
2024-08-19,SKU0054,238,0.0,9,204
2024-08-26,SKU0054,125,180.0,9,204
2024-09-02,SKU0054,216,0.0,9,204
2024-09-09,SKU0054,91,174.0,9,204
2024-09-16,SKU0054,145,176.0,9,204
2024-09-23,SKU0054,226,0.0,9,204
2024-09-30,SKU0054,139,188.0,9,204
2024-10-07,SKU0054,212,0.0,9,204
2024-10-14,SKU0054,108,210.0,9,204
2024-10-21,SKU0054,221,0.0,9,204
2024-10-28,SKU0054,94,247.0,9,204
2024-11-04,SKU0054,207,0.0,9,204
2024-11-11,SKU0054,58,286.0,9,204
2024-11-18,SKU0054,191,331.0,9,204
2024-11-25,SKU0054,17,331.0,9,204
2024-12-02,SKU0054,122,454.0,9,204
2024-12-09,SKU0054,429,0.0,9,204
2024-12-16,SKU0054,166,752.0,9,204
2024-12-23,SKU0054,0,752.0,9,204
2024-12-30,SKU0054,569,0.0,9,204
2025-01-06,SKU0054,259,0.0,9,204
2025-01-13,SKU0054,0,882.0,9,204
2025-01-20,SKU0054,688,,9,204
2025-01-27,SKU0054,427,0.0,9,204
2025-02-03,SKU0054,148,697.0,9,204
2025-02-10,SKU0054,0,697.0,9,204
2025-02-17,SKU0054,439,0.0,9,204
2025-02-24,SKU0054,140,730.0,9,204
2025-03-03,SKU0054,0,730.0,9,204
2025-03-10,SKU0054,419,0.0,9,204
2025-03-17,SKU0054,135,730.0,9,204
2025-03-24,SKU0054,0,730.0,9,204
2025-03-31,SKU0054,438,0.0,9,204
2025-04-07,SKU0054,160,696.0,9,204
2025-04-14,SKU0054,0,696.0,9,204
2025-04-21,SKU0054,419,0.0,9,204
2025-04-28,SKU0054,163,634.0,9,204
2025-05-05,SKU0054,0,634.0,9,204
2025-05-12,SKU0054,419,0.0,9,204
2025-05-19,SKU0054,222,0.0,9,204
2025-05-26,SKU0054,14,448.0,9,204
2025-06-02,SKU0054,293,0.0,9,204
2025-06-09,SKU0054,115,385.0,9,204
2025-06-16,SKU0054,336,0.0,9,204
2025-06-23,SKU0054,170,395.0,9,204
2025-06-30,SKU0054,26,395.0,9,204
2025-07-07,SKU0054,290,0.0,9,204
2025-07-14,SKU0054,161,315.0,9,204
2025-07-21,SKU0054,282,0.0,9,204
2025-07-28,SKU0054,206,0.0,9,204
2025-08-04,SKU0054,103,216.0,9,204
2025-08-11,SKU0054,235,0.0,9,204
2025-08-18,SKU0054,129,188.0,9,204
2025-08-25,SKU0054,230,0.0,9,204
2025-09-01,SKU0054,161,175.0,9,204
2025-09-08,SKU0054,217,0.0,9,204
2025-09-15,SKU0054,105,303.0,9,204
2025-09-22,SKU0054,310,0.0,9,204
2025-09-29,SKU0054,214,0.0,9,204
2025-10-06,SKU0054,125,196.0,9,204
2025-10-13,SKU0054,212,0.0,9,204
2025-10-20,SKU0054,107,224.0,9,204
2025-10-27,SKU0054,201,259.0,9,204
2025-11-03,SKU0054,68,259.0,9,204
2025-11-10,SKU0054,213,0.0,9,204
2025-11-17,SKU0054,67,307.0,9,204
2025-11-24,SKU0054,218,0.0,9,204
2025-12-01,SKU0054,0,618.0,9,204
2025-12-08,SKU0054,499,0.0,9,204
2025-12-15,SKU0054,285,0.0,9,204
2025-12-22,SKU0054,0,759.0,9,204
2025-12-29,SKU0054,622,0.0,9,204
2024-01-01,SKU0055,30,959.0,19,596
2024-01-08,SKU0055,0,959.0,19,596
2024-01-15,SKU0055,0,959.0,19,596
2024-01-22,SKU0055,826,0.0,19,596
2024-01-29,SKU0055,563,1323.0,19,596
2024-02-05,SKU0055,267,1323.0,19,596
2024-02-12,SKU0055,0,1323.0,19,596
2024-02-19,SKU0055,1110,,19,596
2024-02-26,SKU0055,754,0.0,19,596
2024-03-04,SKU0055,422,1323.0,19,596
2024-03-11,SKU0055,26,1323.0,19,596
2024-03-18,SKU0055,0,1323.0,19,596
2024-03-25,SKU0055,995,0.0,19,596
2024-04-01,SKU0055,585,1448.0,19,596
2024-04-08,SKU0055,213,1448.0,19,596
2024-04-15,SKU0055,0,1448.0,19,596
2024-04-22,SKU0055,1252,0.0,19,596
2024-04-29,SKU0055,825,0.0,19,596
2024-05-06,SKU0055,401,1756.0,19,596
2024-05-13,SKU0055,0,1756.0,19,596
2024-05-20,SKU0055,0,1756.0,19,596
2024-05-27,SKU0055,1471,0.0,19,596
2024-06-03,SKU0055,1138,0.0,19,596
2024-06-10,SKU0055,795,0.0,19,596
2024-06-17,SKU0055,471,1457.0,19,596
2024-06-24,SKU0055,143,1457.0,19,596
2024-07-01,SKU0055,0,1457.0,19,596
2024-07-08,SKU0055,1237,0.0,19,596
2024-07-15,SKU0055,927,0.0,19,596
2024-07-22,SKU0055,498,2372.0,19,596
2024-07-29,SKU0055,294,2372.0,19,596
2024-08-05,SKU0055,69,2372.0,19,596
2024-08-12,SKU0055,2245,0.0,19,596
2024-08-19,SKU0055,2074,0.0,19,596
2024-08-26,SKU0055,1927,0.0,19,596
2024-09-02,SKU0055,1765,0.0,19,596
2024-09-09,SKU0055,1500,0.0,19,596
2024-09-16,SKU0055,1322,0.0,19,596
2024-09-23,SKU0055,1200,0.0,19,596
2024-09-30,SKU0055,1076,0.0,19,596
2024-10-07,SKU0055,952,0.0,19,596
2024-10-14,SKU0055,839,0.0,19,596
2024-10-21,SKU0055,726,0.0,19,596
2024-10-28,SKU0055,604,0.0,19,596
2024-11-04,SKU0055,475,444.0,19,596
2024-11-11,SKU0055,342,444.0,19,596
2024-11-18,SKU0055,625,0.0,19,596
2024-11-25,SKU0055,454,534.0,19,596
2024-12-02,SKU0055,192,534.0,19,596
2024-12-09,SKU0055,564,659.0,19,596
2024-12-16,SKU0055,301,659.0,19,596
2024-12-23,SKU0055,0,659.0,19,596
2024-12-30,SKU0055,551,1014.0,19,596
2025-01-06,SKU0055,220,1014.0,19,596
2025-01-13,SKU0055,0,,19,596
2025-01-20,SKU0055,807,0.0,19,596
2025-01-27,SKU0055,546,1320.0,19,596
2025-02-03,SKU0055,249,1320.0,19,596
2025-02-10,SKU0055,0,1320.0,19,596
2025-02-17,SKU0055,1105,0.0,19,596
2025-02-24,SKU0055,749,0.0,19,596
2025-03-03,SKU0055,367,1317.0,19,596
2025-03-10,SKU0055,0,1317.0,19,596
2025-03-17,SKU0055,0,1317.0,19,596
2025-03-24,SKU0055,939,0.0,19,596
2025-03-31,SKU0055,573,1453.0,19,596
2025-04-07,SKU0055,165,1453.0,19,596
2025-04-14,SKU0055,0,1453.0,19,596
2025-04-21,SKU0055,1279,0.0,19,596
2025-04-28,SKU0055,872,,19,596
2025-05-05,SKU0055,488,1765.0,19,596
2025-05-12,SKU0055,85,1765.0,19,596
2025-05-19,SKU0055,0,1765.0,19,596
2025-05-26,SKU0055,1544,0.0,19,596
2025-06-02,SKU0055,1166,0.0,19,596
2025-06-09,SKU0055,806,0.0,19,596
2025-06-16,SKU0055,451,1475.0,19,596
2025-06-23,SKU0055,109,1475.0,19,596
2025-06-30,SKU0055,0,1475.0,19,596
2025-07-07,SKU0055,1265,0.0,19,596
2025-07-14,SKU0055,1020,0.0,19,596
2025-07-21,SKU0055,488,2389.0,19,596
2025-07-28,SKU0055,285,2389.0,19,596
2025-08-04,SKU0055,39,2389.0,19,596
2025-08-11,SKU0055,2264,0.0,19,596
2025-08-18,SKU0055,2089,0.0,19,596
2025-08-25,SKU0055,1899,0.0,19,596
2025-09-01,SKU0055,1726,0.0,19,596
2025-09-08,SKU0055,1473,0.0,19,596
2025-09-15,SKU0055,1276,0.0,19,596
2025-09-22,SKU0055,1151,0.0,19,596
2025-09-29,SKU0055,1013,0.0,19,596
2025-10-06,SKU0055,886,0.0,19,596
2025-10-13,SKU0055,774,0.0,19,596
2025-10-20,SKU0055,670,0.0,19,596
2025-10-27,SKU0055,543,544.0,19,596
2025-11-03,SKU0055,397,544.0,19,596
2025-11-10,SKU0055,252,544.0,19,596
2025-11-17,SKU0055,636,0.0,19,596
2025-11-24,SKU0055,483,535.0,19,596
2025-12-01,SKU0055,226,535.0,19,596
2025-12-08,SKU0055,591,658.0,19,596
2025-12-15,SKU0055,363,658.0,19,596
2025-12-22,SKU0055,0,658.0,19,596
2025-12-29,SKU0055,555,1011.0,19,596
2024-01-01,SKU0056,69,172.0,10,93
2024-01-08,SKU0056,0,172.0,10,93
2024-01-15,SKU0056,117,0.0,10,93
2024-01-22,SKU0056,45,166.0,10,93
2024-01-29,SKU0056,144,0.0,10,93
2024-02-05,SKU0056,72,214.0,10,93
2024-02-12,SKU0056,3,214.0,10,93
2024-02-19,SKU0056,161,0.0,10,93
2024-02-26,SKU0056,85,231.0,10,93
2024-03-04,SKU0056,10,231.0,10,93
2024-03-11,SKU0056,163,0.0,10,93
2024-03-18,SKU0056,75,241.0,10,93
2024-03-25,SKU0056,0,241.0,10,93
2024-04-01,SKU0056,182,0.0,10,93
2024-04-08,SKU0056,93,206.0,10,93
2024-04-15,SKU0056,2,206.0,10,93
2024-04-22,SKU0056,148,0.0,10,93
2024-04-29,SKU0056,70,238.0,10,93
2024-05-06,SKU0056,0,238.0,10,93
2024-05-13,SKU0056,192,0.0,10,93
2024-05-20,SKU0056,122,0.0,10,93
2024-05-27,SKU0056,60,186.0,10,93
2024-06-03,SKU0056,175,0.0,10,93
2024-06-10,SKU0056,113,0.0,10,93
2024-06-17,SKU0056,49,170.0,10,93
2024-06-24,SKU0056,158,0.0,10,93
2024-07-01,SKU0056,105,0.0,10,93
2024-07-08,SKU0056,52,152.0,10,93
2024-07-15,SKU0056,147,0.0,10,93
2024-07-22,SKU0056,76,209.0,10,93
2024-07-29,SKU0056,27,209.0,10,93
2024-08-05,SKU0056,186,0.0,10,93
2024-08-12,SKU0056,149,0.0,10,93
2024-08-19,SKU0056,93,111.0,10,93
2024-08-26,SKU0056,51,111.0,10,93
2024-09-02,SKU0056,136,0.0,10,93
2024-09-09,SKU0056,91,131.0,10,93
2024-09-16,SKU0056,54,131.0,10,93
2024-09-23,SKU0056,152,0.0,10,93
2024-09-30,SKU0056,119,0.0,10,93
2024-10-07,SKU0056,79,113.0,10,93
2024-10-14,SKU0056,37,113.0,10,93
2024-10-21,SKU0056,111,0.0,10,93
2024-10-28,SKU0056,78,99.0,10,93
2024-11-04,SKU0056,131,0.0,10,93
2024-11-11,SKU0056,99,0.0,10,93
2024-11-18,SKU0056,59,108.0,10,93
2024-11-25,SKU0056,128,0.0,10,93
2024-12-02,SKU0056,78,,10,93
2024-12-09,SKU0056,25,143.0,10,93
2024-12-16,SKU0056,118,0.0,10,93
2024-12-23,SKU0056,38,178.0,10,93
2024-12-30,SKU0056,169,0.0,10,93
2025-01-06,SKU0056,119,0.0,10,93
2025-01-13,SKU0056,51,204.0,10,93
2025-01-20,SKU0056,185,0.0,10,93
2025-01-27,SKU0056,126,0.0,10,93
2025-02-03,SKU0056,47,175.0,10,93
2025-02-10,SKU0056,166,0.0,10,93
2025-02-17,SKU0056,91,188.0,10,93
2025-02-24,SKU0056,11,188.0,10,93
2025-03-03,SKU0056,142,0.0,10,93
2025-03-10,SKU0056,75,235.0,10,93
2025-03-17,SKU0056,18,235.0,10,93
2025-03-24,SKU0056,180,0.0,10,93
2025-03-31,SKU0056,102,0.0,10,93
2025-04-07,SKU0056,8,203.0,10,93
2025-04-14,SKU0056,154,0.0,10,93
2025-04-21,SKU0056,79,239.0,10,93
2025-04-28,SKU0056,0,239.0,10,93
2025-05-05,SKU0056,167,0.0,10,93
2025-05-12,SKU0056,92,192.0,10,93
2025-05-19,SKU0056,23,192.0,10,93
2025-05-26,SKU0056,138,0.0,10,93
2025-06-02,SKU0056,66,211.0,10,93
2025-06-09,SKU0056,0,211.0,10,93
2025-06-16,SKU0056,141,0.0,10,93
2025-06-23,SKU0056,71,189.0,10,93
2025-06-30,SKU0056,16,189.0,10,93
2025-07-07,SKU0056,138,0.0,10,93
2025-07-14,SKU0056,93,138.0,10,93
2025-07-21,SKU0056,33,138.0,10,93
2025-07-28,SKU0056,133,0.0,10,93
2025-08-04,SKU0056,88,143.0,10,93
2025-08-11,SKU0056,44,143.0,10,93
2025-08-18,SKU0056,147,0.0,10,93
2025-08-25,SKU0056,112,0.0,10,93
2025-09-01,SKU0056,78,103.0,10,93
2025-09-08,SKU0056,137,0.0,10,93
2025-09-15,SKU0056,101,0.0,10,93
2025-09-22,SKU0056,59,95.0,10,93
2025-09-29,SKU0056,120,0.0,10,93
2025-10-06,SKU0056,88,111.0,10,93
2025-10-13,SKU0056,57,111.0,10,93
2025-10-20,SKU0056,128,0.0,10,93
2025-10-27,SKU0056,95,0.0,10,93
2025-11-03,SKU0056,54,98.0,10,93
2025-11-10,SKU0056,109,0.0,10,93
2025-11-17,SKU0056,67,106.0,10,93
2025-11-24,SKU0056,138,0.0,10,93
2025-12-01,SKU0056,95,0.0,10,93
2025-12-08,SKU0056,49,120.0,10,93
2025-12-15,SKU0056,127,0.0,10,93
2025-12-22,SKU0056,65,209.0,10,93
2025-12-29,SKU0056,11,209.0,10,93
2024-01-01,SKU0057,115,0.0,15,38
2024-01-08,SKU0057,102,0.0,15,38
2024-01-15,SKU0057,85,0.0,15,38
2024-01-22,SKU0057,76,0.0,15,38
2024-01-29,SKU0057,64,0.0,15,38
2024-02-05,SKU0057,56,0.0,15,38
2024-02-12,SKU0057,45,0.0,15,38
2024-02-19,SKU0057,36,38.0,15,38
2024-02-26,SKU0057,19,38.0,15,38
2024-03-04,SKU0057,48,0.0,15,38
2024-03-11,SKU0057,41,0.0,15,38
2024-03-18,SKU0057,20,40.0,15,38
2024-03-25,SKU0057,0,40.0,15,38
2024-04-01,SKU0057,19,46.0,15,38
2024-04-08,SKU0057,0,46.0,15,38
2024-04-15,SKU0057,31,122.0,15,38
2024-04-22,SKU0057,15,122.0,15,38
2024-04-29,SKU0057,123,0.0,15,38
2024-05-06,SKU0057,98,0.0,15,38
2024-05-13,SKU0057,80,0.0,15,38
2024-05-20,SKU0057,50,0.0,15,38
2024-05-27,SKU0057,34,73.0,15,38
2024-06-03,SKU0057,5,73.0,15,38
2024-06-10,SKU0057,67,0.0,15,38
2024-06-17,SKU0057,34,79.0,15,38
2024-06-24,SKU0057,8,79.0,15,38
2024-07-01,SKU0057,69,,15,38
2024-07-08,SKU0057,42,0.0,15,38
2024-07-15,SKU0057,7,73.0,15,38
2024-07-22,SKU0057,0,73.0,15,38
2024-07-29,SKU0057,50,0.0,15,38
2024-08-05,SKU0057,23,71.0,15,38
2024-08-12,SKU0057,0,71.0,15,38
2024-08-19,SKU0057,54,0.0,15,38
2024-08-26,SKU0057,18,75.0,15,38
2024-09-02,SKU0057,0,75.0,15,38
2024-09-09,SKU0057,60,0.0,15,38
2024-09-16,SKU0057,41,0.0,15,38
2024-09-23,SKU0057,10,60.0,15,38
2024-09-30,SKU0057,0,60.0,15,38
2024-10-07,SKU0057,37,53.0,15,38
2024-10-14,SKU0057,18,53.0,15,38
2024-10-21,SKU0057,0,53.0,15,38
2024-10-28,SKU0057,27,47.0,15,38
2024-11-04,SKU0057,4,47.0,15,38
2024-11-11,SKU0057,38,41.0,15,38
2024-11-18,SKU0057,22,41.0,15,38
2024-11-25,SKU0057,6,41.0,15,38
2024-12-02,SKU0057,24,88.0,15,38
2024-12-09,SKU0057,7,88.0,15,38
2024-12-16,SKU0057,75,0.0,15,38
2024-12-23,SKU0057,54,0.0,15,38
2024-12-30,SKU0057,35,,15,38
2025-01-06,SKU0057,16,35.0,15,38
2025-01-13,SKU0057,35,30.0,15,38
2025-01-20,SKU0057,20,30.0,15,38
2025-01-27,SKU0057,4,30.0,15,38
2025-02-03,SKU0057,24,31.0,15,38
2025-02-10,SKU0057,8,31.0,15,38
2025-02-17,SKU0057,24,34.0,15,38
2025-02-24,SKU0057,16,34.0,15,38
2025-03-03,SKU0057,40,0.0,15,38
2025-03-10,SKU0057,29,39.0,15,38
2025-03-17,SKU0057,12,39.0,15,38
2025-03-24,SKU0057,36,50.0,15,38
2025-03-31,SKU0057,23,50.0,15,38
2025-04-07,SKU0057,58,0.0,15,38
2025-04-14,SKU0057,19,110.0,15,38
2025-04-21,SKU0057,0,110.0,15,38
2025-04-28,SKU0057,97,0.0,15,38
2025-05-05,SKU0057,68,0.0,15,38
2025-05-12,SKU0057,43,0.0,15,38
2025-05-19,SKU0057,20,63.0,15,38
2025-05-26,SKU0057,0,63.0,15,38
2025-06-02,SKU0057,40,0.0,15,38
2025-06-09,SKU0057,14,69.0,15,38
2025-06-16,SKU0057,0,69.0,15,38
2025-06-23,SKU0057,46,0.0,15,38
2025-06-30,SKU0057,17,73.0,15,38
2025-07-07,SKU0057,0,,15,38
2025-07-14,SKU0057,57,0.0,15,38
2025-07-21,SKU0057,0,156.0,15,38
2025-07-28,SKU0057,0,156.0,15,38
2025-08-04,SKU0057,138,0.0,15,38
2025-08-11,SKU0057,117,0.0,15,38
2025-08-18,SKU0057,88,0.0,15,38
2025-08-25,SKU0057,54,0.0,15,38
2025-09-01,SKU0057,22,67.0,15,38
2025-09-08,SKU0057,0,67.0,15,38
2025-09-15,SKU0057,60,0.0,15,38
2025-09-22,SKU0057,36,59.0,15,38
2025-09-29,SKU0057,9,,15,38
2025-10-06,SKU0057,0,59.0,15,38
2025-10-13,SKU0057,42,0.0,15,38
2025-10-20,SKU0057,22,51.0,15,38
2025-10-27,SKU0057,6,51.0,15,38
2025-11-03,SKU0057,43,0.0,15,38
2025-11-10,SKU0057,30,43.0,15,38
2025-11-17,SKU0057,15,43.0,15,38
2025-11-24,SKU0057,43,0.0,15,38
2025-12-01,SKU0057,14,80.0,15,38
2025-12-08,SKU0057,1,80.0,15,38
2025-12-15,SKU0057,69,0.0,15,38
2025-12-22,SKU0057,33,78.0,15,38
2025-12-29,SKU0057,22,78.0,15,38
2024-08-19,SKU0058,0,690.0,18,154
2024-08-26,SKU0058,0,,18,154
2024-09-02,SKU0058,0,690.0,18,154
2024-09-09,SKU0058,489,0.0,18,154
2024-09-16,SKU0058,331,0.0,18,154
2024-09-23,SKU0058,175,0.0,18,154
2024-09-30,SKU0058,40,504.0,18,154
2024-10-07,SKU0058,0,504.0,18,154
2024-10-14,SKU0058,461,,18,154
2024-10-21,SKU0058,320,0.0,18,154
2024-10-28,SKU0058,176,0.0,18,154
2024-11-04,SKU0058,54,431.0,18,154
2024-11-11,SKU0058,0,431.0,18,154
2024-11-18,SKU0058,397,0.0,18,154
2024-11-25,SKU0058,293,0.0,18,154
2024-12-02,SKU0058,178,0.0,18,154
2024-12-09,SKU0058,84,335.0,18,154
2024-12-16,SKU0058,0,335.0,18,154
2024-12-23,SKU0058,316,0.0,18,154
2024-12-30,SKU0058,236,0.0,18,154
2025-01-06,SKU0058,150,372.0,18,154
2025-01-13,SKU0058,77,372.0,18,154
2025-01-20,SKU0058,1,372.0,18,154
2025-01-27,SKU0058,339,0.0,18,154
2025-02-03,SKU0058,281,0.0,18,154
2025-02-10,SKU0058,216,0.0,18,154
2025-02-17,SKU0058,148,265.0,18,154
2025-02-24,SKU0058,85,265.0,18,154
2025-03-03,SKU0058,34,265.0,18,154
2025-03-10,SKU0058,225,0.0,18,154
2025-03-17,SKU0058,171,0.0,18,154
2025-03-24,SKU0058,104,217.0,18,154
2025-03-31,SKU0058,36,217.0,18,154
2025-04-07,SKU0058,207,0.0,18,154
2025-04-14,SKU0058,104,493.0,18,154
2025-04-21,SKU0058,19,493.0,18,154
2025-04-28,SKU0058,0,493.0,18,154
2025-05-05,SKU0058,408,0.0,18,154
2025-05-12,SKU0058,297,0.0,18,154
2025-05-19,SKU0058,193,0.0,18,154
2025-05-26,SKU0058,91,359.0,18,154
2025-06-02,SKU0058,0,359.0,18,154
2025-06-09,SKU0058,348,0.0,18,154
2025-06-16,SKU0058,232,0.0,18,154
2025-06-23,SKU0058,103,578.0,18,154
2025-06-30,SKU0058,0,578.0,18,154
2025-07-07,SKU0058,0,578.0,18,154
2025-07-14,SKU0058,442,0.0,18,154
2025-07-21,SKU0058,236,0.0,18,154
2025-07-28,SKU0058,68,511.0,18,154
2025-08-04,SKU0058,0,511.0,18,154
2025-08-11,SKU0058,0,,18,154
2025-08-18,SKU0058,337,0.0,18,154
2025-08-25,SKU0058,195,0.0,18,154
2025-09-01,SKU0058,51,532.0,18,154
2025-09-08,SKU0058,0,532.0,18,154
2025-09-15,SKU0058,518,0.0,18,154
2025-09-22,SKU0058,368,0.0,18,154
2025-09-29,SKU0058,209,0.0,18,154
2025-10-06,SKU0058,78,496.0,18,154
2025-10-13,SKU0058,0,496.0,18,154
2025-10-20,SKU0058,0,496.0,18,154
2025-10-27,SKU0058,377,0.0,18,154
2025-11-03,SKU0058,232,0.0,18,154
2025-11-10,SKU0058,103,540.0,18,154
2025-11-17,SKU0058,0,540.0,18,154
2025-11-24,SKU0058,0,540.0,18,154
2025-12-01,SKU0058,421,0.0,18,154
2025-12-08,SKU0058,303,0.0,18,154
2025-12-15,SKU0058,206,0.0,18,154
2025-12-22,SKU0058,59,445.0,18,154
2025-12-29,SKU0058,0,445.0,18,154
2024-01-01,SKU0059,129,1824.0,24,890
2024-01-08,SKU0059,0,1824.0,24,890
2024-01-15,SKU0059,0,1824.0,24,890
2024-01-22,SKU0059,0,,24,890
2024-01-29,SKU0059,1579,0.0,24,890
2024-02-05,SKU0059,1293,0.0,24,890
2024-02-12,SKU0059,1003,0.0,24,890
2024-02-19,SKU0059,677,1823.0,24,890
2024-02-26,SKU0059,372,1823.0,24,890
2024-03-04,SKU0059,18,1823.0,24,890
2024-03-11,SKU0059,1727,0.0,24,890
2024-03-18,SKU0059,1386,0.0,24,890
2024-03-25,SKU0059,1094,0.0,24,890
2024-04-01,SKU0059,783,1854.0,24,890
2024-04-08,SKU0059,487,,24,890
2024-04-15,SKU0059,117,1854.0,24,890
2024-04-22,SKU0059,0,1854.0,24,890
2024-04-29,SKU0059,1574,0.0,24,890
2024-05-06,SKU0059,1314,0.0,24,890
2024-05-13,SKU0059,1073,0.0,24,890
2024-05-20,SKU0059,831,1408.0,24,890
2024-05-27,SKU0059,623,1408.0,24,890
2024-06-03,SKU0059,399,1408.0,24,890
2024-06-10,SKU0059,212,1408.0,24,890
2024-06-17,SKU0059,1418,0.0,24,890
2024-06-24,SKU0059,1226,0.0,24,890
2024-07-01,SKU0059,1081,0.0,24,890
2024-07-08,SKU0059,923,0.0,24,890
2024-07-15,SKU0059,784,834.0,24,890
2024-07-22,SKU0059,614,834.0,24,890
2024-07-29,SKU0059,477,834.0,24,890
2024-08-05,SKU0059,1192,0.0,24,890
2024-08-12,SKU0059,1070,0.0,24,890
2024-08-19,SKU0059,941,0.0,24,890
2024-08-26,SKU0059,823,655.0,24,890
2024-09-02,SKU0059,697,655.0,24,890
2024-09-09,SKU0059,534,655.0,24,890
2024-09-16,SKU0059,1069,0.0,24,890
2024-09-23,SKU0059,943,0.0,24,890
2024-09-30,SKU0059,808,740.0,24,890
2024-10-07,SKU0059,663,740.0,24,890
2024-10-14,SKU0059,512,740.0,24,890
2024-10-21,SKU0059,1107,0.0,24,890
2024-10-28,SKU0059,941,0.0,24,890
2024-11-04,SKU0059,760,1002.0,24,890
2024-11-11,SKU0059,553,1002.0,24,890
2024-11-18,SKU0059,343,1002.0,24,890
2024-11-25,SKU0059,1142,0.0,24,890
2024-12-02,SKU0059,880,1320.0,24,890
2024-12-09,SKU0059,666,1320.0,24,890
2024-12-16,SKU0059,376,1320.0,24,890
2024-12-23,SKU0059,76,1320.0,24,890
2024-12-30,SKU0059,1108,0.0,24,890
2025-01-06,SKU0059,792,2353.0,24,890
2025-01-13,SKU0059,458,2353.0,24,890
2025-01-20,SKU0059,150,2353.0,24,890
2025-01-27,SKU0059,0,2353.0,24,890
2025-02-03,SKU0059,2069,0.0,24,890
2025-02-10,SKU0059,1757,0.0,24,890
2025-02-17,SKU0059,1435,0.0,24,890
2025-02-24,SKU0059,1103,0.0,24,890
2025-03-03,SKU0059,754,1961.0,24,890
2025-03-10,SKU0059,429,1961.0,24,890
2025-03-17,SKU0059,105,1961.0,24,890
2025-03-24,SKU0059,0,1961.0,24,890
2025-03-31,SKU0059,1626,0.0,24,890
2025-04-07,SKU0059,1324,0.0,24,890
2025-04-14,SKU0059,937,0.0,24,890
2025-04-21,SKU0059,617,,24,890
2025-04-28,SKU0059,359,2204.0,24,890
2025-05-05,SKU0059,105,2204.0,24,890
2025-05-12,SKU0059,2053,0.0,24,890
2025-05-19,SKU0059,1822,0.0,24,890
2025-05-26,SKU0059,1599,0.0,24,890
2025-06-02,SKU0059,1367,0.0,24,890
2025-06-09,SKU0059,1167,0.0,24,890
2025-06-16,SKU0059,987,0.0,24,890
2025-06-23,SKU0059,830,1065.0,24,890
2025-06-30,SKU0059,645,1065.0,24,890
2025-07-07,SKU0059,505,1065.0,24,890
2025-07-14,SKU0059,351,1065.0,24,890
2025-07-21,SKU0059,1224,0.0,24,890
2025-07-28,SKU0059,1082,0.0,24,890
2025-08-04,SKU0059,956,0.0,24,890
2025-08-11,SKU0059,846,730.0,24,890
2025-08-18,SKU0059,729,730.0,24,890
2025-08-25,SKU0059,626,730.0,24,890
2025-09-01,SKU0059,517,730.0,24,890
2025-09-08,SKU0059,1080,0.0,24,890
2025-09-15,SKU0059,951,0.0,24,890
2025-09-22,SKU0059,805,708.0,24,890
2025-09-29,SKU0059,670,708.0,24,890
2025-10-06,SKU0059,535,708.0,24,890
2025-10-13,SKU0059,1086,0.0,24,890
2025-10-20,SKU0059,922,0.0,24,890
2025-10-27,SKU0059,777,935.0,24,890
2025-11-03,SKU0059,602,935.0,24,890
2025-11-10,SKU0059,387,935.0,24,890
2025-11-17,SKU0059,1113,0.0,24,890
2025-11-24,SKU0059,913,0.0,24,890
2025-12-01,SKU0059,640,1692.0,24,890
2025-12-08,SKU0059,407,1692.0,24,890
2025-12-15,SKU0059,136,1692.0,24,890
2025-12-22,SKU0059,1497,0.0,24,890
2025-12-29,SKU0059,1179,0.0,24,890
2024-01-01,SKU0060,102,374.0,13,159
2024-01-08,SKU0060,1,374.0,13,159
2024-01-15,SKU0060,357,0.0,13,159
2024-01-22,SKU0060,274,0.0,13,159
2024-01-29,SKU0060,188,0.0,13,159
2024-02-05,SKU0060,116,290.0,13,159
2024-02-12,SKU0060,42,290.0,13,159
2024-02-19,SKU0060,263,0.0,13,159
2024-02-26,SKU0060,192,0.0,13,159
2024-03-04,SKU0060,118,274.0,13,159
2024-03-11,SKU0060,36,274.0,13,159
2024-03-18,SKU0060,249,0.0,13,159
2024-03-25,SKU0060,172,0.0,13,159
2024-04-01,SKU0060,81,274.0,13,159
2024-04-08,SKU0060,292,0.0,13,159
2024-04-15,SKU0060,209,0.0,13,159
2024-04-22,SKU0060,132,306.0,13,159
2024-04-29,SKU0060,39,306.0,13,159
2024-05-06,SKU0060,254,0.0,13,159
2024-05-13,SKU0060,179,0.0,13,159
2024-05-20,SKU0060,102,317.0,13,159
2024-05-27,SKU0060,20,317.0,13,159
2024-06-03,SKU0060,242,0.0,13,159
2024-06-10,SKU0060,162,0.0,13,159
2024-06-17,SKU0060,77,352.0,13,159
2024-06-24,SKU0060,341,,13,159
2024-07-01,SKU0060,240,0.0,13,159
2024-07-08,SKU0060,134,410.0,13,159
2024-07-15,SKU0060,29,410.0,13,159
2024-07-22,SKU0060,358,0.0,13,159
2024-07-29,SKU0060,242,0.0,13,159
2024-08-05,SKU0060,128,441.0,13,159
2024-08-12,SKU0060,21,441.0,13,159
2024-08-19,SKU0060,387,0.0,13,159
2024-08-26,SKU0060,259,0.0,13,159
2024-09-02,SKU0060,142,459.0,13,159
2024-09-09,SKU0060,0,459.0,13,159
2024-09-16,SKU0060,401,0.0,13,159
2024-09-23,SKU0060,284,0.0,13,159
2024-09-30,SKU0060,188,,13,159
2024-10-07,SKU0060,84,430.0,13,159
2024-10-14,SKU0060,0,430.0,13,159
2024-10-21,SKU0060,312,0.0,13,159
2024-10-28,SKU0060,209,0.0,13,159
2024-11-04,SKU0060,87,408.0,13,159
2024-11-11,SKU0060,0,408.0,13,159
2024-11-18,SKU0060,304,0.0,13,159
2024-11-25,SKU0060,196,,13,159
2024-12-02,SKU0060,52,501.0,13,159
2024-12-09,SKU0060,0,501.0,13,159
2024-12-16,SKU0060,401,0.0,13,159
2024-12-23,SKU0060,292,0.0,13,159
2024-12-30,SKU0060,199,0.0,13,159
2025-01-06,SKU0060,119,326.0,13,159
2025-01-13,SKU0060,21,326.0,13,159
2025-01-20,SKU0060,274,0.0,13,159
2025-01-27,SKU0060,197,0.0,13,159
2025-02-03,SKU0060,118,296.0,13,159
2025-02-10,SKU0060,45,296.0,13,159
2025-02-17,SKU0060,270,0.0,13,159
2025-02-24,SKU0060,209,0.0,13,159
2025-03-03,SKU0060,121,294.0,13,159
2025-03-10,SKU0060,49,294.0,13,159
2025-03-17,SKU0060,264,0.0,13,159
2025-03-24,SKU0060,179,0.0,13,159
2025-03-31,SKU0060,101,279.0,13,159
2025-04-07,SKU0060,22,279.0,13,159
2025-04-14,SKU0060,219,0.0,13,159
2025-04-21,SKU0060,141,311.0,13,159
2025-04-28,SKU0060,65,311.0,13,159
2025-05-05,SKU0060,296,0.0,13,159
2025-05-12,SKU0060,202,0.0,13,159
2025-05-19,SKU0060,107,320.0,13,159
2025-05-26,SKU0060,22,320.0,13,159
2025-06-02,SKU0060,245,0.0,13,159
2025-06-09,SKU0060,152,354.0,13,159
2025-06-16,SKU0060,64,354.0,13,159
2025-06-23,SKU0060,322,0.0,13,159
2025-06-30,SKU0060,198,0.0,13,159
2025-07-07,SKU0060,74,385.0,13,159
2025-07-14,SKU0060,0,385.0,13,159
2025-07-21,SKU0060,239,0.0,13,159
2025-07-28,SKU0060,129,439.0,13,159
2025-08-04,SKU0060,13,439.0,13,159
2025-08-11,SKU0060,378,0.0,13,159
2025-08-18,SKU0060,252,0.0,13,159
2025-08-25,SKU0060,141,460.0,13,159
2025-09-01,SKU0060,25,460.0,13,159
2025-09-08,SKU0060,412,0.0,13,159
2025-09-15,SKU0060,291,0.0,13,159
2025-09-22,SKU0060,160,0.0,13,159
2025-09-29,SKU0060,32,438.0,13,159
2025-10-06,SKU0060,428,0.0,13,159
2025-10-13,SKU0060,321,0.0,13,159
2025-10-20,SKU0060,216,0.0,13,159
2025-10-27,SKU0060,87,419.0,13,159
2025-11-03,SKU0060,0,419.0,13,159
2025-11-10,SKU0060,337,0.0,13,159
2025-11-17,SKU0060,230,0.0,13,159
2025-11-24,SKU0060,124,408.0,13,159
2025-12-01,SKU0060,10,408.0,13,159
2025-12-08,SKU0060,359,0.0,13,159
2025-12-15,SKU0060,258,0.0,13,159
2025-12-22,SKU0060,152,346.0,13,159
2025-12-29,SKU0060,68,,13,159
2024-01-01,SKU0061,137,1097.0,12,500
2024-01-08,SKU0061,0,1097.0,12,500
2024-01-15,SKU0061,953,0.0,12,500
2024-01-22,SKU0061,605,0.0,12,500
2024-01-29,SKU0061,224,1026.0,12,500
2024-02-05,SKU0061,979,0.0,12,500
2024-02-12,SKU0061,592,0.0,12,500
2024-02-19,SKU0061,204,1053.0,12,500
2024-02-26,SKU0061,1002,0.0,12,500
2024-03-04,SKU0061,650,0.0,12,500
2024-03-11,SKU0061,272,1038.0,12,500
2024-03-18,SKU0061,0,1038.0,12,500
2024-03-25,SKU0061,719,0.0,12,500
2024-04-01,SKU0061,379,1295.0,12,500
2024-04-08,SKU0061,26,1295.0,12,500
2024-04-15,SKU0061,836,0.0,12,500
2024-04-22,SKU0061,530,0.0,12,500
2024-04-29,SKU0061,181,879.0,12,500
2024-05-06,SKU0061,789,0.0,12,500
2024-05-13,SKU0061,510,0.0,12,500
2024-05-20,SKU0061,273,772.0,12,500
2024-05-27,SKU0061,792,0.0,12,500
2024-06-03,SKU0061,561,0.0,12,500
2024-06-10,SKU0061,322,656.0,12,500
2024-06-17,SKU0061,746,0.0,12,500
2024-06-24,SKU0061,531,0.0,12,500
2024-07-01,SKU0061,352,557.0,12,500
2024-07-08,SKU0061,736,0.0,12,500
2024-07-15,SKU0061,531,0.0,12,500
2024-07-22,SKU0061,254,949.0,12,500
2024-07-29,SKU0061,1043,0.0,12,500
2024-08-05,SKU0061,878,0.0,12,500
2024-08-12,SKU0061,724,0.0,12,500
2024-08-19,SKU0061,561,0.0,12,500
2024-08-26,SKU0061,390,435.0,12,500
2024-09-02,SKU0061,256,435.0,12,500
2024-09-09,SKU0061,402,1168.0,12,500
2024-09-16,SKU0061,204,1168.0,12,500
2024-09-23,SKU0061,1196,0.0,12,500
2024-09-30,SKU0061,993,0.0,12,500
2024-10-07,SKU0061,806,0.0,12,500
2024-10-14,SKU0061,593,0.0,12,500
2024-10-21,SKU0061,365,588.0,12,500
2024-10-28,SKU0061,181,588.0,12,500
2024-11-04,SKU0061,537,0.0,12,500
2024-11-11,SKU0061,286,677.0,12,500
2024-11-18,SKU0061,708,0.0,12,500
2024-11-25,SKU0061,409,1027.0,12,500
2024-12-02,SKU0061,0,1027.0,12,500
2024-12-09,SKU0061,839,0.0,12,500
2024-12-16,SKU0061,411,1740.0,12,500
2024-12-23,SKU0061,0,1740.0,12,500
2024-12-30,SKU0061,1591,0.0,12,500
2025-01-06,SKU0061,1119,0.0,12,500
2025-01-13,SKU0061,611,0.0,12,500
2025-01-20,SKU0061,273,1008.0,12,500
2025-01-27,SKU0061,0,1008.0,12,500
2025-02-03,SKU0061,640,0.0,12,500
2025-02-10,SKU0061,263,1048.0,12,500
2025-02-17,SKU0061,0,1048.0,12,500
2025-02-24,SKU0061,680,0.0,12,500
2025-03-03,SKU0061,281,1048.0,12,500
2025-03-10,SKU0061,0,1048.0,12,500
2025-03-17,SKU0061,750,0.0,12,500
2025-03-24,SKU0061,401,1324.0,12,500
2025-03-31,SKU0061,16,1324.0,12,500
2025-04-07,SKU0061,1107,0.0,12,500
2025-04-14,SKU0061,508,0.0,12,500
2025-04-21,SKU0061,163,1794.0,12,500
2025-04-28,SKU0061,1703,0.0,12,500
2025-05-05,SKU0061,1434,0.0,12,500
2025-05-12,SKU0061,1145,0.0,12,500
2025-05-19,SKU0061,888,0.0,12,500
2025-05-26,SKU0061,609,0.0,12,500
2025-06-02,SKU0061,369,687.0,12,500
2025-06-09,SKU0061,158,687.0,12,500
2025-06-16,SKU0061,641,0.0,12,500
2025-06-23,SKU0061,414,764.0,12,500
2025-06-30,SKU0061,199,764.0,12,500
2025-07-07,SKU0061,775,0.0,12,500
2025-07-14,SKU0061,584,0.0,12,500
2025-07-21,SKU0061,256,943.0,12,500
2025-07-28,SKU0061,91,943.0,12,500
2025-08-04,SKU0061,857,0.0,12,500
2025-08-11,SKU0061,703,0.0,12,500
2025-08-18,SKU0061,565,0.0,12,500
2025-08-25,SKU0061,408,434.0,12,500
2025-09-01,SKU0061,246,434.0,12,500
2025-09-08,SKU0061,413,1168.0,12,500
2025-09-15,SKU0061,208,1168.0,12,500
2025-09-22,SKU0061,1192,0.0,12,500
2025-09-29,SKU0061,1028,0.0,12,500
2025-10-06,SKU0061,812,0.0,12,500
2025-10-13,SKU0061,632,0.0,12,500
2025-10-20,SKU0061,417,776.0,12,500
2025-10-27,SKU0061,195,776.0,12,500
2025-11-03,SKU0061,727,0.0,12,500
2025-11-10,SKU0061,467,,12,500
2025-11-17,SKU0061,203,703.0,12,500
2025-11-24,SKU0061,634,0.0,12,500
2025-12-01,SKU0061,229,1553.0,12,500
2025-12-08,SKU0061,0,1553.0,12,500
2025-12-15,SKU0061,1191,0.0,12,500
2025-12-22,SKU0061,595,0.0,12,500
2025-12-29,SKU0061,251,1069.0,12,500
2024-01-01,SKU0062,16,741.0,23,1064
2024-01-08,SKU0062,0,741.0,23,1064
2024-01-15,SKU0062,0,741.0,23,1064
2024-01-22,SKU0062,0,741.0,23,1064
2024-01-29,SKU0062,591,636.0,23,1064
2024-02-05,SKU0062,441,636.0,23,1064
2024-02-12,SKU0062,274,636.0,23,1064
2024-02-19,SKU0062,738,698.0,23,1064
2024-02-26,SKU0062,573,698.0,23,1064
2024-03-04,SKU0062,386,698.0,23,1064
2024-03-11,SKU0062,885,910.0,23,1064
2024-03-18,SKU0062,666,910.0,23,1064
2024-03-25,SKU0062,422,910.0,23,1064
2024-04-01,SKU0062,192,910.0,23,1064
2024-04-08,SKU0062,850,992.0,23,1064
2024-04-15,SKU0062,380,992.0,23,1064
2024-04-22,SKU0062,70,992.0,23,1064
2024-04-29,SKU0062,829,1172.0,23,1064
2024-05-06,SKU0062,530,1172.0,23,1064
2024-05-13,SKU0062,203,1172.0,23,1064
2024-05-20,SKU0062,1082,0.0,23,1064
2024-05-27,SKU0062,714,1352.0,23,1064
2024-06-03,SKU0062,334,1352.0,23,1064
2024-06-10,SKU0062,0,1352.0,23,1064
2024-06-17,SKU0062,1074,,23,1064
2024-06-24,SKU0062,698,1496.0,23,1064
2024-07-01,SKU0062,303,1496.0,23,1064
2024-07-08,SKU0062,0,1496.0,23,1064
2024-07-15,SKU0062,1169,0.0,23,1064
2024-07-22,SKU0062,518,2916.0,23,1064
2024-07-29,SKU0062,117,2916.0,23,1064
2024-08-05,SKU0062,0,2916.0,23,1064
2024-08-12,SKU0062,2655,0.0,23,1064
2024-08-19,SKU0062,2284,0.0,23,1064
2024-08-26,SKU0062,1930,0.0,23,1064
2024-09-02,SKU0062,1578,0.0,23,1064
2024-09-09,SKU0062,1040,2557.0,23,1064
2024-09-16,SKU0062,668,2557.0,23,1064
2024-09-23,SKU0062,321,2557.0,23,1064
2024-09-30,SKU0062,0,2557.0,23,1064
2024-10-07,SKU0062,2301,0.0,23,1064
2024-10-14,SKU0062,1994,0.0,23,1064
2024-10-21,SKU0062,1732,0.0,23,1064
2024-10-28,SKU0062,1480,0.0,23,1064
2024-11-04,SKU0062,1241,0.0,23,1064
2024-11-11,SKU0062,998,993.0,23,1064
2024-11-18,SKU0062,784,993.0,23,1064
2024-11-25,SKU0062,549,993.0,23,1064
2024-12-02,SKU0062,270,993.0,23,1064
2024-12-09,SKU0062,1065,0.0,23,1064
2024-12-16,SKU0062,850,718.0,23,1064
2024-12-23,SKU0062,576,718.0,23,1064
2024-12-30,SKU0062,391,,23,1064
2025-01-06,SKU0062,910,647.0,23,1064
2025-01-13,SKU0062,689,647.0,23,1064
2025-01-20,SKU0062,519,647.0,23,1064
2025-01-27,SKU0062,1003,716.0,23,1064
2025-02-03,SKU0062,845,716.0,23,1064
2025-02-10,SKU0062,660,716.0,23,1064
2025-02-17,SKU0062,1197,0.0,23,1064
2025-02-24,SKU0062,1030,822.0,23,1064
2025-03-03,SKU0062,807,822.0,23,1064
2025-03-10,SKU0062,596,822.0,23,1064
2025-03-17,SKU0062,372,822.0,23,1064
2025-03-24,SKU0062,952,1007.0,23,1064
2025-03-31,SKU0062,706,1007.0,23,1064
2025-04-07,SKU0062,437,1007.0,23,1064
2025-04-14,SKU0062,1006,2042.0,23,1064
2025-04-21,SKU0062,671,2042.0,23,1064
2025-04-28,SKU0062,367,2042.0,23,1064
2025-05-05,SKU0062,34,2042.0,23,1064
2025-05-12,SKU0062,1739,0.0,23,1064
2025-05-19,SKU0062,1420,0.0,23,1064
2025-05-26,SKU0062,1071,0.0,23,1064
2025-06-02,SKU0062,729,1396.0,23,1064
2025-06-09,SKU0062,383,1396.0,23,1064
2025-06-16,SKU0062,0,1396.0,23,1064
2025-06-23,SKU0062,1131,0.0,23,1064
2025-06-30,SKU0062,730,1525.0,23,1064
2025-07-07,SKU0062,314,1525.0,23,1064
2025-07-14,SKU0062,0,1525.0,23,1064
2025-07-21,SKU0062,1101,0.0,23,1064
2025-07-28,SKU0062,713,1551.0,23,1064
2025-08-04,SKU0062,322,1551.0,23,1064
2025-08-11,SKU0062,0,1551.0,23,1064
2025-08-18,SKU0062,1255,0.0,23,1064
2025-08-25,SKU0062,877,1464.0,23,1064
2025-09-01,SKU0062,524,1464.0,23,1064
2025-09-08,SKU0062,0,1464.0,23,1064
2025-09-15,SKU0062,1378,0.0,23,1064
2025-09-22,SKU0062,1061,1275.0,23,1064
2025-09-29,SKU0062,733,1275.0,23,1064
2025-10-06,SKU0062,440,1275.0,23,1064
2025-10-13,SKU0062,143,1275.0,23,1064
2025-10-20,SKU0062,1141,0.0,23,1064
2025-10-27,SKU0062,912,1036.0,23,1064
2025-11-03,SKU0062,665,1036.0,23,1064
2025-11-10,SKU0062,447,1036.0,23,1064
2025-11-17,SKU0062,1283,0.0,23,1064
2025-11-24,SKU0062,1077,0.0,23,1064
2025-12-01,SKU0062,754,1514.0,23,1064
2025-12-08,SKU0062,568,1514.0,23,1064
2025-12-15,SKU0062,356,1514.0,23,1064
2025-12-22,SKU0062,1553,0.0,23,1064
2025-12-29,SKU0062,1369,0.0,23,1064
2025-02-17,SKU0063,55,1836.0,25,957
2025-02-24,SKU0063,0,1836.0,25,957
2025-03-03,SKU0063,0,1836.0,25,957
2025-03-10,SKU0063,0,1836.0,25,957
2025-03-17,SKU0063,1549,0.0,25,957
2025-03-24,SKU0063,1202,0.0,25,957
2025-03-31,SKU0063,873,2235.0,25,957
2025-04-07,SKU0063,536,2235.0,25,957
2025-04-14,SKU0063,75,2235.0,25,957
2025-04-21,SKU0063,0,2235.0,25,957
2025-04-28,SKU0063,2003,0.0,25,957
2025-05-05,SKU0063,1679,0.0,25,957
2025-05-12,SKU0063,1320,0.0,25,957
2025-05-19,SKU0063,987,0.0,25,957
2025-05-26,SKU0063,640,1789.0,25,957
2025-06-02,SKU0063,320,1789.0,25,957
2025-06-09,SKU0063,0,1789.0,25,957
2025-06-16,SKU0063,1636,0.0,25,957
2025-06-23,SKU0063,1333,0.0,25,957
2025-06-30,SKU0063,1024,0.0,25,957
2025-07-07,SKU0063,731,1510.0,25,957
2025-07-14,SKU0063,487,1510.0,25,957
2025-07-21,SKU0063,80,1510.0,25,957
2025-07-28,SKU0063,1446,0.0,25,957
2025-08-04,SKU0063,1204,0.0,25,957
2025-08-11,SKU0063,986,0.0,25,957
2025-08-18,SKU0063,781,1110.0,25,957
2025-08-25,SKU0063,566,1110.0,25,957
2025-09-01,SKU0063,377,1110.0,25,957
2025-09-08,SKU0063,1250,0.0,25,957
2025-09-15,SKU0063,1058,0.0,25,957
2025-09-22,SKU0063,896,1028.0,25,957
2025-09-29,SKU0063,760,1028.0,25,957
2025-10-06,SKU0063,619,1028.0,25,957
2025-10-13,SKU0063,495,1028.0,25,957
2025-10-20,SKU0063,1406,0.0,25,957
2025-10-27,SKU0063,1281,0.0,25,957
2025-11-03,SKU0063,1146,0.0,25,957
2025-11-10,SKU0063,1018,0.0,25,957
2025-11-17,SKU0063,872,721.0,25,957
2025-11-24,SKU0063,707,721.0,25,957
2025-12-01,SKU0063,522,721.0,25,957
2025-12-08,SKU0063,384,721.0,25,957
2025-12-15,SKU0063,922,1347.0,25,957
2025-12-22,SKU0063,659,1347.0,25,957
2025-12-29,SKU0063,501,1347.0,25,957
2024-01-01,SKU0064,21,237.0,7,97
2024-01-08,SKU0064,201,0.0,7,97
2024-01-15,SKU0064,44,255.0,7,97
2024-01-22,SKU0064,185,0.0,7,97
2024-01-29,SKU0064,8,203.0,7,97
2024-02-05,SKU0064,111,0.0,7,97
2024-02-12,SKU0064,0,199.0,7,97
2024-02-19,SKU0064,43,238.0,7,97
2024-02-26,SKU0064,162,0.0,7,97
2024-03-04,SKU0064,11,185.0,7,97
2024-03-11,SKU0064,82,176.0,7,97
2024-03-18,SKU0064,165,0.0,7,97
2024-03-25,SKU0064,41,204.0,7,97
2024-04-01,SKU0064,131,0.0,7,97
2024-04-08,SKU0064,22,,7,97
2024-04-15,SKU0064,38,293.0,7,97
2024-04-22,SKU0064,253,0.0,7,97
2024-04-29,SKU0064,157,0.0,7,97
2024-05-06,SKU0064,59,156.0,7,97
2024-05-13,SKU0064,130,0.0,7,97
2024-05-20,SKU0064,58,116.0,7,97
2024-05-27,SKU0064,102,0.0,7,97
2024-06-03,SKU0064,35,109.0,7,97
2024-06-10,SKU0064,75,127.0,7,97
2024-06-17,SKU0064,113,0.0,7,97
2024-06-24,SKU0064,20,99.0,7,97
2024-07-01,SKU0064,38,97.0,7,97
2024-07-08,SKU0064,67,119.0,7,97
2024-07-15,SKU0064,119,0.0,7,97
2024-07-22,SKU0064,5,159.0,7,97
2024-07-29,SKU0064,105,0.0,7,97
2024-08-05,SKU0064,30,101.0,7,97
2024-08-12,SKU0064,59,105.0,7,97
2024-08-19,SKU0064,85,137.0,7,97
2024-08-26,SKU0064,149,0.0,7,97
2024-09-02,SKU0064,63,119.0,7,97
2024-09-09,SKU0064,26,253.0,7,97
2024-09-16,SKU0064,219,0.0,7,97
2024-09-23,SKU0064,125,0.0,7,97
2024-09-30,SKU0064,24,142.0,7,97
2024-10-07,SKU0064,53,187.0,7,97
2024-10-14,SKU0064,146,0.0,7,97
2024-10-21,SKU0064,13,163.0,7,97
2024-10-28,SKU0064,62,213.0,7,97
2024-11-04,SKU0064,170,0.0,7,97
2024-11-11,SKU0064,23,227.0,7,97
2024-11-18,SKU0064,170,0.0,7,97
2024-11-25,SKU0064,0,193.0,7,97
2024-12-02,SKU0064,103,0.0,7,97
2024-12-09,SKU0064,0,200.0,7,97
2024-12-16,SKU0064,6,414.0,7,97
2024-12-23,SKU0064,365,0.0,7,97
2024-12-30,SKU0064,197,0.0,7,97
2025-01-06,SKU0064,27,258.0,7,97
2025-01-13,SKU0064,186,0.0,7,97
2025-01-20,SKU0064,38,257.0,7,97
2025-01-27,SKU0064,196,0.0,7,97
2025-02-03,SKU0064,44,251.0,7,97
2025-02-10,SKU0064,180,0.0,7,97
2025-02-17,SKU0064,32,242.0,7,97
2025-02-24,SKU0064,170,0.0,7,97
2025-03-03,SKU0064,31,187.0,7,97
2025-03-10,SKU0064,106,0.0,7,97
2025-03-17,SKU0064,0,178.0,7,97
2025-03-24,SKU0064,64,207.0,7,97
2025-03-31,SKU0064,175,0.0,7,97
2025-04-07,SKU0064,57,192.0,7,97
2025-04-14,SKU0064,88,240.0,7,97
2025-04-21,SKU0064,222,0.0,7,97
2025-04-28,SKU0064,127,0.0,7,97
2025-05-05,SKU0064,38,131.0,7,97
2025-05-12,SKU0064,54,153.0,7,97
2025-05-19,SKU0064,104,0.0,7,97
2025-05-26,SKU0064,12,116.0,7,97
2025-06-02,SKU0064,58,110.0,7,97
2025-06-09,SKU0064,98,0.0,7,97
2025-06-16,SKU0064,15,104.0,7,97
2025-06-23,SKU0064,44,101.0,7,97
2025-06-30,SKU0064,57,123.0,7,97
2025-07-07,SKU0064,83,,7,97
2025-07-14,SKU0064,104,0.0,7,97
2025-07-21,SKU0064,0,162.0,7,97
2025-07-28,SKU0064,99,0.0,7,97
2025-08-04,SKU0064,21,103.0,7,97
2025-08-11,SKU0064,19,106.0,7,97
2025-08-18,SKU0064,32,110.0,7,97
2025-08-25,SKU0064,68,144.0,7,97
2025-09-01,SKU0064,107,0.0,7,97
2025-09-08,SKU0064,0,124.0,7,97
2025-09-15,SKU0064,0,213.0,7,97
2025-09-22,SKU0064,118,0.0,7,97
2025-09-29,SKU0064,0,143.0,7,97
2025-10-06,SKU0064,59,189.0,7,97
2025-10-13,SKU0064,139,0.0,7,97
2025-10-20,SKU0064,4,165.0,7,97
2025-10-27,SKU0064,69,215.0,7,97
2025-11-03,SKU0064,175,0.0,7,97
2025-11-10,SKU0064,44,229.0,7,97
2025-11-17,SKU0064,152,0.0,7,97
2025-11-24,SKU0064,0,194.0,7,97
2025-12-01,SKU0064,35,247.0,7,97
2025-12-08,SKU0064,167,0.0,7,97
2025-12-15,SKU0064,20,206.0,7,97
2025-12-22,SKU0064,27,422.0,7,97
2025-12-29,SKU0064,373,0.0,7,97
2024-08-12,SKU0065,49,1569.0,26,364
2024-08-19,SKU0065,0,1569.0,26,364
2024-08-26,SKU0065,0,1569.0,26,364
2024-09-02,SKU0065,0,1569.0,26,364
2024-09-09,SKU0065,1356,0.0,26,364
2024-09-16,SKU0065,1152,0.0,26,364
2024-09-23,SKU0065,972,0.0,26,364
2024-09-30,SKU0065,803,0.0,26,364
2024-10-07,SKU0065,632,0.0,26,364
2024-10-14,SKU0065,481,0.0,26,364
2024-10-21,SKU0065,320,,26,364
2024-10-28,SKU0065,184,1239.0,26,364
2024-11-04,SKU0065,62,1239.0,26,364
2024-11-11,SKU0065,0,1239.0,26,364
2024-11-18,SKU0065,1164,0.0,26,364
2024-11-25,SKU0065,1031,0.0,26,364
2024-12-02,SKU0065,894,0.0,26,364
2024-12-09,SKU0065,807,0.0,26,364
2024-12-16,SKU0065,686,0.0,26,364
2024-12-23,SKU0065,554,0.0,26,364
2024-12-30,SKU0065,470,0.0,26,364
2025-01-06,SKU0065,385,0.0,26,364
2025-01-13,SKU0065,303,864.0,26,364
2025-01-20,SKU0065,233,864.0,26,364
2025-01-27,SKU0065,168,864.0,26,364
2025-02-03,SKU0065,970,0.0,26,364
2025-02-10,SKU0065,916,0.0,26,364
2025-02-17,SKU0065,849,0.0,26,364
2025-02-24,SKU0065,805,0.0,26,364
2025-03-03,SKU0065,744,0.0,26,364
2025-03-10,SKU0065,678,0.0,26,364
2025-03-17,SKU0065,611,0.0,26,364
2025-03-24,SKU0065,537,0.0,26,364
2025-03-31,SKU0065,458,0.0,26,364
2025-04-07,SKU0065,383,0.0,26,364
2025-04-14,SKU0065,218,1097.0,26,364
2025-04-21,SKU0065,112,1097.0,26,364
2025-04-28,SKU0065,17,1097.0,26,364
2025-05-05,SKU0065,0,1097.0,26,364
2025-05-12,SKU0065,977,0.0,26,364
2025-05-19,SKU0065,853,0.0,26,364
2025-05-26,SKU0065,711,0.0,26,364
2025-06-02,SKU0065,566,0.0,26,364
2025-06-09,SKU0065,418,0.0,26,364
2025-06-16,SKU0065,268,963.0,26,364
2025-06-23,SKU0065,85,963.0,26,364
2025-06-30,SKU0065,0,963.0,26,364
2025-07-07,SKU0065,0,963.0,26,364
2025-07-14,SKU0065,793,0.0,26,364
2025-07-21,SKU0065,456,0.0,26,364
2025-07-28,SKU0065,272,1154.0,26,364
2025-08-04,SKU0065,65,1154.0,26,364
2025-08-11,SKU0065,0,1154.0,26,364
2025-08-18,SKU0065,0,1154.0,26,364
2025-08-25,SKU0065,1001,0.0,26,364
2025-09-01,SKU0065,810,0.0,26,364
2025-09-08,SKU0065,535,0.0,26,364
2025-09-15,SKU0065,295,1511.0,26,364
2025-09-22,SKU0065,103,1511.0,26,364
2025-09-29,SKU0065,0,1511.0,26,364
2025-10-06,SKU0065,0,1511.0,26,364
2025-10-13,SKU0065,1388,0.0,26,364
2025-10-20,SKU0065,1253,0.0,26,364
2025-10-27,SKU0065,1109,0.0,26,364
2025-11-03,SKU0065,979,0.0,26,364
2025-11-10,SKU0065,863,0.0,26,364
2025-11-17,SKU0065,751,0.0,26,364
2025-11-24,SKU0065,631,0.0,26,364
2025-12-01,SKU0065,465,0.0,26,364
2025-12-08,SKU0065,354,600.0,26,364
2025-12-15,SKU0065,247,600.0,26,364
2025-12-22,SKU0065,91,600.0,26,364
2025-12-29,SKU0065,7,600.0,26,364
2024-01-01,SKU0066,156,421.0,27,177
2024-01-08,SKU0066,50,421.0,27,177
2024-01-15,SKU0066,0,421.0,27,177
2024-01-22,SKU0066,0,421.0,27,177
2024-01-29,SKU0066,398,0.0,27,177
2024-02-05,SKU0066,340,0.0,27,177
2024-02-12,SKU0066,279,0.0,27,177
2024-02-19,SKU0066,209,0.0,27,177
2024-02-26,SKU0066,142,363.0,27,177
2024-03-04,SKU0066,80,363.0,27,177
2024-03-11,SKU0066,0,363.0,27,177
2024-03-18,SKU0066,0,363.0,27,177
2024-03-25,SKU0066,324,0.0,27,177
2024-04-01,SKU0066,256,0.0,27,177
2024-04-08,SKU0066,191,0.0,27,177
2024-04-15,SKU0066,111,504.0,27,177
2024-04-22,SKU0066,53,504.0,27,177
2024-04-29,SKU0066,0,504.0,27,177
2024-05-06,SKU0066,0,504.0,27,177
2024-05-13,SKU0066,443,0.0,27,177
2024-05-20,SKU0066,390,0.0,27,177
2024-05-27,SKU0066,333,0.0,27,177
2024-06-03,SKU0066,294,0.0,27,177
2024-06-10,SKU0066,259,0.0,27,177
2024-06-17,SKU0066,220,0.0,27,177
2024-06-24,SKU0066,187,0.0,27,177
2024-07-01,SKU0066,153,182.0,27,177
2024-07-08,SKU0066,119,182.0,27,177
2024-07-15,SKU0066,74,182.0,27,177
2024-07-22,SKU0066,18,182.0,27,177
2024-07-29,SKU0066,173,170.0,27,177
2024-08-05,SKU0066,146,170.0,27,177
2024-08-12,SKU0066,111,170.0,27,177
2024-08-19,SKU0066,67,170.0,27,177
2024-08-26,SKU0066,200,0.0,27,177
2024-09-02,SKU0066,163,231.0,27,177
2024-09-09,SKU0066,110,231.0,27,177
2024-09-16,SKU0066,61,231.0,27,177
2024-09-23,SKU0066,28,231.0,27,177
2024-09-30,SKU0066,220,0.0,27,177
2024-10-07,SKU0066,179,0.0,27,177
2024-10-14,SKU0066,137,246.0,27,177
2024-10-21,SKU0066,80,246.0,27,177
2024-10-28,SKU0066,39,246.0,27,177
2024-11-04,SKU0066,239,0.0,27,177
2024-11-11,SKU0066,180,0.0,27,177
2024-11-18,SKU0066,107,308.0,27,177
2024-11-25,SKU0066,39,308.0,27,177
2024-12-02,SKU0066,0,308.0,27,177
2024-12-09,SKU0066,301,0.0,27,177
2024-12-16,SKU0066,215,0.0,27,177
2024-12-23,SKU0066,124,608.0,27,177
2024-12-30,SKU0066,26,608.0,27,177
2025-01-06,SKU0066,0,608.0,27,177
2025-01-13,SKU0066,0,608.0,27,177
2025-01-20,SKU0066,537,0.0,27,177
2025-01-27,SKU0066,465,0.0,27,177
2025-02-03,SKU0066,370,0.0,27,177
2025-02-10,SKU0066,287,0.0,27,177
2025-02-17,SKU0066,215,0.0,27,177
2025-02-24,SKU0066,138,371.0,27,177
2025-03-03,SKU0066,66,371.0,27,177
2025-03-10,SKU0066,2,371.0,27,177
2025-03-17,SKU0066,0,371.0,27,177
2025-03-24,SKU0066,314,0.0,27,177
2025-03-31,SKU0066,245,0.0,27,177
2025-04-07,SKU0066,191,0.0,27,177
2025-04-14,SKU0066,99,308.0,27,177
2025-04-21,SKU0066,25,308.0,27,177
2025-04-28,SKU0066,0,308.0,27,177
2025-05-05,SKU0066,0,308.0,27,177
2025-05-12,SKU0066,251,0.0,27,177
2025-05-19,SKU0066,206,0.0,27,177
2025-05-26,SKU0066,153,278.0,27,177
2025-06-02,SKU0066,108,278.0,27,177
2025-06-09,SKU0066,63,278.0,27,177
2025-06-16,SKU0066,22,278.0,27,177
2025-06-23,SKU0066,270,0.0,27,177
2025-06-30,SKU0066,219,0.0,27,177
2025-07-07,SKU0066,180,0.0,27,177
2025-07-14,SKU0066,140,182.0,27,177
2025-07-21,SKU0066,70,182.0,27,177
2025-07-28,SKU0066,29,182.0,27,177
2025-08-04,SKU0066,179,0.0,27,177
2025-08-11,SKU0066,145,179.0,27,177
2025-08-18,SKU0066,114,179.0,27,177
2025-08-25,SKU0066,66,179.0,27,177
2025-09-01,SKU0066,220,0.0,27,177
2025-09-08,SKU0066,161,416.0,27,177
2025-09-15,SKU0066,122,416.0,27,177
2025-09-22,SKU0066,71,416.0,27,177
2025-09-29,SKU0066,35,416.0,27,177
2025-10-06,SKU0066,403,0.0,27,177
2025-10-13,SKU0066,347,0.0,27,177
2025-10-20,SKU0066,291,0.0,27,177
2025-10-27,SKU0066,241,0.0,27,177
2025-11-03,SKU0066,180,0.0,27,177
2025-11-10,SKU0066,116,301.0,27,177
2025-11-17,SKU0066,47,301.0,27,177
2025-11-24,SKU0066,0,301.0,27,177
2025-12-01,SKU0066,290,0.0,27,177
2025-12-08,SKU0066,229,0.0,27,177
2025-12-15,SKU0066,145,435.0,27,177
2025-12-22,SKU0066,37,435.0,27,177
2025-12-29,SKU0066,0,435.0,27,177
2024-01-01,SKU0067,79,497.0,22,323
2024-01-08,SKU0067,0,497.0,22,323
2024-01-15,SKU0067,0,497.0,22,323
2024-01-22,SKU0067,0,497.0,22,323
2024-01-29,SKU0067,377,0.0,22,323
2024-02-05,SKU0067,262,425.0,22,323
2024-02-12,SKU0067,176,425.0,22,323
2024-02-19,SKU0067,65,425.0,22,323
2024-02-26,SKU0067,386,0.0,22,323
2024-03-04,SKU0067,271,404.0,22,323
2024-03-11,SKU0067,176,404.0,22,323
2024-03-18,SKU0067,86,404.0,22,323
2024-03-25,SKU0067,383,0.0,22,323
2024-04-01,SKU0067,300,514.0,22,323
2024-04-08,SKU0067,215,514.0,22,323
2024-04-15,SKU0067,30,514.0,22,323
2024-04-22,SKU0067,489,0.0,22,323
2024-04-29,SKU0067,403,0.0,22,323
2024-05-06,SKU0067,308,466.0,22,323
2024-05-13,SKU0067,221,466.0,22,323
2024-05-20,SKU0067,148,466.0,22,323
2024-05-27,SKU0067,516,0.0,22,323
2024-06-03,SKU0067,441,0.0,22,323
2024-06-10,SKU0067,357,0.0,22,323
2024-06-17,SKU0067,273,317.0,22,323
2024-06-24,SKU0067,196,317.0,22,323
2024-07-01,SKU0067,110,317.0,22,323
2024-07-08,SKU0067,347,0.0,22,323
2024-07-15,SKU0067,247,314.0,22,323
2024-07-22,SKU0067,105,314.0,22,323
2024-07-29,SKU0067,13,314.0,22,323
2024-08-05,SKU0067,277,321.0,22,323
2024-08-12,SKU0067,191,321.0,22,323
2024-08-19,SKU0067,95,321.0,22,323
2024-08-26,SKU0067,336,0.0,22,323
2024-09-02,SKU0067,247,339.0,22,323
2024-09-09,SKU0067,71,339.0,22,323
2024-09-16,SKU0067,0,339.0,22,323
2024-09-23,SKU0067,272,360.0,22,323
2024-09-30,SKU0067,178,360.0,22,323
2024-10-07,SKU0067,73,360.0,22,323
2024-10-14,SKU0067,338,0.0,22,323
2024-10-21,SKU0067,222,385.0,22,323
2024-10-28,SKU0067,114,385.0,22,323
2024-11-04,SKU0067,14,385.0,22,323
2024-11-11,SKU0067,300,558.0,22,323
2024-11-18,SKU0067,197,558.0,22,323
2024-11-25,SKU0067,94,558.0,22,323
2024-12-02,SKU0067,545,0.0,22,323
2024-12-09,SKU0067,435,0.0,22,323
2024-12-16,SKU0067,282,893.0,22,323
2024-12-23,SKU0067,104,893.0,22,323
2024-12-30,SKU0067,0,893.0,22,323
2025-01-06,SKU0067,0,893.0,22,323
2025-01-13,SKU0067,727,0.0,22,323
2025-01-20,SKU0067,623,0.0,22,323
2025-01-27,SKU0067,510,0.0,22,323
2025-02-03,SKU0067,399,0.0,22,323
2025-02-10,SKU0067,297,571.0,22,323
2025-02-17,SKU0067,179,571.0,22,323
2025-02-24,SKU0067,83,571.0,22,323
2025-03-03,SKU0067,561,0.0,22,323
2025-03-10,SKU0067,463,0.0,22,323
2025-03-17,SKU0067,356,0.0,22,323
2025-03-24,SKU0067,249,385.0,22,323
2025-03-31,SKU0067,140,385.0,22,323
2025-04-07,SKU0067,55,385.0,22,323
2025-04-14,SKU0067,276,1026.0,22,323
2025-04-21,SKU0067,169,1026.0,22,323
2025-04-28,SKU0067,77,1026.0,22,323
2025-05-05,SKU0067,1018,0.0,22,323
2025-05-12,SKU0067,927,0.0,22,323
2025-05-19,SKU0067,850,0.0,22,323
2025-05-26,SKU0067,788,0.0,22,323
2025-06-02,SKU0067,709,0.0,22,323
2025-06-09,SKU0067,632,0.0,22,323
2025-06-16,SKU0067,552,0.0,22,323
2025-06-23,SKU0067,455,0.0,22,323
2025-06-30,SKU0067,354,0.0,22,323
2025-07-07,SKU0067,260,312.0,22,323
2025-07-14,SKU0067,174,312.0,22,323
2025-07-21,SKU0067,7,312.0,22,323
2025-07-28,SKU0067,269,316.0,22,323
2025-08-04,SKU0067,185,316.0,22,323
2025-08-11,SKU0067,99,316.0,22,323
2025-08-18,SKU0067,346,0.0,22,323
2025-08-25,SKU0067,260,331.0,22,323
2025-09-01,SKU0067,159,,22,323
2025-09-08,SKU0067,0,331.0,22,323
2025-09-15,SKU0067,279,350.0,22,323
2025-09-22,SKU0067,183,350.0,22,323
2025-09-29,SKU0067,93,,22,323
2025-10-06,SKU0067,340,0.0,22,323
2025-10-13,SKU0067,251,377.0,22,323
2025-10-20,SKU0067,148,377.0,22,323
2025-10-27,SKU0067,47,377.0,22,323
2025-11-03,SKU0067,320,402.0,22,323
2025-11-10,SKU0067,212,402.0,22,323
2025-11-17,SKU0067,114,402.0,22,323
2025-11-24,SKU0067,3,402.0,22,323
2025-12-01,SKU0067,223,873.0,22,323
2025-12-08,SKU0067,119,873.0,22,323
2025-12-15,SKU0067,1,873.0,22,323
2025-12-22,SKU0067,746,0.0,22,323
2025-12-29,SKU0067,636,0.0,22,323
2024-01-01,SKU0068,41,680.0,21,223
2024-01-08,SKU0068,0,680.0,21,223
2024-01-15,SKU0068,0,680.0,21,223
2024-01-22,SKU0068,663,0.0,21,223
2024-01-29,SKU0068,551,0.0,21,223
2024-02-05,SKU0068,432,0.0,21,223
2024-02-12,SKU0068,295,0.0,21,223
2024-02-19,SKU0068,188,545.0,21,223
2024-02-26,SKU0068,89,545.0,21,223
2024-03-04,SKU0068,0,545.0,21,223
2024-03-11,SKU0068,512,0.0,21,223
2024-03-18,SKU0068,421,0.0,21,223
2024-03-25,SKU0068,342,0.0,21,223
2024-04-01,SKU0068,261,0.0,21,223
2024-04-08,SKU0068,180,370.0,21,223
2024-04-15,SKU0068,81,370.0,21,223
2024-04-22,SKU0068,29,370.0,21,223
2024-04-29,SKU0068,325,0.0,21,223
2024-05-06,SKU0068,259,0.0,21,223
2024-05-13,SKU0068,210,280.0,21,223
2024-05-20,SKU0068,155,280.0,21,223
2024-05-27,SKU0068,112,280.0,21,223
2024-06-03,SKU0068,343,0.0,21,223
2024-06-10,SKU0068,304,0.0,21,223
2024-06-17,SKU0068,270,0.0,21,223
2024-06-24,SKU0068,220,213.0,21,223
2024-07-01,SKU0068,172,213.0,21,223
2024-07-08,SKU0068,136,213.0,21,223
2024-07-15,SKU0068,306,0.0,21,223
2024-07-22,SKU0068,244,0.0,21,223
2024-07-29,SKU0068,195,239.0,21,223
2024-08-05,SKU0068,143,239.0,21,223
2024-08-12,SKU0068,97,239.0,21,223
2024-08-19,SKU0068,279,0.0,21,223
2024-08-26,SKU0068,220,313.0,21,223
2024-09-02,SKU0068,153,313.0,21,223
2024-09-09,SKU0068,42,313.0,21,223
2024-09-16,SKU0068,301,0.0,21,223
2024-09-23,SKU0068,207,401.0,21,223
2024-09-30,SKU0068,128,401.0,21,223
2024-10-07,SKU0068,31,401.0,21,223
2024-10-14,SKU0068,390,0.0,21,223
2024-10-21,SKU0068,271,0.0,21,223
2024-10-28,SKU0068,163,497.0,21,223
2024-11-04,SKU0068,52,497.0,21,223
2024-11-11,SKU0068,0,497.0,21,223
2024-11-18,SKU0068,413,0.0,21,223
2024-11-25,SKU0068,309,0.0,21,223
2024-12-02,SKU0068,172,612.0,21,223
2024-12-09,SKU0068,66,612.0,21,223
2024-12-16,SKU0068,0,612.0,21,223
2024-12-23,SKU0068,545,0.0,21,223
2024-12-30,SKU0068,413,0.0,21,223
2025-01-06,SKU0068,273,0.0,21,223
2025-01-13,SKU0068,145,793.0,21,223
2025-01-20,SKU0068,17,793.0,21,223
2025-01-27,SKU0068,0,793.0,21,223
2025-02-03,SKU0068,721,,21,223
2025-02-10,SKU0068,612,0.0,21,223
2025-02-17,SKU0068,515,0.0,21,223
2025-02-24,SKU0068,400,0.0,21,223
2025-03-03,SKU0068,294,0.0,21,223
2025-03-10,SKU0068,197,481.0,21,223
2025-03-17,SKU0068,123,481.0,21,223
2025-03-24,SKU0068,55,481.0,21,223
2025-03-31,SKU0068,467,0.0,21,223
2025-04-07,SKU0068,394,0.0,21,223
2025-04-14,SKU0068,293,0.0,21,223
2025-04-21,SKU0068,212,339.0,21,223
2025-04-28,SKU0068,141,339.0,21,223
2025-05-05,SKU0068,84,339.0,21,223
2025-05-12,SKU0068,359,0.0,21,223
2025-05-19,SKU0068,293,0.0,21,223
2025-05-26,SKU0068,242,0.0,21,223
2025-06-02,SKU0068,199,231.0,21,223
2025-06-09,SKU0068,154,231.0,21,223
2025-06-16,SKU0068,118,231.0,21,223
2025-06-23,SKU0068,309,0.0,21,223
2025-06-30,SKU0068,267,0.0,21,223
2025-07-07,SKU0068,219,229.0,21,223
2025-07-14,SKU0068,171,229.0,21,223
2025-07-21,SKU0068,112,229.0,21,223
2025-07-28,SKU0068,302,0.0,21,223
2025-08-04,SKU0068,238,0.0,21,223
2025-08-11,SKU0068,183,260.0,21,223
2025-08-18,SKU0068,133,260.0,21,223
2025-08-25,SKU0068,80,260.0,21,223
2025-09-01,SKU0068,275,0.0,21,223
2025-09-08,SKU0068,183,498.0,21,223
2025-09-15,SKU0068,107,498.0,21,223
2025-09-22,SKU0068,9,498.0,21,223
2025-09-29,SKU0068,456,0.0,21,223
2025-10-06,SKU0068,361,0.0,21,223
2025-10-13,SKU0068,282,0.0,21,223
2025-10-20,SKU0068,177,508.0,21,223
2025-10-27,SKU0068,75,508.0,21,223
2025-11-03,SKU0068,0,508.0,21,223
2025-11-10,SKU0068,454,0.0,21,223
2025-11-17,SKU0068,357,0.0,21,223
2025-11-24,SKU0068,243,0.0,21,223
2025-12-01,SKU0068,87,770.0,21,223
2025-12-08,SKU0068,0,770.0,21,223
2025-12-15,SKU0068,0,770.0,21,223
2025-12-22,SKU0068,600,0.0,21,223
2025-12-29,SKU0068,473,0.0,21,223
2024-01-01,SKU0069,139,299.0,8,378
2024-01-08,SKU0069,0,299.0,8,378
2024-01-15,SKU0069,86,261.0,8,378
2024-01-22,SKU0069,119,263.0,8,378
2024-01-29,SKU0069,223,266.0,8,378
2024-02-05,SKU0069,277,271.0,8,378
2024-02-12,SKU0069,339,387.0,8,378
2024-02-19,SKU0069,488,0.0,8,378
2024-02-26,SKU0069,275,404.0,8,378
2024-03-04,SKU0069,440,0.0,8,378
2024-03-11,SKU0069,203,304.0,8,378
2024-03-18,SKU0069,272,438.0,8,378
2024-03-25,SKU0069,463,0.0,8,378
2024-04-01,SKU0069,246,332.0,8,378
2024-04-08,SKU0069,339,478.0,8,378
2024-04-15,SKU0069,489,0.0,8,378
2024-04-22,SKU0069,228,359.0,8,378
2024-04-29,SKU0069,310,516.0,8,378
2024-05-06,SKU0069,551,0.0,8,378
2024-05-13,SKU0069,253,536.0,8,378
2024-05-20,SKU0069,525,0.0,8,378
2024-05-27,SKU0069,245,554.0,8,378
2024-06-03,SKU0069,501,0.0,8,378
2024-06-10,SKU0069,187,407.0,8,378
2024-06-17,SKU0069,300,573.0,8,378
2024-06-24,SKU0069,540,0.0,8,378
2024-07-01,SKU0069,250,577.0,8,378
2024-07-08,SKU0069,505,0.0,8,378
2024-07-15,SKU0069,205,414.0,8,378
2024-07-22,SKU0069,273,763.0,8,378
2024-07-29,SKU0069,734,0.0,8,378
2024-08-05,SKU0069,443,0.0,8,378
2024-08-12,SKU0069,134,401.0,8,378
2024-08-19,SKU0069,258,546.0,8,378
2024-08-26,SKU0069,519,0.0,8,378
2024-09-02,SKU0069,255,526.0,8,378
2024-09-09,SKU0069,443,0.0,8,378
2024-09-16,SKU0069,139,365.0,8,378
2024-09-23,SKU0069,258,353.0,8,378
2024-09-30,SKU0069,324,475.0,8,378
2024-10-07,SKU0069,549,0.0,8,378
2024-10-14,SKU0069,307,451.0,8,378
2024-10-21,SKU0069,521,0.0,8,378
2024-10-28,SKU0069,293,427.0,8,378
2024-11-04,SKU0069,480,0.0,8,378
2024-11-11,SKU0069,247,292.0,8,378
2024-11-18,SKU0069,324,394.0,8,378
2024-11-25,SKU0069,498,0.0,8,378
2024-12-02,SKU0069,277,273.0,8,378
2024-12-09,SKU0069,369,267.0,8,378
2024-12-16,SKU0069,130,267.0,8,378
2024-12-23,SKU0069,169,351.0,8,378
2024-12-30,SKU0069,334,364.0,8,378
2025-01-06,SKU0069,484,0.0,8,378
2025-01-13,SKU0069,251,349.0,8,378
2025-01-20,SKU0069,408,0.0,8,378
2025-01-27,SKU0069,226,266.0,8,378
2025-02-03,SKU0069,302,378.0,8,378
2025-02-10,SKU0069,480,0.0,8,378
2025-02-17,SKU0069,257,282.0,8,378
2025-02-24,SKU0069,338,405.0,8,378
2025-03-03,SKU0069,506,0.0,8,378
2025-03-10,SKU0069,274,426.0,8,378
2025-03-17,SKU0069,471,0.0,8,378
2025-03-24,SKU0069,260,322.0,8,378
2025-03-31,SKU0069,316,465.0,8,378
2025-04-07,SKU0069,528,0.0,8,378
2025-04-14,SKU0069,213,652.0,8,378
2025-04-21,SKU0069,609,0.0,8,378
2025-04-28,SKU0069,338,372.0,8,378
2025-05-05,SKU0069,94,372.0,8,378
2025-05-12,SKU0069,190,383.0,8,378
2025-05-19,SKU0069,299,546.0,8,378
2025-05-26,SKU0069,582,0.0,8,378
2025-06-02,SKU0069,309,563.0,8,378
2025-06-09,SKU0069,556,0.0,8,378
2025-06-16,SKU0069,257,573.0,8,378
2025-06-23,SKU0069,504,0.0,8,378
2025-06-30,SKU0069,221,578.0,8,378
2025-07-07,SKU0069,495,0.0,8,378
2025-07-14,SKU0069,188,415.0,8,378
2025-07-21,SKU0069,218,765.0,8,378
2025-07-28,SKU0069,722,0.0,8,378
2025-08-04,SKU0069,454,0.0,8,378
2025-08-11,SKU0069,164,403.0,8,378
2025-08-18,SKU0069,277,549.0,8,378
2025-08-25,SKU0069,556,0.0,8,378
2025-09-01,SKU0069,308,527.0,8,378
2025-09-08,SKU0069,501,0.0,8,378
2025-09-15,SKU0069,218,365.0,8,378
2025-09-22,SKU0069,297,491.0,8,378
2025-09-29,SKU0069,514,0.0,8,378
2025-10-06,SKU0069,240,337.0,8,378
2025-10-13,SKU0069,322,453.0,8,378
2025-10-20,SKU0069,521,0.0,8,378
2025-10-27,SKU0069,305,430.0,8,378
2025-11-03,SKU0069,542,0.0,8,378
2025-11-10,SKU0069,325,406.0,8,378
2025-11-17,SKU0069,537,0.0,8,378
2025-11-24,SKU0069,338,388.0,8,378
2025-12-01,SKU0069,464,0.0,8,378
2025-12-08,SKU0069,267,270.0,8,378
2025-12-15,SKU0069,349,370.0,8,378
2025-12-22,SKU0069,484,0.0,8,378
2025-12-29,SKU0069,294,365.0,8,378
2024-01-01,SKU0070,83,0.0,14,61
2024-01-08,SKU0070,35,204.0,14,61
2024-01-15,SKU0070,3,204.0,14,61
2024-01-22,SKU0070,180,0.0,14,61
2024-01-29,SKU0070,150,0.0,14,61
2024-02-05,SKU0070,119,0.0,14,61
2024-02-12,SKU0070,79,0.0,14,61
2024-02-19,SKU0070,39,119.0,14,61
2024-02-26,SKU0070,5,119.0,14,61
2024-03-04,SKU0070,100,0.0,14,61
2024-03-11,SKU0070,59,123.0,14,61
2024-03-18,SKU0070,31,123.0,14,61
2024-03-25,SKU0070,121,0.0,14,61
2024-04-01,SKU0070,80,0.0,14,61
2024-04-08,SKU0070,51,166.0,14,61
2024-04-15,SKU0070,0,166.0,14,61
2024-04-22,SKU0070,129,0.0,14,61
2024-04-29,SKU0070,85,0.0,14,61
2024-05-06,SKU0070,46,175.0,14,61
2024-05-13,SKU0070,17,175.0,14,61
2024-05-20,SKU0070,158,0.0,14,61
2024-05-27,SKU0070,116,0.0,14,61
2024-06-03,SKU0070,57,142.0,14,61
2024-06-10,SKU0070,15,142.0,14,61
2024-06-17,SKU0070,138,0.0,14,61
2024-06-24,SKU0070,106,0.0,14,61
2024-07-01,SKU0070,72,0.0,14,61
2024-07-08,SKU0070,22,167.0,14,61
2024-07-15,SKU0070,0,167.0,14,61
2024-07-22,SKU0070,118,0.0,14,61
2024-07-29,SKU0070,86,0.0,14,61
2024-08-05,SKU0070,47,184.0,14,61
2024-08-12,SKU0070,0,184.0,14,61
2024-08-19,SKU0070,165,0.0,14,61
2024-08-26,SKU0070,133,0.0,14,61
2024-09-02,SKU0070,94,0.0,14,61
2024-09-09,SKU0070,49,311.0,14,61
2024-09-16,SKU0070,0,311.0,14,61
2024-09-23,SKU0070,295,0.0,14,61
2024-09-30,SKU0070,250,0.0,14,61
2024-10-07,SKU0070,220,0.0,14,61
2024-10-14,SKU0070,185,0.0,14,61
2024-10-21,SKU0070,150,0.0,14,61
2024-10-28,SKU0070,112,0.0,14,61
2024-11-04,SKU0070,76,0.0,14,61
2024-11-11,SKU0070,38,123.0,14,61
2024-11-18,SKU0070,0,123.0,14,61
2024-11-25,SKU0070,90,0.0,14,61
2024-12-02,SKU0070,36,241.0,14,61
2024-12-09,SKU0070,0,241.0,14,61
2024-12-16,SKU0070,214,0.0,14,61
2024-12-23,SKU0070,165,0.0,14,61
2024-12-30,SKU0070,140,0.0,14,61
2025-01-06,SKU0070,99,0.0,14,61
2025-01-13,SKU0070,50,148.0,14,61
2025-01-20,SKU0070,16,148.0,14,61
2025-01-27,SKU0070,139,0.0,14,61
2025-02-03,SKU0070,105,0.0,14,61
2025-02-10,SKU0070,80,0.0,14,61
2025-02-17,SKU0070,49,151.0,14,61
2025-02-24,SKU0070,20,151.0,14,61
2025-03-03,SKU0070,133,0.0,14,61
2025-03-10,SKU0070,95,0.0,14,61
2025-03-17,SKU0070,56,124.0,14,61
2025-03-24,SKU0070,23,124.0,14,61
2025-03-31,SKU0070,116,0.0,14,61
2025-04-07,SKU0070,75,0.0,14,61
2025-04-14,SKU0070,22,229.0,14,61
2025-04-21,SKU0070,0,229.0,14,61
2025-04-28,SKU0070,195,0.0,14,61
2025-05-05,SKU0070,145,0.0,14,61
2025-05-12,SKU0070,100,0.0,14,61
2025-05-19,SKU0070,56,178.0,14,61
2025-05-26,SKU0070,9,178.0,14,61
2025-06-02,SKU0070,165,0.0,14,61
2025-06-09,SKU0070,137,0.0,14,61
2025-06-16,SKU0070,95,0.0,14,61
2025-06-23,SKU0070,51,184.0,14,61
2025-06-30,SKU0070,10,184.0,14,61
2025-07-07,SKU0070,169,0.0,14,61
2025-07-14,SKU0070,136,0.0,14,61
2025-07-21,SKU0070,62,0.0,14,61
2025-07-28,SKU0070,20,144.0,14,61
2025-08-04,SKU0070,0,144.0,14,61
2025-08-11,SKU0070,106,0.0,14,61
2025-08-18,SKU0070,77,0.0,14,61
2025-08-25,SKU0070,27,141.0,14,61
2025-09-01,SKU0070,0,141.0,14,61
2025-09-08,SKU0070,97,0.0,14,61
2025-09-15,SKU0070,55,174.0,14,61
2025-09-22,SKU0070,15,174.0,14,61
2025-09-29,SKU0070,162,0.0,14,61
2025-10-06,SKU0070,124,0.0,14,61
2025-10-13,SKU0070,89,,14,61
2025-10-20,SKU0070,56,162.0,14,61
2025-10-27,SKU0070,21,162.0,14,61
2025-11-03,SKU0070,151,0.0,14,61
2025-11-10,SKU0070,120,0.0,14,61
2025-11-17,SKU0070,85,0.0,14,61
2025-11-24,SKU0070,59,119.0,14,61
2025-12-01,SKU0070,3,119.0,14,61
2025-12-08,SKU0070,114,0.0,14,61
2025-12-15,SKU0070,75,0.0,14,61
2025-12-22,SKU0070,30,204.0,14,61
2025-12-29,SKU0070,0,204.0,14,61
2024-01-01,SKU0071,13,400.0,9,261
2024-01-08,SKU0071,0,400.0,9,261
2024-01-15,SKU0071,245,336.0,9,261
2024-01-22,SKU0071,63,336.0,9,261
2024-01-29,SKU0071,217,378.0,9,261
2024-02-05,SKU0071,21,378.0,9,261
2024-02-12,SKU0071,228,375.0,9,261
2024-02-19,SKU0071,46,375.0,9,261
2024-02-26,SKU0071,200,378.0,9,261
2024-03-04,SKU0071,392,0.0,9,261
2024-03-11,SKU0071,204,387.0,9,261
2024-03-18,SKU0071,3,387.0,9,261
2024-03-25,SKU0071,191,399.0,9,261
2024-04-01,SKU0071,393,0.0,9,261
2024-04-08,SKU0071,191,417.0,9,261
2024-04-15,SKU0071,387,0.0,9,261
2024-04-22,SKU0071,172,438.0,9,261
2024-04-29,SKU0071,407,,9,261
2024-05-06,SKU0071,161,462.0,9,261
2024-05-13,SKU0071,424,0.0,9,261
2024-05-20,SKU0071,217,,9,261
2024-05-27,SKU0071,0,488.0,9,261
2024-06-03,SKU0071,243,447.0,9,261
2024-06-10,SKU0071,0,,9,261
2024-06-17,SKU0071,229,,9,261
2024-06-24,SKU0071,0,465.0,9,261
2024-07-01,SKU0071,214,551.0,9,261
2024-07-08,SKU0071,0,551.0,9,261
2024-07-15,SKU0071,231,983.0,9,261
2024-07-22,SKU0071,0,983.0,9,261
2024-07-29,SKU0071,743,0.0,9,261
2024-08-05,SKU0071,486,0.0,9,261
2024-08-12,SKU0071,225,576.0,9,261
2024-08-19,SKU0071,0,576.0,9,261
2024-08-26,SKU0071,289,0.0,9,261
2024-09-02,SKU0071,20,498.0,9,261
2024-09-09,SKU0071,107,1129.0,9,261
2024-09-16,SKU0071,1088,0.0,9,261
2024-09-23,SKU0071,820,0.0,9,261
2024-09-30,SKU0071,547,0.0,9,261
2024-10-07,SKU0071,271,0.0,9,261
2024-10-14,SKU0071,6,461.0,9,261
2024-10-21,SKU0071,286,0.0,9,261
2024-10-28,SKU0071,56,442.0,9,261
2024-11-04,SKU0071,276,0.0,9,261
2024-11-11,SKU0071,48,421.0,9,261
2024-11-18,SKU0071,245,402.0,9,261
2024-11-25,SKU0071,0,402.0,9,261
2024-12-02,SKU0071,164,441.0,9,261
2024-12-09,SKU0071,422,0.0,9,261
2024-12-16,SKU0071,143,834.0,9,261
2024-12-23,SKU0071,0,834.0,9,261
2024-12-30,SKU0071,608,0.0,9,261
2025-01-06,SKU0071,354,0.0,9,261
2025-01-13,SKU0071,89,673.0,9,261
2025-01-20,SKU0071,586,0.0,9,261
2025-01-27,SKU0071,408,0.0,9,261
2025-02-03,SKU0071,230,373.0,9,261
2025-02-10,SKU0071,41,373.0,9,261
2025-02-17,SKU0071,219,373.0,9,261
2025-02-24,SKU0071,16,373.0,9,261
2025-03-03,SKU0071,195,378.0,9,261
2025-03-10,SKU0071,406,0.0,9,261
2025-03-17,SKU0071,233,389.0,9,261
2025-03-24,SKU0071,17,389.0,9,261
2025-03-31,SKU0071,216,405.0,9,261
2025-04-07,SKU0071,29,405.0,9,261
2025-04-14,SKU0071,52,845.0,9,261
2025-04-21,SKU0071,817,0.0,9,261
2025-04-28,SKU0071,593,0.0,9,261
2025-05-05,SKU0071,377,0.0,9,261
2025-05-12,SKU0071,136,407.0,9,261
2025-05-19,SKU0071,321,0.0,9,261
2025-05-26,SKU0071,95,425.0,9,261
2025-06-02,SKU0071,296,0.0,9,261
2025-06-09,SKU0071,43,,9,261
2025-06-16,SKU0071,296,0.0,9,261
2025-06-23,SKU0071,39,463.0,9,261
2025-06-30,SKU0071,283,0.0,9,261
2025-07-07,SKU0071,20,478.0,9,261
2025-07-14,SKU0071,277,0.0,9,261
2025-07-21,SKU0071,0,979.0,9,261
2025-07-28,SKU0071,800,0.0,9,261
2025-08-04,SKU0071,491,0.0,9,261
2025-08-11,SKU0071,188,574.0,9,261
2025-08-18,SKU0071,0,574.0,9,261
2025-08-25,SKU0071,314,0.0,9,261
2025-09-01,SKU0071,59,496.0,9,261
2025-09-08,SKU0071,169,1124.0,9,261
2025-09-15,SKU0071,0,1124.0,9,261
2025-09-22,SKU0071,806,0.0,9,261
2025-09-29,SKU0071,517,0.0,9,261
2025-10-06,SKU0071,232,462.0,9,261
2025-10-13,SKU0071,0,462.0,9,261
2025-10-20,SKU0071,223,510.0,9,261
2025-10-27,SKU0071,0,510.0,9,261
2025-11-03,SKU0071,248,422.0,9,261
2025-11-10,SKU0071,9,422.0,9,261
2025-11-17,SKU0071,235,401.0,9,261
2025-11-24,SKU0071,20,401.0,9,261
2025-12-01,SKU0071,114,883.0,9,261
2025-12-08,SKU0071,828,0.0,9,261
2025-12-15,SKU0071,596,0.0,9,261
2025-12-22,SKU0071,207,812.0,9,261
2025-12-29,SKU0071,22,812.0,9,261
2024-01-01,SKU0072,145,870.0,17,503
2024-01-08,SKU0072,0,870.0,17,503
2024-01-15,SKU0072,0,870.0,17,503
2024-01-22,SKU0072,741,0.0,17,503
2024-01-29,SKU0072,577,0.0,17,503
2024-02-05,SKU0072,406,725.0,17,503
2024-02-12,SKU0072,218,725.0,17,503
2024-02-19,SKU0072,784,0.0,17,503
2024-02-26,SKU0072,634,0.0,17,503
2024-03-04,SKU0072,441,1041.0,17,503
2024-03-11,SKU0072,244,1041.0,17,503
2024-03-18,SKU0072,17,1041.0,17,503
2024-03-25,SKU0072,871,0.0,17,503
2024-04-01,SKU0072,618,0.0,17,503
2024-04-08,SKU0072,376,966.0,17,503
2024-04-15,SKU0072,0,966.0,17,503
2024-04-22,SKU0072,940,0.0,17,503
2024-04-29,SKU0072,702,0.0,17,503
2024-05-06,SKU0072,421,1519.0,17,503
2024-05-13,SKU0072,119,1519.0,17,503
2024-05-20,SKU0072,0,1519.0,17,503
2024-05-27,SKU0072,1258,0.0,17,503
2024-06-03,SKU0072,989,0.0,17,503
2024-06-10,SKU0072,662,0.0,17,503
2024-06-17,SKU0072,344,1381.0,17,503
2024-06-24,SKU0072,2,1381.0,17,503
2024-07-01,SKU0072,1337,0.0,17,503
2024-07-08,SKU0072,974,0.0,17,503
2024-07-15,SKU0072,596,0.0,17,503
2024-07-22,SKU0072,28,3022.0,17,503
2024-07-29,SKU0072,0,3022.0,17,503
2024-08-05,SKU0072,2880,0.0,17,503
2024-08-12,SKU0072,2567,0.0,17,503
2024-08-19,SKU0072,2244,0.0,17,503
2024-08-26,SKU0072,1947,0.0,17,503
2024-09-02,SKU0072,1614,0.0,17,503
2024-09-09,SKU0072,1061,0.0,17,503
2024-09-16,SKU0072,752,0.0,17,503
2024-09-23,SKU0072,448,1709.0,17,503
2024-09-30,SKU0072,153,1709.0,17,503
2024-10-07,SKU0072,0,1709.0,17,503
2024-10-14,SKU0072,1466,0.0,17,503
2024-10-21,SKU0072,1214,0.0,17,503
2024-10-28,SKU0072,982,0.0,17,503
2024-11-04,SKU0072,744,0.0,17,503
2024-11-11,SKU0072,508,0.0,17,503
2024-11-18,SKU0072,291,985.0,17,503
2024-11-25,SKU0072,25,985.0,17,503
2024-12-02,SKU0072,878,0.0,17,503
2024-12-09,SKU0072,683,0.0,17,503
2024-12-16,SKU0072,429,2178.0,17,503
2024-12-23,SKU0072,170,2178.0,17,503
2024-12-30,SKU0072,0,2178.0,17,503
2025-01-06,SKU0072,1983,0.0,17,503
2025-01-13,SKU0072,1721,0.0,17,503
2025-01-20,SKU0072,1549,0.0,17,503
2025-01-27,SKU0072,1393,0.0,17,503
2025-02-03,SKU0072,1246,0.0,17,503
2025-02-10,SKU0072,1074,0.0,17,503
2025-02-17,SKU0072,885,0.0,17,503
2025-02-24,SKU0072,691,0.0,17,503
2025-03-03,SKU0072,526,0.0,17,503
2025-03-10,SKU0072,331,802.0,17,503
2025-03-17,SKU0072,127,802.0,17,503
2025-03-24,SKU0072,733,0.0,17,503
2025-03-31,SKU0072,528,0.0,17,503
2025-04-07,SKU0072,301,945.0,17,503
2025-04-14,SKU0072,0,945.0,17,503
2025-04-21,SKU0072,850,0.0,17,503
2025-04-28,SKU0072,595,0.0,17,503
2025-05-05,SKU0072,356,1129.0,17,503
2025-05-12,SKU0072,84,1129.0,17,503
2025-05-19,SKU0072,1039,0.0,17,503
2025-05-26,SKU0072,784,0.0,17,503
2025-06-02,SKU0072,468,1320.0,17,503
2025-06-09,SKU0072,166,1320.0,17,503
2025-06-16,SKU0072,0,1320.0,17,503
2025-06-23,SKU0072,1096,0.0,17,503
2025-06-30,SKU0072,781,0.0,17,503
2025-07-07,SKU0072,436,1902.0,17,503
2025-07-14,SKU0072,102,1902.0,17,503
2025-07-21,SKU0072,0,1902.0,17,503
2025-07-28,SKU0072,1592,0.0,17,503
2025-08-04,SKU0072,1233,0.0,17,503
2025-08-11,SKU0072,918,0.0,17,503
2025-08-18,SKU0072,580,0.0,17,503
2025-08-25,SKU0072,245,1438.0,17,503
2025-09-01,SKU0072,0,1438.0,17,503
2025-09-08,SKU0072,1139,0.0,17,503
2025-09-15,SKU0072,770,0.0,17,503
2025-09-22,SKU0072,464,1712.0,17,503
2025-09-29,SKU0072,178,1712.0,17,503
2025-10-06,SKU0072,0,1712.0,17,503
2025-10-13,SKU0072,1495,0.0,17,503
2025-10-20,SKU0072,1231,0.0,17,503
2025-10-27,SKU0072,955,0.0,17,503
2025-11-03,SKU0072,721,0.0,17,503
2025-11-10,SKU0072,483,994.0,17,503
2025-11-17,SKU0072,283,994.0,17,503
2025-11-24,SKU0072,59,994.0,17,503
2025-12-01,SKU0072,771,0.0,17,503
2025-12-08,SKU0072,567,,17,503
2025-12-15,SKU0072,377,818.0,17,503
2025-12-22,SKU0072,19,818.0,17,503
2025-12-29,SKU0072,803,0.0,17,503
2024-01-01,SKU0073,148,541.0,14,315
2024-01-08,SKU0073,0,541.0,14,315
2024-01-15,SKU0073,525,0.0,14,315
2024-01-22,SKU0073,402,0.0,14,315
2024-01-29,SKU0073,283,469.0,14,315
2024-02-05,SKU0073,143,469.0,14,315
2024-02-12,SKU0073,501,0.0,14,315
2024-02-19,SKU0073,389,0.0,14,315
2024-02-26,SKU0073,266,441.0,14,315
2024-03-04,SKU0073,171,441.0,14,315
2024-03-11,SKU0073,488,0.0,14,315
2024-03-18,SKU0073,359,0.0,14,315
2024-03-25,SKU0073,224,406.0,14,315
2024-04-01,SKU0073,99,406.0,14,315
2024-04-08,SKU0073,371,0.0,14,315
2024-04-15,SKU0073,158,774.0,14,315
2024-04-22,SKU0073,23,774.0,14,315
2024-04-29,SKU0073,641,0.0,14,315
2024-05-06,SKU0073,480,0.0,14,315
2024-05-13,SKU0073,301,558.0,14,315
2024-05-20,SKU0073,154,558.0,14,315
2024-05-27,SKU0073,531,0.0,14,315
2024-06-03,SKU0073,341,0.0,14,315
2024-06-10,SKU0073,142,639.0,14,315
2024-06-17,SKU0073,0,,14,315
2024-06-24,SKU0073,423,,14,315
2024-07-01,SKU0073,199,722.0,14,315
2024-07-08,SKU0073,0,722.0,14,315
2024-07-15,SKU0073,560,0.0,14,315
2024-07-22,SKU0073,209,1533.0,14,315
2024-07-29,SKU0073,0,1533.0,14,315
2024-08-05,SKU0073,1425,,14,315
2024-08-12,SKU0073,1164,0.0,14,315
2024-08-19,SKU0073,921,0.0,14,315
2024-08-26,SKU0073,668,0.0,14,315
2024-09-02,SKU0073,407,0.0,14,315
2024-09-09,SKU0073,59,1390.0,14,315
2024-09-16,SKU0073,0,1390.0,14,315
2024-09-23,SKU0073,1196,0.0,14,315
2024-09-30,SKU0073,967,0.0,14,315
2024-10-07,SKU0073,728,0.0,14,315
2024-10-14,SKU0073,481,0.0,14,315
2024-10-21,SKU0073,283,828.0,14,315
2024-10-28,SKU0073,74,828.0,14,315
2024-11-04,SKU0073,759,0.0,14,315
2024-11-11,SKU0073,553,0.0,14,315
2024-11-18,SKU0073,358,0.0,14,315
2024-11-25,SKU0073,144,611.0,14,315
2024-12-02,SKU0073,0,611.0,14,315
2024-12-09,SKU0073,479,0.0,14,315
2024-12-16,SKU0073,270,1020.0,14,315
2024-12-23,SKU0073,47,1020.0,14,315
2024-12-30,SKU0073,977,0.0,14,315
2025-01-06,SKU0073,780,,14,315
2025-01-13,SKU0073,599,0.0,14,315
2025-01-20,SKU0073,499,0.0,14,315
2025-01-27,SKU0073,386,0.0,14,315
2025-02-03,SKU0073,284,455.0,14,315
2025-02-10,SKU0073,148,455.0,14,315
2025-02-17,SKU0073,488,0.0,14,315
2025-02-24,SKU0073,371,0.0,14,315
2025-03-03,SKU0073,256,382.0,14,315
2025-03-10,SKU0073,135,382.0,14,315
2025-03-17,SKU0073,415,0.0,14,315
2025-03-24,SKU0073,292,467.0,14,315
2025-03-31,SKU0073,181,467.0,14,315
2025-04-07,SKU0073,509,0.0,14,315
2025-04-14,SKU0073,281,783.0,14,315
2025-04-21,SKU0073,114,783.0,14,315
2025-04-28,SKU0073,762,0.0,14,315
2025-05-05,SKU0073,597,,14,315
2025-05-12,SKU0073,450,0.0,14,315
2025-05-19,SKU0073,284,658.0,14,315
2025-05-26,SKU0073,109,658.0,14,315
2025-06-02,SKU0073,603,0.0,14,315
2025-06-09,SKU0073,405,0.0,14,315
2025-06-16,SKU0073,212,669.0,14,315
2025-06-23,SKU0073,10,669.0,14,315
2025-06-30,SKU0073,547,0.0,14,315
2025-07-07,SKU0073,330,0.0,14,315
2025-07-14,SKU0073,114,748.0,14,315
2025-07-21,SKU0073,0,748.0,14,315
2025-07-28,SKU0073,513,0.0,14,315
2025-08-04,SKU0073,285,921.0,14,315
2025-08-11,SKU0073,48,921.0,14,315
2025-08-18,SKU0073,853,0.0,14,315
2025-08-25,SKU0073,597,0.0,14,315
2025-09-01,SKU0073,351,0.0,14,315
2025-09-08,SKU0073,23,812.0,14,315
2025-09-15,SKU0073,0,812.0,14,315
2025-09-22,SKU0073,586,0.0,14,315
2025-09-29,SKU0073,351,0.0,14,315
2025-10-06,SKU0073,123,769.0,14,315
2025-10-13,SKU0073,0,769.0,14,315
2025-10-20,SKU0073,572,0.0,14,315
2025-10-27,SKU0073,375,0.0,14,315
2025-11-03,SKU0073,153,688.0,14,315
2025-11-10,SKU0073,0,688.0,14,315
2025-11-17,SKU0073,513,0.0,14,315
2025-11-24,SKU0073,317,0.0,14,315
2025-12-01,SKU0073,68,1008.0,14,315
2025-12-08,SKU0073,0,,14,315
2025-12-15,SKU0073,838,0.0,14,315
2025-12-22,SKU0073,590,0.0,14,315
2025-12-29,SKU0073,439,0.0,14,315
2024-01-01,SKU0074,4,461.0,16,399
2024-01-08,SKU0074,0,461.0,16,399
2024-01-15,SKU0074,0,461.0,16,399
2024-01-22,SKU0074,310,384.0,16,399
2024-01-29,SKU0074,155,384.0,16,399
2024-02-05,SKU0074,395,370.0,16,399
2024-02-12,SKU0074,249,370.0,16,399
2024-02-19,SKU0074,115,370.0,16,399
2024-02-26,SKU0074,369,495.0,16,399
2024-03-04,SKU0074,200,495.0,16,399
2024-03-11,SKU0074,66,495.0,16,399
2024-03-18,SKU0074,419,0.0,16,399
2024-03-25,SKU0074,296,348.0,16,399
2024-04-01,SKU0074,165,,16,399
2024-04-08,SKU0074,364,481.0,16,399
2024-04-15,SKU0074,123,481.0,16,399
2024-04-22,SKU0074,0,481.0,16,399
2024-04-29,SKU0074,330,351.0,16,399
2024-05-06,SKU0074,191,351.0,16,399
2024-05-13,SKU0074,401,0.0,16,399
2024-05-20,SKU0074,260,360.0,16,399
2024-05-27,SKU0074,111,360.0,16,399
2024-06-03,SKU0074,323,372.0,16,399
2024-06-10,SKU0074,164,372.0,16,399
2024-06-17,SKU0074,379,387.0,16,399
2024-06-24,SKU0074,204,387.0,16,399
2024-07-01,SKU0074,33,387.0,16,399
2024-07-08,SKU0074,240,402.0,16,399
2024-07-15,SKU0074,58,402.0,16,399
2024-07-22,SKU0074,251,759.0,16,399
2024-07-29,SKU0074,80,759.0,16,399
2024-08-05,SKU0074,704,0.0,16,399
2024-08-12,SKU0074,496,0.0,16,399
2024-08-19,SKU0074,325,610.0,16,399
2024-08-26,SKU0074,164,610.0,16,399
2024-09-02,SKU0074,604,0.0,16,399
2024-09-09,SKU0074,288,1139.0,16,399
2024-09-16,SKU0074,94,1139.0,16,399
2024-09-23,SKU0074,1119,0.0,16,399
2024-09-30,SKU0074,959,0.0,16,399
2024-10-07,SKU0074,768,0.0,16,399
2024-10-14,SKU0074,547,0.0,16,399
2024-10-21,SKU0074,340,,16,399
2024-10-28,SKU0074,169,628.0,16,399
2024-11-04,SKU0074,0,628.0,16,399
2024-11-11,SKU0074,439,0.0,16,399
2024-11-18,SKU0074,256,442.0,16,399
2024-11-25,SKU0074,73,442.0,16,399
2024-12-02,SKU0074,333,596.0,16,399
2024-12-09,SKU0074,171,596.0,16,399
2024-12-16,SKU0074,574,0.0,16,399
2024-12-23,SKU0074,345,570.0,16,399
2024-12-30,SKU0074,186,570.0,16,399
2025-01-06,SKU0074,0,570.0,16,399
2025-01-13,SKU0074,350,543.0,16,399
2025-01-20,SKU0074,219,543.0,16,399
2025-01-27,SKU0074,44,543.0,16,399
2025-02-03,SKU0074,448,0.0,16,399
2025-02-10,SKU0074,295,370.0,16,399
2025-02-17,SKU0074,141,370.0,16,399
2025-02-24,SKU0074,377,498.0,16,399
2025-03-03,SKU0074,246,498.0,16,399
2025-03-10,SKU0074,99,498.0,16,399
2025-03-17,SKU0074,432,0.0,16,399
2025-03-24,SKU0074,277,349.0,16,399
2025-03-31,SKU0074,158,349.0,16,399
2025-04-07,SKU0074,368,483.0,16,399
2025-04-14,SKU0074,155,483.0,16,399
2025-04-21,SKU0074,0,483.0,16,399
2025-04-28,SKU0074,336,489.0,16,399
2025-05-05,SKU0074,183,489.0,16,399
2025-05-12,SKU0074,524,0.0,16,399
2025-05-19,SKU0074,355,505.0,16,399
2025-05-26,SKU0074,204,505.0,16,399
2025-06-02,SKU0074,62,505.0,16,399
2025-06-09,SKU0074,413,0.0,16,399
2025-06-16,SKU0074,295,382.0,16,399
2025-06-23,SKU0074,160,382.0,16,399
2025-06-30,SKU0074,394,401.0,16,399
2025-07-07,SKU0074,205,401.0,16,399
2025-07-14,SKU0074,37,401.0,16,399
2025-07-21,SKU0074,119,757.0,16,399
2025-07-28,SKU0074,0,757.0,16,399
2025-08-04,SKU0074,641,0.0,16,399
2025-08-11,SKU0074,465,0.0,16,399
2025-08-18,SKU0074,266,439.0,16,399
2025-08-25,SKU0074,113,439.0,16,399
2025-09-01,SKU0074,371,623.0,16,399
2025-09-08,SKU0074,110,623.0,16,399
2025-09-15,SKU0074,0,,16,399
2025-09-22,SKU0074,446,0.0,16,399
2025-09-29,SKU0074,246,457.0,16,399
2025-10-06,SKU0074,55,457.0,16,399
2025-10-13,SKU0074,392,456.0,16,399
2025-10-20,SKU0074,217,456.0,16,399
2025-10-27,SKU0074,18,456.0,16,399
2025-11-03,SKU0074,301,450.0,16,399
2025-11-10,SKU0074,143,450.0,16,399
2025-11-17,SKU0074,436,0.0,16,399
2025-11-24,SKU0074,248,440.0,16,399
2025-12-01,SKU0074,0,440.0,16,399
2025-12-08,SKU0074,330,591.0,16,399
2025-12-15,SKU0074,152,591.0,16,399
2025-12-22,SKU0074,569,0.0,16,399
2025-12-29,SKU0074,385,406.0,16,399
2025-09-22,SKU0075,0,942.0,12,554
2025-09-29,SKU0075,0,942.0,12,554
2025-10-06,SKU0075,619,0.0,12,554
2025-10-13,SKU0075,244,917.0,12,554
2025-10-20,SKU0075,863,0.0,12,554
2025-10-27,SKU0075,492,1095.0,12,554
2025-11-03,SKU0075,162,1095.0,12,554
2025-11-10,SKU0075,924,0.0,12,554
2025-11-17,SKU0075,626,0.0,12,554
2025-11-24,SKU0075,309,791.0,12,554
2025-12-01,SKU0075,753,0.0,12,554
2025-12-08,SKU0075,455,907.0,12,554
2025-12-15,SKU0075,129,907.0,12,554
2025-12-22,SKU0075,547,659.0,12,554
2025-12-29,SKU0075,269,659.0,12,554
2024-01-01,SKU0076,151,0.0,7,138
2024-01-08,SKU0076,12,152.0,7,138
2024-01-15,SKU0076,63,147.0,7,138
2024-01-22,SKU0076,95,165.0,7,138
2024-01-29,SKU0076,141,0.0,7,138
2024-02-05,SKU0076,39,139.0,7,138
2024-02-12,SKU0076,59,139.0,7,138
2024-02-19,SKU0076,95,164.0,7,138
2024-02-26,SKU0076,160,0.0,7,138
2024-03-04,SKU0076,43,145.0,7,138
2024-03-11,SKU0076,77,150.0,7,138
2024-03-18,SKU0076,117,182.0,7,138
2024-03-25,SKU0076,154,0.0,7,138
2024-04-01,SKU0076,22,166.0,7,138
2024-04-08,SKU0076,49,174.0,7,138
2024-04-15,SKU0076,14,287.0,7,138
2024-04-22,SKU0076,191,0.0,7,138
2024-04-29,SKU0076,39,200.0,7,138
2024-05-06,SKU0076,63,246.0,7,138
2024-05-13,SKU0076,165,0.0,7,138
2024-05-20,SKU0076,0,224.0,7,138
2024-05-27,SKU0076,56,277.0,7,138
2024-06-03,SKU0076,179,0.0,7,138
2024-06-10,SKU0076,0,252.0,7,138
2024-06-17,SKU0076,121,263.0,7,138
2024-06-24,SKU0076,232,0.0,7,138
2024-07-01,SKU0076,23,273.0,7,138
2024-07-08,SKU0076,137,280.0,7,138
2024-07-15,SKU0076,236,0.0,7,138
2024-07-22,SKU0076,0,446.0,7,138
2024-07-29,SKU0076,307,0.0,7,138
2024-08-05,SKU0076,77,336.0,7,138
2024-08-12,SKU0076,253,0.0,7,138
2024-08-19,SKU0076,42,334.0,7,138
2024-08-26,SKU0076,232,0.0,7,138
2024-09-02,SKU0076,9,283.0,7,138
2024-09-09,SKU0076,47,504.0,7,138
2024-09-16,SKU0076,426,0.0,7,138
2024-09-23,SKU0076,239,0.0,7,138
2024-09-30,SKU0076,58,301.0,7,138
2024-10-07,SKU0076,228,0.0,7,138
2024-10-14,SKU0076,70,245.0,7,138
2024-10-21,SKU0076,138,232.0,7,138
2024-10-28,SKU0076,219,0.0,7,138
2024-11-04,SKU0076,67,252.0,7,138
2024-11-11,SKU0076,175,0.0,7,138
2024-11-18,SKU0076,30,203.0,7,138
2024-11-25,SKU0076,94,221.0,7,138
2024-12-02,SKU0076,168,0.0,7,138
2024-12-09,SKU0076,45,176.0,7,138
2024-12-16,SKU0076,76,167.0,7,138
2024-12-23,SKU0076,88,251.0,7,138
2024-12-30,SKU0076,216,0.0,7,138
2025-01-06,SKU0076,102,269.0,7,138
2025-01-13,SKU0076,240,0.0,7,138
2025-01-20,SKU0076,119,164.0,7,138
2025-01-27,SKU0076,185,0.0,7,138
2025-02-03,SKU0076,106,160.0,7,138
2025-02-10,SKU0076,165,0.0,7,138
2025-02-17,SKU0076,72,139.0,7,138
2025-02-24,SKU0076,109,165.0,7,138
2025-03-03,SKU0076,168,0.0,7,138
2025-03-10,SKU0076,66,148.0,7,138
2025-03-17,SKU0076,117,180.0,7,138
2025-03-24,SKU0076,178,0.0,7,138
2025-03-31,SKU0076,36,164.0,7,138
2025-04-07,SKU0076,71,173.0,7,138
2025-04-14,SKU0076,64,332.0,7,138
2025-04-21,SKU0076,277,0.0,7,138
2025-04-28,SKU0076,124,202.0,7,138
2025-05-05,SKU0076,178,0.0,7,138
2025-05-12,SKU0076,39,215.0,7,138
2025-05-19,SKU0076,100,,7,138
2025-05-26,SKU0076,227,0.0,7,138
2025-06-02,SKU0076,35,243.0,7,138
2025-06-09,SKU0076,135,254.0,7,138
2025-06-16,SKU0076,225,0.0,7,138
2025-06-23,SKU0076,24,264.0,7,138
2025-06-30,SKU0076,96,317.0,7,138
2025-07-07,SKU0076,263,0.0,7,138
2025-07-14,SKU0076,60,327.0,7,138
2025-07-21,SKU0076,181,0.0,7,138
2025-07-28,SKU0076,0,286.0,7,138
2025-08-04,SKU0076,97,334.0,7,138
2025-08-11,SKU0076,270,0.0,7,138
2025-08-18,SKU0076,70,333.0,7,138
2025-08-25,SKU0076,245,0.0,7,138
2025-09-01,SKU0076,56,327.0,7,138
2025-09-08,SKU0076,195,0.0,7,138
2025-09-15,SKU0076,0,428.0,7,138
2025-09-22,SKU0076,262,0.0,7,138
2025-09-29,SKU0076,55,301.0,7,138
2025-10-06,SKU0076,215,0.0,7,138
2025-10-13,SKU0076,23,246.0,7,138
2025-10-20,SKU0076,121,232.0,7,138
2025-10-27,SKU0076,210,0.0,7,138
2025-11-03,SKU0076,25,220.0,7,138
2025-11-10,SKU0076,106,240.0,7,138
2025-11-17,SKU0076,192,0.0,7,138
2025-11-24,SKU0076,34,193.0,7,138
2025-12-01,SKU0076,45,329.0,7,138
2025-12-08,SKU0076,235,0.0,7,138
2025-12-15,SKU0076,114,256.0,7,138
2025-12-22,SKU0076,245,0.0,7,138
2025-12-29,SKU0076,116,177.0,7,138
2024-01-01,SKU0077,160,370.0,26,221
2024-01-08,SKU0077,72,370.0,26,221
2024-01-15,SKU0077,6,370.0,26,221
2024-01-22,SKU0077,0,370.0,26,221
2024-01-29,SKU0077,344,0.0,26,221
2024-02-05,SKU0077,265,0.0,26,221
2024-02-12,SKU0077,201,442.0,26,221
2024-02-19,SKU0077,136,442.0,26,221
2024-02-26,SKU0077,69,442.0,26,221
2024-03-04,SKU0077,0,442.0,26,221
2024-03-11,SKU0077,393,0.0,26,221
2024-03-18,SKU0077,311,0.0,26,221
2024-03-25,SKU0077,230,0.0,26,221
2024-04-01,SKU0077,158,437.0,26,221
2024-04-08,SKU0077,101,437.0,26,221
2024-04-15,SKU0077,0,437.0,26,221
2024-04-22,SKU0077,426,0.0,26,221
2024-04-29,SKU0077,358,0.0,26,221
2024-05-06,SKU0077,284,0.0,26,221
2024-05-13,SKU0077,230,0.0,26,221
2024-05-20,SKU0077,164,374.0,26,221
2024-05-27,SKU0077,102,374.0,26,221
2024-06-03,SKU0077,50,374.0,26,221
2024-06-10,SKU0077,373,0.0,26,221
2024-06-17,SKU0077,322,,26,221
2024-06-24,SKU0077,277,0.0,26,221
2024-07-01,SKU0077,240,0.0,26,221
2024-07-08,SKU0077,201,247.0,26,221
2024-07-15,SKU0077,153,247.0,26,221
2024-07-22,SKU0077,92,247.0,26,221
2024-07-29,SKU0077,51,247.0,26,221
2024-08-05,SKU0077,259,0.0,26,221
2024-08-12,SKU0077,229,0.0,26,221
2024-08-19,SKU0077,200,168.0,26,221
2024-08-26,SKU0077,164,168.0,26,221
2024-09-02,SKU0077,147,168.0,26,221
2024-09-09,SKU0077,269,0.0,26,221
2024-09-16,SKU0077,227,0.0,26,221
2024-09-23,SKU0077,194,144.0,26,221
2024-09-30,SKU0077,165,144.0,26,221
2024-10-07,SKU0077,131,144.0,26,221
2024-10-14,SKU0077,247,0.0,26,221
2024-10-21,SKU0077,214,182.0,26,221
2024-10-28,SKU0077,187,182.0,26,221
2024-11-04,SKU0077,153,182.0,26,221
2024-11-11,SKU0077,114,182.0,26,221
2024-11-18,SKU0077,259,0.0,26,221
2024-11-25,SKU0077,196,254.0,26,221
2024-12-02,SKU0077,128,254.0,26,221
2024-12-09,SKU0077,74,254.0,26,221
2024-12-16,SKU0077,7,254.0,26,221
2024-12-23,SKU0077,204,331.0,26,221
2024-12-30,SKU0077,154,331.0,26,221
2025-01-06,SKU0077,75,331.0,26,221
2025-01-13,SKU0077,0,331.0,26,221
2025-01-20,SKU0077,286,0.0,26,221
2025-01-27,SKU0077,213,394.0,26,221
2025-02-03,SKU0077,131,394.0,26,221
2025-02-10,SKU0077,46,394.0,26,221
2025-02-17,SKU0077,0,394.0,26,221
2025-02-24,SKU0077,366,0.0,26,221
2025-03-03,SKU0077,279,0.0,26,221
2025-03-10,SKU0077,198,482.0,26,221
2025-03-17,SKU0077,131,482.0,26,221
2025-03-24,SKU0077,43,482.0,26,221
2025-03-31,SKU0077,0,482.0,26,221
2025-04-07,SKU0077,435,0.0,26,221
2025-04-14,SKU0077,303,0.0,26,221
2025-04-21,SKU0077,222,0.0,26,221
2025-04-28,SKU0077,151,423.0,26,221
2025-05-05,SKU0077,73,423.0,26,221
2025-05-12,SKU0077,8,423.0,26,221
2025-05-19,SKU0077,405,0.0,26,221
2025-05-26,SKU0077,333,0.0,26,221
2025-06-02,SKU0077,261,0.0,26,221
2025-06-09,SKU0077,211,352.0,26,221
2025-06-16,SKU0077,151,352.0,26,221
2025-06-23,SKU0077,108,352.0,26,221
2025-06-30,SKU0077,61,352.0,26,221
2025-07-07,SKU0077,354,0.0,26,221
2025-07-14,SKU0077,310,0.0,26,221
2025-07-21,SKU0077,234,0.0,26,221
2025-07-28,SKU0077,200,214.0,26,221
2025-08-04,SKU0077,157,214.0,26,221
2025-08-11,SKU0077,119,214.0,26,221
2025-08-18,SKU0077,85,214.0,26,221
2025-08-25,SKU0077,269,0.0,26,221
2025-09-01,SKU0077,247,0.0,26,221
2025-09-08,SKU0077,207,348.0,26,221
2025-09-15,SKU0077,165,348.0,26,221
2025-09-22,SKU0077,132,348.0,26,221
2025-09-29,SKU0077,106,348.0,26,221
2025-10-06,SKU0077,429,0.0,26,221
2025-10-13,SKU0077,405,0.0,26,221
2025-10-20,SKU0077,378,0.0,26,221
2025-10-27,SKU0077,334,0.0,26,221
2025-11-03,SKU0077,295,0.0,26,221
2025-11-10,SKU0077,263,0.0,26,221
2025-11-17,SKU0077,226,0.0,26,221
2025-11-24,SKU0077,171,233.0,26,221
2025-12-01,SKU0077,90,233.0,26,221
2025-12-08,SKU0077,51,233.0,26,221
2025-12-15,SKU0077,237,0.0,26,221
2025-12-22,SKU0077,134,625.0,26,221
2025-12-29,SKU0077,72,625.0,26,221
2024-01-01,SKU0078,19,613.0,11,234
2024-01-08,SKU0078,0,613.0,11,234
2024-01-15,SKU0078,474,0.0,11,234
2024-01-22,SKU0078,273,0.0,11,234
2024-01-29,SKU0078,41,467.0,11,234
2024-02-05,SKU0078,403,0.0,11,234
2024-02-12,SKU0078,170,544.0,11,234
2024-02-19,SKU0078,6,544.0,11,234
2024-02-26,SKU0078,415,0.0,11,234
2024-03-04,SKU0078,251,0.0,11,234
2024-03-11,SKU0078,127,325.0,11,234
2024-03-18,SKU0078,328,0.0,11,234
2024-03-25,SKU0078,204,365.0,11,234
2024-04-01,SKU0078,74,365.0,11,234
2024-04-08,SKU0078,345,0.0,11,234
2024-04-15,SKU0078,191,452.0,11,234
2024-04-22,SKU0078,90,452.0,11,234
2024-04-29,SKU0078,444,0.0,11,234
2024-05-06,SKU0078,358,0.0,11,234
2024-05-13,SKU0078,273,0.0,11,234
2024-05-20,SKU0078,177,,11,234
2024-05-27,SKU0078,274,0.0,11,234
2024-06-03,SKU0078,183,194.0,11,234
2024-06-10,SKU0078,92,194.0,11,234
2024-06-17,SKU0078,183,211.0,11,234
2024-06-24,SKU0078,85,211.0,11,234
2024-07-01,SKU0078,181,321.0,11,234
2024-07-08,SKU0078,60,321.0,11,234
2024-07-15,SKU0078,255,0.0,11,234
2024-07-22,SKU0078,34,433.0,11,234
2024-07-29,SKU0078,370,0.0,11,234
2024-08-05,SKU0078,233,349.0,11,234
2024-08-12,SKU0078,94,349.0,11,234
2024-08-19,SKU0078,264,0.0,11,234
2024-08-26,SKU0078,93,404.0,11,234
2024-09-02,SKU0078,341,0.0,11,234
2024-09-09,SKU0078,27,696.0,11,234
2024-09-16,SKU0078,0,696.0,11,234
2024-09-23,SKU0078,451,0.0,11,234
2024-09-30,SKU0078,202,528.0,11,234
2024-10-07,SKU0078,0,528.0,11,234
2024-10-14,SKU0078,374,0.0,11,234
2024-10-21,SKU0078,124,758.0,11,234
2024-10-28,SKU0078,0,758.0,11,234
2024-11-04,SKU0078,518,0.0,11,234
2024-11-11,SKU0078,241,0.0,11,234
2024-11-18,SKU0078,0,589.0,11,234
2024-11-25,SKU0078,438,0.0,11,234
2024-12-02,SKU0078,102,584.0,11,234
2024-12-09,SKU0078,0,584.0,11,234
2024-12-16,SKU0078,257,0.0,11,234
2024-12-23,SKU0078,0,852.0,11,234
2024-12-30,SKU0078,731,0.0,11,234
2025-01-06,SKU0078,445,0.0,11,234
2025-01-13,SKU0078,165,668.0,11,234
2025-01-20,SKU0078,0,668.0,11,234
2025-01-27,SKU0078,518,0.0,11,234
2025-02-03,SKU0078,313,,11,234
2025-02-10,SKU0078,121,420.0,11,234
2025-02-17,SKU0078,394,0.0,11,234
2025-02-24,SKU0078,187,483.0,11,234
2025-03-03,SKU0078,7,483.0,11,234
2025-03-10,SKU0078,378,0.0,11,234
2025-03-17,SKU0078,238,0.0,11,234
2025-03-24,SKU0078,120,286.0,11,234
2025-03-31,SKU0078,294,0.0,11,234
2025-04-07,SKU0078,191,319.0,11,234
2025-04-14,SKU0078,49,319.0,11,234
2025-04-21,SKU0078,260,0.0,11,234
2025-04-28,SKU0078,170,203.0,11,234
2025-05-05,SKU0078,288,0.0,11,234
2025-05-12,SKU0078,212,252.0,11,234
2025-05-19,SKU0078,110,252.0,11,234
2025-05-26,SKU0078,282,0.0,11,234
2025-06-02,SKU0078,202,258.0,11,234
2025-06-09,SKU0078,118,258.0,11,234
2025-06-16,SKU0078,284,0.0,11,234
2025-06-23,SKU0078,188,297.0,11,234
2025-06-30,SKU0078,73,297.0,11,234
2025-07-07,SKU0078,244,0.0,11,234
2025-07-14,SKU0078,98,262.0,11,234
2025-07-21,SKU0078,151,595.0,11,234
2025-07-28,SKU0078,26,595.0,11,234
2025-08-04,SKU0078,455,0.0,11,234
2025-08-11,SKU0078,302,0.0,11,234
2025-08-18,SKU0078,104,379.0,11,234
2025-08-25,SKU0078,349,0.0,11,234
2025-09-01,SKU0078,141,580.0,11,234
2025-09-08,SKU0078,0,,11,234
2025-09-15,SKU0078,355,0.0,11,234
2025-09-22,SKU0078,122,497.0,11,234
2025-09-29,SKU0078,0,497.0,11,234
2025-10-06,SKU0078,251,0.0,11,234
2025-10-13,SKU0078,0,543.0,11,234
2025-10-20,SKU0078,424,0.0,11,234
2025-10-27,SKU0078,172,770.0,11,234
2025-11-03,SKU0078,0,770.0,11,234
2025-11-10,SKU0078,596,0.0,11,234
2025-11-17,SKU0078,356,0.0,11,234
2025-11-24,SKU0078,79,588.0,11,234
2025-12-01,SKU0078,548,0.0,11,234
2025-12-08,SKU0078,286,0.0,11,234
2025-12-15,SKU0078,0,571.0,11,234
2025-12-22,SKU0078,475,0.0,11,234
2025-12-29,SKU0078,193,719.0,11,234
2024-01-01,SKU0079,80,66.0,20,127
2024-01-08,SKU0079,54,66.0,20,127
2024-01-15,SKU0079,36,66.0,20,127
2024-01-22,SKU0079,79,93.0,20,127
2024-01-29,SKU0079,57,93.0,20,127
2024-02-05,SKU0079,30,93.0,20,127
2024-02-12,SKU0079,93,120.0,20,127
2024-02-19,SKU0079,76,120.0,20,127
2024-02-26,SKU0079,39,120.0,20,127
2024-03-04,SKU0079,132,0.0,20,127
2024-03-11,SKU0079,104,125.0,20,127
2024-03-18,SKU0079,68,125.0,20,127
2024-03-25,SKU0079,23,125.0,20,127
2024-04-01,SKU0079,109,152.0,20,127
2024-04-08,SKU0079,61,152.0,20,127
2024-04-15,SKU0079,6,,20,127
2024-04-22,SKU0079,109,225.0,20,127
2024-04-29,SKU0079,75,225.0,20,127
2024-05-06,SKU0079,20,225.0,20,127
2024-05-13,SKU0079,204,0.0,20,127
2024-05-20,SKU0079,142,0.0,20,127
2024-05-27,SKU0079,91,195.0,20,127
2024-06-03,SKU0079,42,195.0,20,127
2024-06-10,SKU0079,0,195.0,20,127
2024-06-17,SKU0079,158,0.0,20,127
2024-06-24,SKU0079,108,245.0,20,127
2024-07-01,SKU0079,59,245.0,20,127
2024-07-08,SKU0079,7,245.0,20,127
2024-07-15,SKU0079,208,0.0,20,127
2024-07-22,SKU0079,140,0.0,20,127
2024-07-29,SKU0079,109,169.0,20,127
2024-08-05,SKU0079,63,169.0,20,127
2024-08-12,SKU0079,27,169.0,20,127
2024-08-19,SKU0079,155,0.0,20,127
2024-08-26,SKU0079,116,171.0,20,127
2024-09-02,SKU0079,89,171.0,20,127
2024-09-09,SKU0079,35,171.0,20,127
2024-09-16,SKU0079,181,0.0,20,127
2024-09-23,SKU0079,151,0.0,20,127
2024-09-30,SKU0079,126,90.0,20,127
2024-10-07,SKU0079,103,90.0,20,127
2024-10-14,SKU0079,77,90.0,20,127
2024-10-21,SKU0079,145,0.0,20,127
2024-10-28,SKU0079,130,0.0,20,127
2024-11-04,SKU0079,117,62.0,20,127
2024-11-11,SKU0079,100,62.0,20,127
2024-11-18,SKU0079,85,62.0,20,127
2024-11-25,SKU0079,137,0.0,20,127
2024-12-02,SKU0079,119,111.0,20,127
2024-12-09,SKU0079,103,111.0,20,127
2024-12-16,SKU0079,88,111.0,20,127
2024-12-23,SKU0079,178,0.0,20,127
2024-12-30,SKU0079,158,0.0,20,127
2025-01-06,SKU0079,136,0.0,20,127
2025-01-13,SKU0079,116,123.0,20,127
2025-01-20,SKU0079,103,123.0,20,127
2025-01-27,SKU0079,80,123.0,20,127
2025-02-03,SKU0079,180,0.0,20,127
2025-02-10,SKU0079,146,0.0,20,127
2025-02-17,SKU0079,125,107.0,20,127
2025-02-24,SKU0079,103,107.0,20,127
2025-03-03,SKU0079,89,107.0,20,127
2025-03-10,SKU0079,155,0.0,20,127
2025-03-17,SKU0079,115,179.0,20,127
2025-03-24,SKU0079,72,179.0,20,127
2025-03-31,SKU0079,40,179.0,20,127
2025-04-07,SKU0079,194,0.0,20,127
2025-04-14,SKU0079,134,0.0,20,127
2025-04-21,SKU0079,81,324.0,20,127
2025-04-28,SKU0079,33,324.0,20,127
2025-05-05,SKU0079,315,0.0,20,127
2025-05-12,SKU0079,250,0.0,20,127
2025-05-19,SKU0079,204,0.0,20,127
2025-05-26,SKU0079,152,0.0,20,127
2025-06-02,SKU0079,102,253.0,20,127
2025-06-09,SKU0079,51,253.0,20,127
2025-06-16,SKU0079,4,253.0,20,127
2025-06-23,SKU0079,227,0.0,20,127
2025-06-30,SKU0079,179,0.0,20,127
2025-07-07,SKU0079,137,0.0,20,127
2025-07-14,SKU0079,90,186.0,20,127
2025-07-21,SKU0079,13,186.0,20,127
2025-07-28,SKU0079,179,0.0,20,127
2025-08-04,SKU0079,135,0.0,20,127
2025-08-11,SKU0079,87,159.0,20,127
2025-08-18,SKU0079,49,159.0,20,127
2025-08-25,SKU0079,15,159.0,20,127
2025-09-01,SKU0079,146,0.0,20,127
2025-09-08,SKU0079,101,289.0,20,127
2025-09-15,SKU0079,69,289.0,20,127
2025-09-22,SKU0079,42,289.0,20,127
2025-09-29,SKU0079,302,0.0,20,127
2025-10-06,SKU0079,277,0.0,20,127
2025-10-13,SKU0079,261,0.0,20,127
2025-10-20,SKU0079,238,0.0,20,127
2025-10-27,SKU0079,222,0.0,20,127
2025-11-03,SKU0079,204,0.0,20,127
2025-11-10,SKU0079,188,,20,127
2025-11-17,SKU0079,169,0.0,20,127
2025-11-24,SKU0079,155,0.0,20,127
2025-12-01,SKU0079,135,0.0,20,127
2025-12-08,SKU0079,121,54.0,20,127
2025-12-15,SKU0079,101,54.0,20,127
2025-12-22,SKU0079,74,54.0,20,127
2025-12-29,SKU0079,107,59.0,20,127
2024-01-01,SKU0080,132,347.0,28,281
2024-01-08,SKU0080,18,347.0,28,281
2024-01-15,SKU0080,0,347.0,28,281
2024-01-22,SKU0080,0,347.0,28,281
2024-01-29,SKU0080,342,0.0,28,281
2024-02-05,SKU0080,265,365.0,28,281
2024-02-12,SKU0080,211,365.0,28,281
2024-02-19,SKU0080,147,365.0,28,281
2024-02-26,SKU0080,79,365.0,28,281
2024-03-04,SKU0080,376,0.0,28,281
2024-03-11,SKU0080,323,0.0,28,281
2024-03-18,SKU0080,275,,28,281
2024-03-25,SKU0080,227,321.0,28,281
2024-04-01,SKU0080,171,321.0,28,281
2024-04-08,SKU0080,110,321.0,28,281
2024-04-15,SKU0080,345,0.0,28,281
2024-04-22,SKU0080,298,0.0,28,281
2024-04-29,SKU0080,255,212.0,28,281
2024-05-06,SKU0080,210,,28,281
2024-05-13,SKU0080,170,212.0,28,281
2024-05-20,SKU0080,125,212.0,28,281
2024-05-27,SKU0080,300,0.0,28,281
2024-06-03,SKU0080,262,,28,281
2024-06-10,SKU0080,224,177.0,28,281
2024-06-17,SKU0080,191,177.0,28,281
2024-06-24,SKU0080,170,177.0,28,281
2024-07-01,SKU0080,310,0.0,28,281
2024-07-08,SKU0080,280,160.0,28,281
2024-07-15,SKU0080,234,160.0,28,281
2024-07-22,SKU0080,187,160.0,28,281
2024-07-29,SKU0080,150,160.0,28,281
2024-08-05,SKU0080,263,167.0,28,281
2024-08-12,SKU0080,225,167.0,28,281
2024-08-19,SKU0080,202,167.0,28,281
2024-08-26,SKU0080,178,167.0,28,281
2024-09-02,SKU0080,311,0.0,28,281
2024-09-09,SKU0080,247,422.0,28,281
2024-09-16,SKU0080,192,422.0,28,281
2024-09-23,SKU0080,142,422.0,28,281
2024-09-30,SKU0080,89,422.0,28,281
2024-10-07,SKU0080,458,0.0,28,281
2024-10-14,SKU0080,411,0.0,28,281
2024-10-21,SKU0080,366,0.0,28,281
2024-10-28,SKU0080,326,0.0,28,281
2024-11-04,SKU0080,265,323.0,28,281
2024-11-11,SKU0080,208,323.0,28,281
2024-11-18,SKU0080,150,323.0,28,281
2024-11-25,SKU0080,86,323.0,28,281
2024-12-02,SKU0080,327,0.0,28,281
2024-12-09,SKU0080,265,363.0,28,281
2024-12-16,SKU0080,183,363.0,28,281
2024-12-23,SKU0080,84,363.0,28,281
2024-12-30,SKU0080,18,363.0,28,281
2025-01-06,SKU0080,326,0.0,28,281
2025-01-13,SKU0080,241,542.0,28,281
2025-01-20,SKU0080,174,542.0,28,281
2025-01-27,SKU0080,106,542.0,28,281
2025-02-03,SKU0080,32,542.0,28,281
2025-02-10,SKU0080,517,0.0,28,281
2025-02-17,SKU0080,459,0.0,28,281
2025-02-24,SKU0080,395,0.0,28,281
2025-03-03,SKU0080,358,0.0,28,281
2025-03-10,SKU0080,310,0.0,28,281
2025-03-17,SKU0080,259,269.0,28,281
2025-03-24,SKU0080,194,269.0,28,281
2025-03-31,SKU0080,135,269.0,28,281
2025-04-07,SKU0080,63,,28,281
2025-04-14,SKU0080,266,507.0,28,281
2025-04-21,SKU0080,215,507.0,28,281
2025-04-28,SKU0080,167,507.0,28,281
2025-05-05,SKU0080,128,507.0,28,281
2025-05-12,SKU0080,604,0.0,28,281
2025-05-19,SKU0080,575,0.0,28,281
2025-05-26,SKU0080,534,0.0,28,281
2025-06-02,SKU0080,498,0.0,28,281
2025-06-09,SKU0080,459,0.0,28,281
2025-06-16,SKU0080,422,0.0,28,281
2025-06-23,SKU0080,376,0.0,28,281
2025-06-30,SKU0080,344,0.0,28,281
2025-07-07,SKU0080,300,0.0,28,281
2025-07-14,SKU0080,258,165.0,28,281
2025-07-21,SKU0080,202,165.0,28,281
2025-07-28,SKU0080,163,165.0,28,281
2025-08-04,SKU0080,122,165.0,28,281
2025-08-11,SKU0080,260,173.0,28,281
2025-08-18,SKU0080,222,173.0,28,281
2025-08-25,SKU0080,176,173.0,28,281
2025-09-01,SKU0080,132,173.0,28,281
2025-09-08,SKU0080,245,347.0,28,281
2025-09-15,SKU0080,192,347.0,28,281
2025-09-22,SKU0080,131,347.0,28,281
2025-09-29,SKU0080,93,347.0,28,281
2025-10-06,SKU0080,385,0.0,28,281
2025-10-13,SKU0080,336,0.0,28,281
2025-10-20,SKU0080,279,250.0,28,281
2025-10-27,SKU0080,214,250.0,28,281
2025-11-03,SKU0080,159,250.0,28,281
2025-11-10,SKU0080,102,250.0,28,281
2025-11-17,SKU0080,302,0.0,28,281
2025-11-24,SKU0080,242,285.0,28,281
2025-12-01,SKU0080,139,285.0,28,281
2025-12-08,SKU0080,68,285.0,28,281
2025-12-15,SKU0080,0,285.0,28,281
2025-12-22,SKU0080,218,541.0,28,281
2025-12-29,SKU0080,145,541.0,28,281
2025-07-07,SKU0081,0,248.0,13,212
2025-07-14,SKU0081,0,248.0,13,212
2025-07-21,SKU0081,149,321.0,13,212
2025-07-28,SKU0081,57,321.0,13,212
2025-08-04,SKU0081,304,0.0,13,212
2025-08-11,SKU0081,227,0.0,13,212
2025-08-18,SKU0081,166,188.0,13,212
2025-08-25,SKU0081,110,188.0,13,212
2025-09-01,SKU0081,239,0.0,13,212
2025-09-08,SKU0081,165,159.0,13,212
2025-09-15,SKU0081,100,159.0,13,212
2025-09-22,SKU0081,201,179.0,13,212
2025-09-29,SKU0081,149,179.0,13,212
2025-10-06,SKU0081,274,0.0,13,212
2025-10-13,SKU0081,217,0.0,13,212
2025-10-20,SKU0081,176,127.0,13,212
2025-10-27,SKU0081,248,0.0,13,212
2025-11-03,SKU0081,197,156.0,13,212
2025-11-10,SKU0081,133,156.0,13,212
2025-11-17,SKU0081,229,0.0,13,212
2025-11-24,SKU0081,162,131.0,13,212
2025-12-01,SKU0081,77,131.0,13,212
2025-12-08,SKU0081,158,140.0,13,212
2025-12-15,SKU0081,108,140.0,13,212
2025-12-22,SKU0081,173,221.0,13,212
2025-12-29,SKU0081,113,221.0,13,212
2024-01-01,SKU0082,54,1140.0,15,485
2024-01-08,SKU0082,0,1140.0,15,485
2024-01-15,SKU0082,0,1140.0,15,485
2024-01-22,SKU0082,810,0.0,15,485
2024-01-29,SKU0082,479,1042.0,15,485
2024-02-05,SKU0082,121,1042.0,15,485
2024-02-12,SKU0082,0,1042.0,15,485
2024-02-19,SKU0082,685,0.0,15,485
2024-02-26,SKU0082,376,1473.0,15,485
2024-03-04,SKU0082,68,1473.0,15,485
2024-03-11,SKU0082,1379,0.0,15,485
2024-03-18,SKU0082,1005,0.0,15,485
2024-03-25,SKU0082,686,0.0,15,485
2024-04-01,SKU0082,366,1417.0,15,485
2024-04-08,SKU0082,51,1417.0,15,485
2024-04-15,SKU0082,1305,0.0,15,485
2024-04-22,SKU0082,982,0.0,15,485
2024-04-29,SKU0082,690,0.0,15,485
2024-05-06,SKU0082,358,1289.0,15,485
2024-05-13,SKU0082,108,1289.0,15,485
2024-05-20,SKU0082,1190,0.0,15,485
2024-05-27,SKU0082,891,0.0,15,485
2024-06-03,SKU0082,618,0.0,15,485
2024-06-10,SKU0082,357,817.0,15,485
2024-06-17,SKU0082,96,817.0,15,485
2024-06-24,SKU0082,672,0.0,15,485
2024-07-01,SKU0082,439,1052.0,15,485
2024-07-08,SKU0082,194,1052.0,15,485
2024-07-15,SKU0082,995,0.0,15,485
2024-07-22,SKU0082,686,0.0,15,485
2024-07-29,SKU0082,459,979.0,15,485
2024-08-05,SKU0082,217,979.0,15,485
2024-08-12,SKU0082,978,0.0,15,485
2024-08-19,SKU0082,768,0.0,15,485
2024-08-26,SKU0082,538,0.0,15,485
2024-09-02,SKU0082,325,690.0,15,485
2024-09-09,SKU0082,5,690.0,15,485
2024-09-16,SKU0082,547,0.0,15,485
2024-09-23,SKU0082,317,712.0,15,485
2024-09-30,SKU0082,94,712.0,15,485
2024-10-07,SKU0082,553,0.0,15,485
2024-10-14,SKU0082,295,755.0,15,485
2024-10-21,SKU0082,73,755.0,15,485
2024-10-28,SKU0082,617,0.0,15,485
2024-11-04,SKU0082,354,1146.0,15,485
2024-11-11,SKU0082,64,1146.0,15,485
2024-11-18,SKU0082,1062,0.0,15,485
2024-11-25,SKU0082,728,0.0,15,485
2024-12-02,SKU0082,319,906.0,15,485
2024-12-09,SKU0082,10,906.0,15,485
2024-12-16,SKU0082,693,0.0,15,485
2024-12-23,SKU0082,292,1584.0,15,485
2024-12-30,SKU0082,0,1584.0,15,485
2025-01-06,SKU0082,1348,0.0,15,485
2025-01-13,SKU0082,942,0.0,15,485
2025-01-20,SKU0082,620,0.0,15,485
2025-01-27,SKU0082,281,1042.0,15,485
2025-02-03,SKU0082,0,1042.0,15,485
2025-02-10,SKU0082,814,0.0,15,485
2025-02-17,SKU0082,474,1061.0,15,485
2025-02-24,SKU0082,132,1061.0,15,485
2025-03-03,SKU0082,0,1061.0,15,485
2025-03-10,SKU0082,733,0.0,15,485
2025-03-17,SKU0082,404,1458.0,15,485
2025-03-24,SKU0082,60,1458.0,15,485
2025-03-31,SKU0082,1414,0.0,15,485
2025-04-07,SKU0082,1088,0.0,15,485
2025-04-14,SKU0082,600,0.0,15,485
2025-04-21,SKU0082,255,978.0,15,485
2025-04-28,SKU0082,0,978.0,15,485
2025-05-05,SKU0082,793,0.0,15,485
2025-05-12,SKU0082,514,0.0,15,485
2025-05-19,SKU0082,247,901.0,15,485
2025-05-26,SKU0082,0,901.0,15,485
2025-06-02,SKU0082,675,0.0,15,485
2025-06-09,SKU0082,389,1149.0,15,485
2025-06-16,SKU0082,160,1149.0,15,485
2025-06-23,SKU0082,1070,0.0,15,485
2025-06-30,SKU0082,827,0.0,15,485
2025-07-07,SKU0082,593,0.0,15,485
2025-07-14,SKU0082,353,735.0,15,485
2025-07-21,SKU0082,0,735.0,15,485
2025-07-28,SKU0082,607,0.0,15,485
2025-08-04,SKU0082,373,703.0,15,485
2025-08-11,SKU0082,150,703.0,15,485
2025-08-18,SKU0082,598,0.0,15,485
2025-08-25,SKU0082,375,693.0,15,485
2025-09-01,SKU0082,180,693.0,15,485
2025-09-08,SKU0082,527,0.0,15,485
2025-09-15,SKU0082,267,1152.0,15,485
2025-09-22,SKU0082,43,1152.0,15,485
2025-09-29,SKU0082,935,0.0,15,485
2025-10-06,SKU0082,715,0.0,15,485
2025-10-13,SKU0082,451,769.0,15,485
2025-10-20,SKU0082,203,769.0,15,485
2025-10-27,SKU0082,0,769.0,15,485
2025-11-03,SKU0082,544,0.0,15,485
2025-11-10,SKU0082,250,836.0,15,485
2025-11-17,SKU0082,0,836.0,15,485
2025-11-24,SKU0082,625,0.0,15,485
2025-12-01,SKU0082,240,1480.0,15,485
2025-12-08,SKU0082,0,1480.0,15,485
2025-12-15,SKU0082,1251,0.0,15,485
2025-12-22,SKU0082,769,0.0,15,485
2025-12-29,SKU0082,432,1392.0,15,485
2024-01-01,SKU0083,173,812.0,20,278
2024-01-08,SKU0083,0,812.0,20,278
2024-01-15,SKU0083,0,812.0,20,278
2024-01-22,SKU0083,770,0.0,20,278
2024-01-29,SKU0083,612,0.0,20,278
2024-02-05,SKU0083,467,0.0,20,278
2024-02-12,SKU0083,301,0.0,20,278
2024-02-19,SKU0083,164,665.0,20,278
2024-02-26,SKU0083,41,665.0,20,278
2024-03-04,SKU0083,0,665.0,20,278
2024-03-11,SKU0083,514,0.0,20,278
2024-03-18,SKU0083,396,0.0,20,278
2024-03-25,SKU0083,250,750.0,20,278
2024-04-01,SKU0083,125,750.0,20,278
2024-04-08,SKU0083,0,750.0,20,278
2024-04-15,SKU0083,660,0.0,20,278
2024-04-22,SKU0083,540,0.0,20,278
2024-04-29,SKU0083,455,0.0,20,278
2024-05-06,SKU0083,351,0.0,20,278
2024-05-13,SKU0083,261,532.0,20,278
2024-05-20,SKU0083,172,532.0,20,278
2024-05-27,SKU0083,81,532.0,20,278
2024-06-03,SKU0083,530,0.0,20,278
2024-06-10,SKU0083,459,0.0,20,278
2024-06-17,SKU0083,373,0.0,20,278
2024-06-24,SKU0083,289,0.0,20,278
2024-07-01,SKU0083,225,311.0,20,278
2024-07-08,SKU0083,148,311.0,20,278
2024-07-15,SKU0083,60,311.0,20,278
2024-07-22,SKU0083,245,906.0,20,278
2024-07-29,SKU0083,181,906.0,20,278
2024-08-05,SKU0083,93,906.0,20,278
2024-08-12,SKU0083,925,0.0,20,278
2024-08-19,SKU0083,845,0.0,20,278
2024-08-26,SKU0083,770,0.0,20,278
2024-09-02,SKU0083,683,0.0,20,278
2024-09-09,SKU0083,532,0.0,20,278
2024-09-16,SKU0083,437,0.0,20,278
2024-09-23,SKU0083,336,0.0,20,278
2024-09-30,SKU0083,242,648.0,20,278
2024-10-07,SKU0083,146,648.0,20,278
2024-10-14,SKU0083,31,648.0,20,278
2024-10-21,SKU0083,580,0.0,20,278
2024-10-28,SKU0083,417,0.0,20,278
2024-11-04,SKU0083,271,602.0,20,278
2024-11-11,SKU0083,124,602.0,20,278
2024-11-18,SKU0083,0,602.0,20,278
2024-11-25,SKU0083,511,0.0,20,278
2024-12-02,SKU0083,283,0.0,20,278
2024-12-09,SKU0083,131,675.0,20,278
2024-12-16,SKU0083,0,675.0,20,278
2024-12-23,SKU0083,653,0.0,20,278
2024-12-30,SKU0083,503,0.0,20,278
2025-01-06,SKU0083,307,0.0,20,278
2025-01-13,SKU0083,47,1517.0,20,278
2025-01-20,SKU0083,0,1517.0,20,278
2025-01-27,SKU0083,1489,0.0,20,278
2025-02-03,SKU0083,1339,,20,278
2025-02-10,SKU0083,1181,0.0,20,278
2025-02-17,SKU0083,1040,0.0,20,278
2025-02-24,SKU0083,891,0.0,20,278
2025-03-03,SKU0083,752,0.0,20,278
2025-03-10,SKU0083,595,0.0,20,278
2025-03-17,SKU0083,460,0.0,20,278
2025-03-24,SKU0083,328,0.0,20,278
2025-03-31,SKU0083,196,545.0,20,278
2025-04-07,SKU0083,59,545.0,20,278
2025-04-14,SKU0083,0,545.0,20,278
2025-04-21,SKU0083,444,0.0,20,278
2025-04-28,SKU0083,334,0.0,20,278
2025-05-05,SKU0083,240,570.0,20,278
2025-05-12,SKU0083,145,570.0,20,278
2025-05-19,SKU0083,69,570.0,20,278
2025-05-26,SKU0083,541,0.0,20,278
2025-06-02,SKU0083,454,0.0,20,278
2025-06-09,SKU0083,387,0.0,20,278
2025-06-16,SKU0083,315,0.0,20,278
2025-06-23,SKU0083,242,317.0,20,278
2025-06-30,SKU0083,181,317.0,20,278
2025-07-07,SKU0083,111,317.0,20,278
2025-07-14,SKU0083,352,0.0,20,278
2025-07-21,SKU0083,199,669.0,20,278
2025-07-28,SKU0083,120,669.0,20,278
2025-08-04,SKU0083,50,669.0,20,278
2025-08-11,SKU0083,645,0.0,20,278
2025-08-18,SKU0083,561,0.0,20,278
2025-08-25,SKU0083,469,0.0,20,278
2025-09-01,SKU0083,378,0.0,20,278
2025-09-08,SKU0083,215,1186.0,20,278
2025-09-15,SKU0083,94,1186.0,20,278
2025-09-22,SKU0083,0,1186.0,20,278
2025-09-29,SKU0083,1115,0.0,20,278
2025-10-06,SKU0083,988,0.0,20,278
2025-10-13,SKU0083,879,0.0,20,278
2025-10-20,SKU0083,742,0.0,20,278
2025-10-27,SKU0083,616,0.0,20,278
2025-11-03,SKU0083,460,0.0,20,278
2025-11-10,SKU0083,316,0.0,20,278
2025-11-17,SKU0083,161,629.0,20,278
2025-11-24,SKU0083,18,629.0,20,278
2025-12-01,SKU0083,0,629.0,20,278
2025-12-08,SKU0083,513,0.0,20,278
2025-12-15,SKU0083,319,0.0,20,278
2025-12-22,SKU0083,7,1493.0,20,278
2025-12-29,SKU0083,0,1493.0,20,278
2024-09-16,SKU0084,0,487.0,8,415
2024-09-23,SKU0084,324,645.0,8,415
2024-09-30,SKU0084,697,0.0,8,415
2024-10-07,SKU0084,438,0.0,8,415
2024-10-14,SKU0084,148,453.0,8,415
2024-10-21,SKU0084,328,596.0,8,415
2024-10-28,SKU0084,677,0.0,8,415
2024-11-04,SKU0084,469,0.0,8,415
2024-11-11,SKU0084,237,419.0,8,415
2024-11-18,SKU0084,432,0.0,8,415
2024-11-25,SKU0084,203,408.0,8,415
2024-12-02,SKU0084,369,545.0,8,415
2024-12-09,SKU0084,690,0.0,8,415
2024-12-16,SKU0084,420,0.0,8,415
2024-12-23,SKU0084,159,546.0,8,415
2024-12-30,SKU0084,465,,8,415
2025-01-06,SKU0084,213,454.0,8,415
2025-01-13,SKU0084,380,541.0,8,415
2025-01-20,SKU0084,690,0.0,8,415
2025-01-27,SKU0084,494,0.0,8,415
2025-02-03,SKU0084,254,409.0,8,415
2025-02-10,SKU0084,439,0.0,8,415
2025-02-17,SKU0084,203,419.0,8,415
2025-02-24,SKU0084,383,432.0,8,415
2025-03-03,SKU0084,144,432.0,8,415
2025-03-10,SKU0084,321,607.0,8,415
2025-03-17,SKU0084,662,0.0,8,415
2025-03-24,SKU0084,444,0.0,8,415
2025-03-31,SKU0084,160,468.0,8,415
2025-04-07,SKU0084,371,658.0,8,415
2025-04-14,SKU0084,698,0.0,8,415
2025-04-21,SKU0084,422,0.0,8,415
2025-04-28,SKU0084,114,503.0,8,415
2025-05-05,SKU0084,334,702.0,8,415
2025-05-12,SKU0084,710,0.0,8,415
2025-05-19,SKU0084,411,530.0,8,415
2025-05-26,SKU0084,137,,8,415
2025-06-02,SKU0084,355,732.0,8,415
2025-06-09,SKU0084,775,0.0,8,415
2025-06-16,SKU0084,452,0.0,8,415
2025-06-23,SKU0084,139,545.0,8,415
2025-06-30,SKU0084,373,741.0,8,415
2025-07-07,SKU0084,811,0.0,8,415
2025-07-14,SKU0084,516,0.0,8,415
2025-07-21,SKU0084,73,747.0,8,415
2025-07-28,SKU0084,537,0.0,8,415
2025-08-04,SKU0084,212,532.0,8,415
2025-08-11,SKU0084,446,0.0,8,415
2025-08-18,SKU0084,157,522.0,8,415
2025-08-25,SKU0084,389,508.0,8,415
2025-09-01,SKU0084,110,508.0,8,415
2025-09-08,SKU0084,258,928.0,8,415
2025-09-15,SKU0084,888,0.0,8,415
2025-09-22,SKU0084,635,0.0,8,415
2025-09-29,SKU0084,368,634.0,8,415
2025-10-06,SKU0084,728,0.0,8,415
2025-10-13,SKU0084,463,0.0,8,415
2025-10-20,SKU0084,246,444.0,8,415
2025-10-27,SKU0084,437,0.0,8,415
2025-11-03,SKU0084,201,429.0,8,415
2025-11-10,SKU0084,373,567.0,8,415
2025-11-17,SKU0084,718,0.0,8,415
2025-11-24,SKU0084,476,0.0,8,415
2025-12-01,SKU0084,192,559.0,8,415
2025-12-08,SKU0084,508,0.0,8,415
2025-12-15,SKU0084,241,397.0,8,415
2025-12-22,SKU0084,353,743.0,8,415
2025-12-29,SKU0084,870,0.0,8,415
2024-01-01,SKU0085,157,0.0,24,87
2024-01-08,SKU0085,89,0.0,24,87
2024-01-15,SKU0085,50,206.0,24,87
2024-01-22,SKU0085,10,206.0,24,87
2024-01-29,SKU0085,0,206.0,24,87
2024-02-05,SKU0085,192,0.0,24,87
2024-02-12,SKU0085,154,0.0,24,87
2024-02-19,SKU0085,112,0.0,24,87
2024-02-26,SKU0085,65,380.0,24,87
2024-03-04,SKU0085,21,380.0,24,87
2024-03-11,SKU0085,0,380.0,24,87
2024-03-18,SKU0085,0,380.0,24,87
2024-03-25,SKU0085,333,0.0,24,87
2024-04-01,SKU0085,262,0.0,24,87
2024-04-08,SKU0085,196,0.0,24,87
2024-04-15,SKU0085,65,1018.0,24,87
2024-04-22,SKU0085,0,1018.0,24,87
2024-04-29,SKU0085,0,1018.0,24,87
2024-05-06,SKU0085,0,1018.0,24,87
2024-05-13,SKU0085,965,0.0,24,87
2024-05-20,SKU0085,897,0.0,24,87
2024-05-27,SKU0085,838,0.0,24,87
2024-06-03,SKU0085,778,0.0,24,87
2024-06-10,SKU0085,736,0.0,24,87
2024-06-17,SKU0085,662,0.0,24,87
2024-06-24,SKU0085,600,0.0,24,87
2024-07-01,SKU0085,535,0.0,24,87
2024-07-08,SKU0085,486,0.0,24,87
2024-07-15,SKU0085,423,0.0,24,87
2024-07-22,SKU0085,316,0.0,24,87
2024-07-29,SKU0085,269,0.0,24,87
2024-08-05,SKU0085,212,0.0,24,87
2024-08-12,SKU0085,159,0.0,24,87
2024-08-19,SKU0085,111,0.0,24,87
2024-08-26,SKU0085,62,250.0,24,87
2024-09-02,SKU0085,24,250.0,24,87
2024-09-09,SKU0085,0,250.0,24,87
2024-09-16,SKU0085,247,0.0,24,87
2024-09-23,SKU0085,219,,24,87
2024-09-30,SKU0085,186,0.0,24,87
2024-10-07,SKU0085,162,0.0,24,87
2024-10-14,SKU0085,132,0.0,24,87
2024-10-21,SKU0085,103,0.0,24,87
2024-10-28,SKU0085,80,,24,87
2024-11-04,SKU0085,57,213.0,24,87
2024-11-11,SKU0085,31,213.0,24,87
2024-11-18,SKU0085,3,213.0,24,87
2024-11-25,SKU0085,195,0.0,24,87
2024-12-02,SKU0085,162,0.0,24,87
2024-12-09,SKU0085,134,0.0,24,87
2024-12-16,SKU0085,94,,24,87
2024-12-23,SKU0085,53,372.0,24,87
2024-12-30,SKU0085,22,372.0,24,87
2025-01-06,SKU0085,0,372.0,24,87
2025-01-13,SKU0085,354,0.0,24,87
2025-01-20,SKU0085,312,0.0,24,87
2025-01-27,SKU0085,262,,24,87
2025-02-03,SKU0085,224,0.0,24,87
2025-02-10,SKU0085,190,0.0,24,87
2025-02-17,SKU0085,152,0.0,24,87
2025-02-24,SKU0085,109,0.0,24,87
2025-03-03,SKU0085,44,294.0,24,87
2025-03-10,SKU0085,0,294.0,24,87
2025-03-17,SKU0085,0,294.0,24,87
2025-03-24,SKU0085,283,0.0,24,87
2025-03-31,SKU0085,221,0.0,24,87
2025-04-07,SKU0085,154,0.0,24,87
2025-04-14,SKU0085,38,1006.0,24,87
2025-04-21,SKU0085,0,1006.0,24,87
2025-04-28,SKU0085,0,1006.0,24,87
2025-05-05,SKU0085,0,1006.0,24,87
2025-05-12,SKU0085,943,,24,87
2025-05-19,SKU0085,882,0.0,24,87
2025-05-26,SKU0085,820,0.0,24,87
2025-06-02,SKU0085,747,0.0,24,87
2025-06-09,SKU0085,699,0.0,24,87
2025-06-16,SKU0085,627,0.0,24,87
2025-06-23,SKU0085,563,0.0,24,87
2025-06-30,SKU0085,496,0.0,24,87
2025-07-07,SKU0085,425,0.0,24,87
2025-07-14,SKU0085,365,0.0,24,87
2025-07-21,SKU0085,248,0.0,24,87
2025-07-28,SKU0085,194,0.0,24,87
2025-08-04,SKU0085,135,0.0,24,87
2025-08-11,SKU0085,101,0.0,24,87
2025-08-18,SKU0085,58,263.0,24,87
2025-08-25,SKU0085,1,263.0,24,87
2025-09-01,SKU0085,0,263.0,24,87
2025-09-08,SKU0085,254,0.0,24,87
2025-09-15,SKU0085,203,0.0,24,87
2025-09-22,SKU0085,177,0.0,24,87
2025-09-29,SKU0085,143,0.0,24,87
2025-10-06,SKU0085,116,0.0,24,87
2025-10-13,SKU0085,76,225.0,24,87
2025-10-20,SKU0085,42,225.0,24,87
2025-10-27,SKU0085,18,225.0,24,87
2025-11-03,SKU0085,0,225.0,24,87
2025-11-10,SKU0085,204,0.0,24,87
2025-11-17,SKU0085,180,0.0,24,87
2025-11-24,SKU0085,150,0.0,24,87
2025-12-01,SKU0085,98,0.0,24,87
2025-12-08,SKU0085,66,162.0,24,87
2025-12-15,SKU0085,30,162.0,24,87
2025-12-22,SKU0085,0,162.0,24,87
2025-12-29,SKU0085,158,0.0,24,87
2024-01-01,SKU0086,166,1183.0,22,1004
2024-01-08,SKU0086,0,1183.0,22,1004
2024-01-15,SKU0086,0,1183.0,22,1004
2024-01-22,SKU0086,0,1183.0,22,1004
2024-01-29,SKU0086,987,1026.0,22,1004
2024-02-05,SKU0086,787,1026.0,22,1004
2024-02-12,SKU0086,561,1026.0,22,1004
2024-02-19,SKU0086,361,1026.0,22,1004
2024-02-26,SKU0086,1169,0.0,22,1004
2024-03-04,SKU0086,965,1556.0,22,1004
2024-03-11,SKU0086,744,1556.0,22,1004
2024-03-18,SKU0086,490,1556.0,22,1004
2024-03-25,SKU0086,1788,0.0,22,1004
2024-04-01,SKU0086,1546,0.0,22,1004
2024-04-08,SKU0086,1265,0.0,22,1004
2024-04-15,SKU0086,753,4045.0,22,1004
2024-04-22,SKU0086,508,4045.0,22,1004
2024-04-29,SKU0086,203,4045.0,22,1004
2024-05-06,SKU0086,3935,0.0,22,1004
2024-05-13,SKU0086,3588,0.0,22,1004
2024-05-20,SKU0086,3244,0.0,22,1004
2024-05-27,SKU0086,2910,0.0,22,1004
2024-06-03,SKU0086,2539,0.0,22,1004
2024-06-10,SKU0086,2153,0.0,22,1004
2024-06-17,SKU0086,1769,0.0,22,1004
2024-06-24,SKU0086,1382,0.0,22,1004
2024-07-01,SKU0086,1018,0.0,22,1004
2024-07-08,SKU0086,664,1916.0,22,1004
2024-07-15,SKU0086,204,1916.0,22,1004
2024-07-22,SKU0086,0,1916.0,22,1004
2024-07-29,SKU0086,1582,0.0,22,1004
2024-08-05,SKU0086,1185,0.0,22,1004
2024-08-12,SKU0086,818,1893.0,22,1004
2024-08-19,SKU0086,444,1893.0,22,1004
2024-08-26,SKU0086,67,1893.0,22,1004
2024-09-02,SKU0086,1691,0.0,22,1004
2024-09-09,SKU0086,1058,0.0,22,1004
2024-09-16,SKU0086,667,3608.0,22,1004
2024-09-23,SKU0086,322,3608.0,22,1004
2024-09-30,SKU0086,0,3608.0,22,1004
2024-10-07,SKU0086,3319,0.0,22,1004
2024-10-14,SKU0086,3034,0.0,22,1004
2024-10-21,SKU0086,2736,0.0,22,1004
2024-10-28,SKU0086,2472,0.0,22,1004
2024-11-04,SKU0086,2234,0.0,22,1004
2024-11-11,SKU0086,1941,0.0,22,1004
2024-11-18,SKU0086,1715,0.0,22,1004
2024-11-25,SKU0086,1455,0.0,22,1004
2024-12-02,SKU0086,1094,0.0,22,1004
2024-12-09,SKU0086,862,1123.0,22,1004
2024-12-16,SKU0086,562,1123.0,22,1004
2024-12-23,SKU0086,256,1123.0,22,1004
2024-12-30,SKU0086,1174,0.0,22,1004
2025-01-06,SKU0086,924,2868.0,22,1004
2025-01-13,SKU0086,627,2868.0,22,1004
2025-01-20,SKU0086,431,2868.0,22,1004
2025-01-27,SKU0086,3102,0.0,22,1004
2025-02-03,SKU0086,2909,0.0,22,1004
2025-02-10,SKU0086,2700,0.0,22,1004
2025-02-17,SKU0086,2460,0.0,22,1004
2025-02-24,SKU0086,2256,0.0,22,1004
2025-03-03,SKU0086,2040,0.0,22,1004
2025-03-10,SKU0086,1812,0.0,22,1004
2025-03-17,SKU0086,1589,0.0,22,1004
2025-03-24,SKU0086,1316,0.0,22,1004
2025-03-31,SKU0086,1044,0.0,22,1004
2025-04-07,SKU0086,787,1370.0,22,1004
2025-04-14,SKU0086,249,1370.0,22,1004
2025-04-21,SKU0086,0,1370.0,22,1004
2025-04-28,SKU0086,1130,0.0,22,1004
2025-05-05,SKU0086,836,1604.0,22,1004
2025-05-12,SKU0086,504,1604.0,22,1004
2025-05-19,SKU0086,155,1604.0,22,1004
2025-05-26,SKU0086,1432,0.0,22,1004
2025-06-02,SKU0086,1044,0.0,22,1004
2025-06-09,SKU0086,625,1816.0,22,1004
2025-06-16,SKU0086,268,1816.0,22,1004
2025-06-23,SKU0086,0,1816.0,22,1004
2025-06-30,SKU0086,1502,0.0,22,1004
2025-07-07,SKU0086,1105,0.0,22,1004
2025-07-14,SKU0086,750,1934.0,22,1004
2025-07-21,SKU0086,0,1934.0,22,1004
2025-07-28,SKU0086,0,1934.0,22,1004
2025-08-04,SKU0086,1684,0.0,22,1004
2025-08-11,SKU0086,1309,0.0,22,1004
2025-08-18,SKU0086,943,2513.0,22,1004
2025-08-25,SKU0086,599,2513.0,22,1004
2025-09-01,SKU0086,208,2513.0,22,1004
2025-09-08,SKU0086,2412,0.0,22,1004
2025-09-15,SKU0086,2008,0.0,22,1004
2025-09-22,SKU0086,1650,0.0,22,1004
2025-09-29,SKU0086,1345,0.0,22,1004
2025-10-06,SKU0086,1038,0.0,22,1004
2025-10-13,SKU0086,741,1549.0,22,1004
2025-10-20,SKU0086,469,1549.0,22,1004
2025-10-27,SKU0086,173,1549.0,22,1004
2025-11-03,SKU0086,1449,0.0,22,1004
2025-11-10,SKU0086,1197,0.0,22,1004
2025-11-17,SKU0086,958,1676.0,22,1004
2025-11-24,SKU0086,738,1676.0,22,1004
2025-12-01,SKU0086,369,1676.0,22,1004
2025-12-08,SKU0086,1815,0.0,22,1004
2025-12-15,SKU0086,1577,0.0,22,1004
2025-12-22,SKU0086,1178,0.0,22,1004
2025-12-29,SKU0086,970,1047.0,22,1004
2024-11-04,SKU0087,92,1820.0,25,823
2024-11-11,SKU0087,0,1820.0,25,823
2024-11-18,SKU0087,0,1820.0,25,823
2024-11-25,SKU0087,0,1820.0,25,823
2024-12-02,SKU0087,1629,0.0,25,823
2024-12-09,SKU0087,1429,0.0,25,823
2024-12-16,SKU0087,1160,0.0,25,823
2024-12-23,SKU0087,868,0.0,25,823
2024-12-30,SKU0087,620,1593.0,25,823
2025-01-06,SKU0087,345,1593.0,25,823
2025-01-13,SKU0087,87,1593.0,25,823
2025-01-20,SKU0087,1521,0.0,25,823
2025-01-27,SKU0087,1276,0.0,25,823
2025-02-03,SKU0087,1036,0.0,25,823
2025-02-10,SKU0087,808,1507.0,25,823
2025-02-17,SKU0087,584,1507.0,25,823
2025-02-24,SKU0087,327,1507.0,25,823
2025-03-03,SKU0087,84,1507.0,25,823
2025-03-10,SKU0087,1344,0.0,25,823
2025-03-17,SKU0087,1048,0.0,25,823
2025-03-24,SKU0087,779,2132.0,25,823
2025-03-31,SKU0087,480,2132.0,25,823
2025-04-07,SKU0087,192,2132.0,25,823
2025-04-14,SKU0087,0,2132.0,25,823
2025-04-21,SKU0087,1915,0.0,25,823
2025-04-28,SKU0087,1611,0.0,25,823
2025-05-05,SKU0087,1287,0.0,25,823
2025-05-12,SKU0087,993,0.0,25,823
2025-05-19,SKU0087,717,2391.0,25,823
2025-05-26,SKU0087,410,2391.0,25,823
2025-06-02,SKU0087,69,2391.0,25,823
2025-06-09,SKU0087,0,2391.0,25,823
2025-06-16,SKU0087,2116,0.0,25,823
2025-06-23,SKU0087,1770,0.0,25,823
2025-06-30,SKU0087,1445,0.0,25,823
2025-07-07,SKU0087,1134,0.0,25,823
2025-07-14,SKU0087,848,0.0,25,823
2025-07-21,SKU0087,376,2760.0,25,823
2025-07-28,SKU0087,48,2760.0,25,823
2025-08-04,SKU0087,0,2760.0,25,823
2025-08-11,SKU0087,2612,0.0,25,823
2025-08-18,SKU0087,2327,0.0,25,823
2025-08-25,SKU0087,2037,0.0,25,823
2025-09-01,SKU0087,1711,0.0,25,823
2025-09-08,SKU0087,1383,0.0,25,823
2025-09-15,SKU0087,1088,0.0,25,823
2025-09-22,SKU0087,841,0.0,25,823
2025-09-29,SKU0087,560,1611.0,25,823
2025-10-06,SKU0087,317,1611.0,25,823
2025-10-13,SKU0087,39,1611.0,25,823
2025-10-20,SKU0087,1489,0.0,25,823
2025-10-27,SKU0087,1226,0.0,25,823
2025-11-03,SKU0087,985,0.0,25,823
2025-11-10,SKU0087,772,1798.0,25,823
2025-11-17,SKU0087,553,1798.0,25,823
2025-11-24,SKU0087,315,1798.0,25,823
2025-12-01,SKU0087,45,1798.0,25,823
2025-12-08,SKU0087,1653,0.0,25,823
2025-12-15,SKU0087,1395,,25,823
2025-12-22,SKU0087,1049,0.0,25,823
2025-12-29,SKU0087,811,1389.0,25,823
2024-01-01,SKU0088,68,957.0,22,449
2024-01-08,SKU0088,0,957.0,22,449
2024-01-15,SKU0088,0,957.0,22,449
2024-01-22,SKU0088,0,957.0,22,449
2024-01-29,SKU0088,789,0.0,22,449
2024-02-05,SKU0088,630,0.0,22,449
2024-02-12,SKU0088,435,762.0,22,449
2024-02-19,SKU0088,266,762.0,22,449
2024-02-26,SKU0088,115,762.0,22,449
2024-03-04,SKU0088,0,762.0,22,449
2024-03-11,SKU0088,620,0.0,22,449
2024-03-18,SKU0088,480,0.0,22,449
2024-03-25,SKU0088,351,628.0,22,449
2024-04-01,SKU0088,221,628.0,22,449
2024-04-08,SKU0088,113,628.0,22,449
2024-04-15,SKU0088,549,0.0,22,449
2024-04-22,SKU0088,431,633.0,22,449
2024-04-29,SKU0088,333,633.0,22,449
2024-05-06,SKU0088,223,633.0,22,449
2024-05-13,SKU0088,761,0.0,22,449
2024-05-20,SKU0088,664,0.0,22,449
2024-05-27,SKU0088,589,0.0,22,449
2024-06-03,SKU0088,497,0.0,22,449
2024-06-10,SKU0088,424,461.0,22,449
2024-06-17,SKU0088,341,461.0,22,449
2024-06-24,SKU0088,263,461.0,22,449
2024-07-01,SKU0088,645,0.0,22,449
2024-07-08,SKU0088,555,,22,449
2024-07-15,SKU0088,487,0.0,22,449
2024-07-22,SKU0088,359,666.0,22,449
2024-07-29,SKU0088,289,666.0,22,449
2024-08-05,SKU0088,208,666.0,22,449
2024-08-12,SKU0088,775,0.0,22,449
2024-08-19,SKU0088,673,0.0,22,449
2024-08-26,SKU0088,578,0.0,22,449
2024-09-02,SKU0088,461,0.0,22,449
2024-09-09,SKU0088,293,494.0,22,449
2024-09-16,SKU0088,174,494.0,22,449
2024-09-23,SKU0088,74,494.0,22,449
2024-09-30,SKU0088,437,598.0,22,449
2024-10-07,SKU0088,307,598.0,22,449
2024-10-14,SKU0088,167,598.0,22,449
2024-10-21,SKU0088,11,598.0,22,449
2024-10-28,SKU0088,458,0.0,22,449
2024-11-04,SKU0088,309,712.0,22,449
2024-11-11,SKU0088,138,712.0,22,449
2024-11-18,SKU0088,0,712.0,22,449
2024-11-25,SKU0088,548,0.0,22,449
2024-12-02,SKU0088,320,1681.0,22,449
2024-12-09,SKU0088,150,,22,449
2024-12-16,SKU0088,0,1681.0,22,449
2024-12-23,SKU0088,1560,0.0,22,449
2024-12-30,SKU0088,1375,0.0,22,449
2025-01-06,SKU0088,1145,0.0,22,449
2025-01-13,SKU0088,917,0.0,22,449
2025-01-20,SKU0088,721,0.0,22,449
2025-01-27,SKU0088,550,0.0,22,449
2025-02-03,SKU0088,368,995.0,22,449
2025-02-10,SKU0088,224,995.0,22,449
2025-02-17,SKU0088,83,995.0,22,449
2025-02-24,SKU0088,946,0.0,22,449
2025-03-03,SKU0088,790,0.0,22,449
2025-03-10,SKU0088,662,0.0,22,449
2025-03-17,SKU0088,539,0.0,22,449
2025-03-24,SKU0088,427,775.0,22,449
2025-03-31,SKU0088,302,775.0,22,449
2025-04-07,SKU0088,208,775.0,22,449
2025-04-14,SKU0088,806,0.0,22,449
2025-04-21,SKU0088,683,0.0,22,449
2025-04-28,SKU0088,583,0.0,22,449
2025-05-05,SKU0088,498,0.0,22,449
2025-05-12,SKU0088,404,540.0,22,449
2025-05-19,SKU0088,318,540.0,22,449
2025-05-26,SKU0088,236,540.0,22,449
2025-06-02,SKU0088,698,0.0,22,449
2025-06-09,SKU0088,615,0.0,22,449
2025-06-16,SKU0088,534,0.0,22,449
2025-06-23,SKU0088,454,0.0,22,449
2025-06-30,SKU0088,390,344.0,22,449
2025-07-07,SKU0088,314,344.0,22,449
2025-07-14,SKU0088,226,344.0,22,449
2025-07-21,SKU0088,422,839.0,22,449
2025-07-28,SKU0088,357,839.0,22,449
2025-08-04,SKU0088,272,839.0,22,449
2025-08-11,SKU0088,1005,0.0,22,449
2025-08-18,SKU0088,923,0.0,22,449
2025-08-25,SKU0088,831,0.0,22,449
2025-09-01,SKU0088,733,0.0,22,449
2025-09-08,SKU0088,546,0.0,22,449
2025-09-15,SKU0088,400,665.0,22,449
2025-09-22,SKU0088,279,665.0,22,449
2025-09-29,SKU0088,165,665.0,22,449
2025-10-06,SKU0088,696,0.0,22,449
2025-10-13,SKU0088,546,0.0,22,449
2025-10-20,SKU0088,388,845.0,22,449
2025-10-27,SKU0088,243,845.0,22,449
2025-11-03,SKU0088,100,845.0,22,449
2025-11-10,SKU0088,800,0.0,22,449
2025-11-17,SKU0088,626,0.0,22,449
2025-11-24,SKU0088,474,0.0,22,449
2025-12-01,SKU0088,185,1439.0,22,449
2025-12-08,SKU0088,29,1439.0,22,449
2025-12-15,SKU0088,0,1439.0,22,449
2025-12-22,SKU0088,1151,0.0,22,449
2025-12-29,SKU0088,966,0.0,22,449
2024-01-01,SKU0089,146,267.0,27,274
2024-01-08,SKU0089,99,267.0,27,274
2024-01-15,SKU0089,68,267.0,27,274
2024-01-22,SKU0089,26,267.0,27,274
2024-01-29,SKU0089,255,219.0,27,274
2024-02-05,SKU0089,228,219.0,27,274
2024-02-12,SKU0089,202,219.0,27,274
2024-02-19,SKU0089,166,219.0,27,274
2024-02-26,SKU0089,361,0.0,27,274
2024-03-04,SKU0089,342,0.0,27,274
2024-03-11,SKU0089,313,0.0,27,274
2024-03-18,SKU0089,286,0.0,27,274
2024-03-25,SKU0089,261,162.0,27,274
2024-04-01,SKU0089,239,162.0,27,274
2024-04-08,SKU0089,211,162.0,27,274
2024-04-15,SKU0089,163,162.0,27,274
2024-04-22,SKU0089,287,0.0,27,274
2024-04-29,SKU0089,250,202.0,27,274
2024-05-06,SKU0089,209,202.0,27,274
2024-05-13,SKU0089,162,202.0,27,274
2024-05-20,SKU0089,122,202.0,27,274
2024-05-27,SKU0089,270,265.0,27,274
2024-06-03,SKU0089,218,265.0,27,274
2024-06-10,SKU0089,162,265.0,27,274
2024-06-17,SKU0089,98,265.0,27,274
2024-06-24,SKU0089,311,0.0,27,274
2024-07-01,SKU0089,244,398.0,27,274
2024-07-08,SKU0089,180,398.0,27,274
2024-07-15,SKU0089,94,398.0,27,274
2024-07-22,SKU0089,0,398.0,27,274
2024-07-29,SKU0089,353,0.0,27,274
2024-08-05,SKU0089,266,400.0,27,274
2024-08-12,SKU0089,200,400.0,27,274
2024-08-19,SKU0089,124,400.0,27,274
2024-08-26,SKU0089,49,400.0,27,274
2024-09-02,SKU0089,374,0.0,27,274
2024-09-09,SKU0089,255,716.0,27,274
2024-09-16,SKU0089,177,716.0,27,274
2024-09-23,SKU0089,88,716.0,27,274
2024-09-30,SKU0089,16,716.0,27,274
2024-10-07,SKU0089,698,0.0,27,274
2024-10-14,SKU0089,631,0.0,27,274
2024-10-21,SKU0089,577,0.0,27,274
2024-10-28,SKU0089,528,0.0,27,274
2024-11-04,SKU0089,464,0.0,27,274
2024-11-11,SKU0089,404,0.0,27,274
2024-11-18,SKU0089,358,0.0,27,274
2024-11-25,SKU0089,298,0.0,27,274
2024-12-02,SKU0089,237,530.0,27,274
2024-12-09,SKU0089,183,530.0,27,274
2024-12-16,SKU0089,128,530.0,27,274
2024-12-23,SKU0089,63,530.0,27,274
2024-12-30,SKU0089,556,0.0,27,274
2025-01-06,SKU0089,513,0.0,27,274
2025-01-13,SKU0089,470,0.0,27,274
2025-01-20,SKU0089,427,0.0,27,274
2025-01-27,SKU0089,392,0.0,27,274
2025-02-03,SKU0089,370,0.0,27,274
2025-02-10,SKU0089,346,0.0,27,274
2025-02-17,SKU0089,322,0.0,27,274
2025-02-24,SKU0089,302,0.0,27,274
2025-03-03,SKU0089,266,191.0,27,274
2025-03-10,SKU0089,245,191.0,27,274
2025-03-17,SKU0089,220,191.0,27,274
2025-03-24,SKU0089,187,191.0,27,274
2025-03-31,SKU0089,354,0.0,27,274
2025-04-07,SKU0089,320,0.0,27,274
2025-04-14,SKU0089,272,323.0,27,274
2025-04-21,SKU0089,240,323.0,27,274
2025-04-28,SKU0089,204,323.0,27,274
2025-05-05,SKU0089,168,323.0,27,274
2025-05-12,SKU0089,453,0.0,27,274
2025-05-19,SKU0089,400,0.0,27,274
2025-05-26,SKU0089,362,0.0,27,274
2025-06-02,SKU0089,318,0.0,27,274
2025-06-09,SKU0089,257,348.0,27,274
2025-06-16,SKU0089,209,348.0,27,274
2025-06-23,SKU0089,143,348.0,27,274
2025-06-30,SKU0089,89,348.0,27,274
2025-07-07,SKU0089,368,0.0,27,274
2025-07-14,SKU0089,302,0.0,27,274
2025-07-21,SKU0089,185,640.0,27,274
2025-07-28,SKU0089,108,640.0,27,274
2025-08-04,SKU0089,30,640.0,27,274
2025-08-11,SKU0089,0,640.0,27,274
2025-08-18,SKU0089,573,0.0,27,274
2025-08-25,SKU0089,498,0.0,27,274
2025-09-01,SKU0089,432,0.0,27,274
2025-09-08,SKU0089,340,0.0,27,274
2025-09-15,SKU0089,246,,27,274
2025-09-22,SKU0089,175,497.0,27,274
2025-09-29,SKU0089,108,497.0,27,274
2025-10-06,SKU0089,35,497.0,27,274
2025-10-13,SKU0089,452,0.0,27,274
2025-10-20,SKU0089,386,0.0,27,274
2025-10-27,SKU0089,322,0.0,27,274
2025-11-03,SKU0089,261,430.0,27,274
2025-11-10,SKU0089,195,430.0,27,274
2025-11-17,SKU0089,138,430.0,27,274
2025-11-24,SKU0089,86,430.0,27,274
2025-12-01,SKU0089,444,0.0,27,274
2025-12-08,SKU0089,379,0.0,27,274
2025-12-15,SKU0089,329,0.0,27,274
2025-12-22,SKU0089,239,530.0,27,274
2025-12-29,SKU0089,196,530.0,27,274
2024-01-01,SKU0090,36,430.0,27,161
2024-01-08,SKU0090,0,430.0,27,161
2024-01-15,SKU0090,0,430.0,27,161
2024-01-22,SKU0090,0,430.0,27,161
2024-01-29,SKU0090,415,0.0,27,161
2024-02-05,SKU0090,358,0.0,27,161
2024-02-12,SKU0090,308,0.0,27,161
2024-02-19,SKU0090,253,0.0,27,161
2024-02-26,SKU0090,192,0.0,27,161
2024-03-04,SKU0090,143,368.0,27,161
2024-03-11,SKU0090,91,368.0,27,161
2024-03-18,SKU0090,48,368.0,27,161
2024-03-25,SKU0090,0,368.0,27,161
2024-04-01,SKU0090,334,0.0,27,161
2024-04-08,SKU0090,274,0.0,27,161
2024-04-15,SKU0090,193,0.0,27,161
2024-04-22,SKU0090,151,290.0,27,161
2024-04-29,SKU0090,104,290.0,27,161
2024-05-06,SKU0090,68,290.0,27,161
2024-05-13,SKU0090,28,290.0,27,161
2024-05-20,SKU0090,279,0.0,27,161
2024-05-27,SKU0090,243,0.0,27,161
2024-06-03,SKU0090,209,0.0,27,161
2024-06-10,SKU0090,173,0.0,27,161
2024-06-17,SKU0090,135,213.0,27,161
2024-06-24,SKU0090,97,213.0,27,161
2024-07-01,SKU0090,59,213.0,27,161
2024-07-08,SKU0090,16,213.0,27,161
2024-07-15,SKU0090,188,0.0,27,161
2024-07-22,SKU0090,125,482.0,27,161
2024-07-29,SKU0090,74,482.0,27,161
2024-08-05,SKU0090,45,482.0,27,161
2024-08-12,SKU0090,4,482.0,27,161
2024-08-19,SKU0090,441,0.0,27,161
2024-08-26,SKU0090,394,0.0,27,161
2024-09-02,SKU0090,352,0.0,27,161
2024-09-09,SKU0090,255,0.0,27,161
2024-09-16,SKU0090,199,0.0,27,161
2024-09-23,SKU0090,155,301.0,27,161
2024-09-30,SKU0090,101,301.0,27,161
2024-10-07,SKU0090,41,301.0,27,161
2024-10-14,SKU0090,0,301.0,27,161
2024-10-21,SKU0090,285,0.0,27,161
2024-10-28,SKU0090,238,0.0,27,161
2024-11-04,SKU0090,182,0.0,27,161
2024-11-11,SKU0090,118,357.0,27,161
2024-11-18,SKU0090,55,357.0,27,161
2024-11-25,SKU0090,0,357.0,27,161
2024-12-02,SKU0090,0,357.0,27,161
2024-12-09,SKU0090,308,0.0,27,161
2024-12-16,SKU0090,227,0.0,27,161
2024-12-23,SKU0090,106,825.0,27,161
2024-12-30,SKU0090,42,825.0,27,161
2025-01-06,SKU0090,0,825.0,27,161
2025-01-13,SKU0090,0,825.0,27,161
2025-01-20,SKU0090,771,0.0,27,161
2025-01-27,SKU0090,717,0.0,27,161
2025-02-03,SKU0090,654,0.0,27,161
2025-02-10,SKU0090,602,0.0,27,161
2025-02-17,SKU0090,552,0.0,27,161
2025-02-24,SKU0090,493,0.0,27,161
2025-03-03,SKU0090,448,0.0,27,161
2025-03-10,SKU0090,388,0.0,27,161
2025-03-17,SKU0090,338,0.0,27,161
2025-03-24,SKU0090,281,0.0,27,161
2025-03-31,SKU0090,234,,27,161
2025-04-07,SKU0090,188,0.0,27,161
2025-04-14,SKU0090,110,583.0,27,161
2025-04-21,SKU0090,59,583.0,27,161
2025-04-28,SKU0090,1,583.0,27,161
2025-05-05,SKU0090,0,583.0,27,161
2025-05-12,SKU0090,545,0.0,27,161
2025-05-19,SKU0090,516,0.0,27,161
2025-05-26,SKU0090,475,0.0,27,161
2025-06-02,SKU0090,438,0.0,27,161
2025-06-09,SKU0090,399,0.0,27,161
2025-06-16,SKU0090,372,0.0,27,161
2025-06-23,SKU0090,345,0.0,27,161
2025-06-30,SKU0090,301,0.0,27,161
2025-07-07,SKU0090,259,0.0,27,161
2025-07-14,SKU0090,232,0.0,27,161
2025-07-21,SKU0090,127,568.0,27,161
2025-07-28,SKU0090,83,568.0,27,161
2025-08-04,SKU0090,46,568.0,27,161
2025-08-11,SKU0090,7,568.0,27,161
2025-08-18,SKU0090,539,0.0,27,161
2025-08-25,SKU0090,489,0.0,27,161
2025-09-01,SKU0090,443,0.0,27,161
2025-09-08,SKU0090,364,0.0,27,161
2025-09-15,SKU0090,292,0.0,27,161
2025-09-22,SKU0090,240,0.0,27,161
2025-09-29,SKU0090,185,0.0,27,161
2025-10-06,SKU0090,125,318.0,27,161
2025-10-13,SKU0090,58,318.0,27,161
2025-10-20,SKU0090,5,318.0,27,161
2025-10-27,SKU0090,0,318.0,27,161
2025-11-03,SKU0090,269,0.0,27,161
2025-11-10,SKU0090,216,0.0,27,161
2025-11-17,SKU0090,154,370.0,27,161
2025-11-24,SKU0090,91,370.0,27,161
2025-12-01,SKU0090,3,370.0,27,161
2025-12-08,SKU0090,0,370.0,27,161
2025-12-15,SKU0090,334,0.0,27,161
2025-12-22,SKU0090,206,0.0,27,161
2025-12-29,SKU0090,141,440.0,27,161
2024-01-01,SKU0091,81,285.0,18,196
2024-01-08,SKU0091,0,285.0,18,196
2024-01-15,SKU0091,0,285.0,18,196
2024-01-22,SKU0091,245,0.0,18,196
2024-01-29,SKU0091,165,385.0,18,196
2024-02-05,SKU0091,82,385.0,18,196
2024-02-12,SKU0091,7,385.0,18,196
2024-02-19,SKU0091,335,0.0,18,196
2024-02-26,SKU0091,256,0.0,18,196
2024-03-04,SKU0091,173,450.0,18,196
2024-03-11,SKU0091,88,450.0,18,196
2024-03-18,SKU0091,3,450.0,18,196
2024-03-25,SKU0091,389,0.0,18,196
2024-04-01,SKU0091,303,0.0,18,196
2024-04-08,SKU0091,197,0.0,18,196
2024-04-15,SKU0091,60,362.0,18,196
2024-04-22,SKU0091,0,362.0,18,196
2024-04-29,SKU0091,310,0.0,18,196
2024-05-06,SKU0091,218,0.0,18,196
2024-05-13,SKU0091,138,367.0,18,196
2024-05-20,SKU0091,53,367.0,18,196
2024-05-27,SKU0091,346,0.0,18,196
2024-06-03,SKU0091,243,0.0,18,196
2024-06-10,SKU0091,158,351.0,18,196
2024-06-17,SKU0091,80,351.0,18,196
2024-06-24,SKU0091,0,351.0,18,196
2024-07-01,SKU0091,250,0.0,18,196
2024-07-08,SKU0091,185,317.0,18,196
2024-07-15,SKU0091,91,317.0,18,196
2024-07-22,SKU0091,0,317.0,18,196
2024-07-29,SKU0091,279,,18,196
2024-08-05,SKU0091,201,0.0,18,196
2024-08-12,SKU0091,134,278.0,18,196
2024-08-19,SKU0091,63,278.0,18,196
2024-08-26,SKU0091,278,0.0,18,196
2024-09-02,SKU0091,227,0.0,18,196
2024-09-09,SKU0091,138,473.0,18,196
2024-09-16,SKU0091,84,473.0,18,196
2024-09-23,SKU0091,506,0.0,18,196
2024-09-30,SKU0091,447,0.0,18,196
2024-10-07,SKU0091,387,0.0,18,196
2024-10-14,SKU0091,339,0.0,18,196
2024-10-21,SKU0091,282,0.0,18,196
2024-10-28,SKU0091,238,,18,196
2024-11-04,SKU0091,188,287.0,18,196
2024-11-11,SKU0091,143,287.0,18,196
2024-11-18,SKU0091,91,287.0,18,196
2024-11-25,SKU0091,312,0.0,18,196
2024-12-02,SKU0091,230,0.0,18,196
2024-12-09,SKU0091,173,312.0,18,196
2024-12-16,SKU0091,94,312.0,18,196
2024-12-23,SKU0091,10,312.0,18,196
2024-12-30,SKU0091,257,0.0,18,196
2025-01-06,SKU0091,169,700.0,18,196
2025-01-13,SKU0091,83,700.0,18,196
2025-01-20,SKU0091,7,700.0,18,196
2025-01-27,SKU0091,662,0.0,18,196
2025-02-03,SKU0091,579,0.0,18,196
2025-02-10,SKU0091,508,0.0,18,196
2025-02-17,SKU0091,444,0.0,18,196
2025-02-24,SKU0091,379,0.0,18,196
2025-03-03,SKU0091,300,0.0,18,196
2025-03-10,SKU0091,216,0.0,18,196
2025-03-17,SKU0091,123,349.0,18,196
2025-03-24,SKU0091,39,349.0,18,196
2025-03-31,SKU0091,338,0.0,18,196
2025-04-07,SKU0091,245,0.0,18,196
2025-04-14,SKU0091,101,728.0,18,196
2025-04-21,SKU0091,15,728.0,18,196
2025-04-28,SKU0091,0,728.0,18,196
2025-05-05,SKU0091,632,0.0,18,196
2025-05-12,SKU0091,553,0.0,18,196
2025-05-19,SKU0091,475,0.0,18,196
2025-05-26,SKU0091,388,0.0,18,196
2025-06-02,SKU0091,289,0.0,18,196
2025-06-09,SKU0091,194,357.0,18,196
2025-06-16,SKU0091,116,357.0,18,196
2025-06-23,SKU0091,28,357.0,18,196
2025-06-30,SKU0091,294,0.0,18,196
2025-07-07,SKU0091,208,0.0,18,196
2025-07-14,SKU0091,123,323.0,18,196
2025-07-21,SKU0091,0,323.0,18,196
2025-07-28,SKU0091,301,0.0,18,196
2025-08-04,SKU0091,237,0.0,18,196
2025-08-11,SKU0091,166,283.0,18,196
2025-08-18,SKU0091,108,283.0,18,196
2025-08-25,SKU0091,25,283.0,18,196
2025-09-01,SKU0091,236,0.0,18,196
2025-09-08,SKU0091,131,488.0,18,196
2025-09-15,SKU0091,50,488.0,18,196
2025-09-22,SKU0091,2,488.0,18,196
2025-09-29,SKU0091,432,0.0,18,196
2025-10-06,SKU0091,371,0.0,18,196
2025-10-13,SKU0091,319,0.0,18,196
2025-10-20,SKU0091,277,0.0,18,196
2025-10-27,SKU0091,212,0.0,18,196
2025-11-03,SKU0091,161,218.0,18,196
2025-11-10,SKU0091,106,218.0,18,196
2025-11-17,SKU0091,266,0.0,18,196
2025-11-24,SKU0091,223,,18,196
2025-12-01,SKU0091,121,448.0,18,196
2025-12-08,SKU0091,60,448.0,18,196
2025-12-15,SKU0091,442,0.0,18,196
2025-12-22,SKU0091,314,0.0,18,196
2025-12-29,SKU0091,235,0.0,18,196
2024-01-01,SKU0092,60,244.0,11,211
2024-01-08,SKU0092,0,244.0,11,211
2024-01-15,SKU0092,204,198.0,11,211
2024-01-22,SKU0092,129,198.0,11,211
2024-01-29,SKU0092,249,0.0,11,211
2024-02-05,SKU0092,187,196.0,11,211
2024-02-12,SKU0092,117,196.0,11,211
2024-02-19,SKU0092,245,0.0,11,211
2024-02-26,SKU0092,170,170.0,11,211
2024-03-04,SKU0092,273,0.0,11,211
2024-03-11,SKU0092,212,0.0,11,211
2024-03-18,SKU0092,153,165.0,11,211
2024-03-25,SKU0092,244,0.0,11,211
2024-04-01,SKU0092,186,181.0,11,211
2024-04-08,SKU0092,108,181.0,11,211
2024-04-15,SKU0092,194,280.0,11,211
2024-04-22,SKU0092,132,280.0,11,211
2024-04-29,SKU0092,346,0.0,11,211
2024-05-06,SKU0092,265,0.0,11,211
2024-05-13,SKU0092,182,208.0,11,211
2024-05-20,SKU0092,99,208.0,11,211
2024-05-27,SKU0092,214,0.0,11,211
2024-06-03,SKU0092,133,209.0,11,211
2024-06-10,SKU0092,251,0.0,11,211
2024-06-17,SKU0092,160,227.0,11,211
2024-06-24,SKU0092,60,227.0,11,211
2024-07-01,SKU0092,190,265.0,11,211
2024-07-08,SKU0092,92,265.0,11,211
2024-07-15,SKU0092,246,0.0,11,211
2024-07-22,SKU0092,105,393.0,11,211
2024-07-29,SKU0092,401,0.0,11,211
2024-08-05,SKU0092,295,0.0,11,211
2024-08-12,SKU0092,185,,11,211
2024-08-19,SKU0092,75,306.0,11,211
2024-08-26,SKU0092,257,0.0,11,211
2024-09-02,SKU0092,153,292.0,11,211
2024-09-09,SKU0092,268,0.0,11,211
2024-09-16,SKU0092,114,295.0,11,211
2024-09-23,SKU0092,304,0.0,11,211
2024-09-30,SKU0092,172,318.0,11,211
2024-10-07,SKU0092,54,318.0,11,211
2024-10-14,SKU0092,263,0.0,11,211
2024-10-21,SKU0092,144,286.0,11,211
2024-10-28,SKU0092,25,286.0,11,211
2024-11-04,SKU0092,204,274.0,11,211
2024-11-11,SKU0092,101,274.0,11,211
2024-11-18,SKU0092,265,0.0,11,211
2024-11-25,SKU0092,163,,11,211
2024-12-02,SKU0092,35,258.0,11,211
2024-12-09,SKU0092,205,240.0,11,211
2024-12-16,SKU0092,98,240.0,11,211
2024-12-23,SKU0092,204,225.0,11,211
2024-12-30,SKU0092,109,225.0,11,211
2025-01-06,SKU0092,223,0.0,11,211
2025-01-13,SKU0092,138,313.0,11,211
2025-01-20,SKU0092,352,0.0,11,211
2025-01-27,SKU0092,271,0.0,11,211
2025-02-03,SKU0092,189,201.0,11,211
2025-02-10,SKU0092,113,201.0,11,211
2025-02-17,SKU0092,241,0.0,11,211
2025-02-24,SKU0092,174,176.0,11,211
2025-03-03,SKU0092,279,0.0,11,211
2025-03-10,SKU0092,208,170.0,11,211
2025-03-17,SKU0092,152,170.0,11,211
2025-03-24,SKU0092,251,0.0,11,211
2025-03-31,SKU0092,179,171.0,11,211
2025-04-07,SKU0092,115,171.0,11,211
2025-04-14,SKU0092,191,286.0,11,211
2025-04-21,SKU0092,118,286.0,11,211
2025-04-28,SKU0092,321,0.0,11,211
2025-05-05,SKU0092,231,0.0,11,211
2025-05-12,SKU0092,154,193.0,11,211
2025-05-19,SKU0092,272,0.0,11,211
2025-05-26,SKU0092,194,228.0,11,211
2025-06-02,SKU0092,103,228.0,11,211
2025-06-09,SKU0092,244,0.0,11,211
2025-06-16,SKU0092,162,231.0,11,211
2025-06-23,SKU0092,61,231.0,11,211
2025-06-30,SKU0092,205,250.0,11,211
2025-07-07,SKU0092,88,250.0,11,211
2025-07-14,SKU0092,231,0.0,11,211
2025-07-21,SKU0092,50,397.0,11,211
2025-07-28,SKU0092,355,0.0,11,211
2025-08-04,SKU0092,220,0.0,11,211
2025-08-11,SKU0092,115,283.0,11,211
2025-08-18,SKU0092,295,0.0,11,211
2025-08-25,SKU0092,164,318.0,11,211
2025-09-01,SKU0092,43,318.0,11,211
2025-09-08,SKU0092,205,447.0,11,211
2025-09-15,SKU0092,71,447.0,11,211
2025-09-22,SKU0092,399,0.0,11,211
2025-09-29,SKU0092,274,0.0,11,211
2025-10-06,SKU0092,155,297.0,11,211
2025-10-13,SKU0092,26,297.0,11,211
2025-10-20,SKU0092,209,289.0,11,211
2025-10-27,SKU0092,93,289.0,11,211
2025-11-03,SKU0092,275,0.0,11,211
2025-11-10,SKU0092,165,276.0,11,211
2025-11-17,SKU0092,53,276.0,11,211
2025-11-24,SKU0092,236,0.0,11,211
2025-12-01,SKU0092,110,387.0,11,211
2025-12-08,SKU0092,385,0.0,11,211
2025-12-15,SKU0092,276,0.0,11,211
2025-12-22,SKU0092,140,352.0,11,211
2025-12-29,SKU0092,399,0.0,11,211
2024-01-01,SKU0093,92,291.0,19,452
2024-01-08,SKU0093,0,291.0,19,452
2024-01-15,SKU0093,0,291.0,19,452
2024-01-22,SKU0093,256,368.0,19,452
2024-01-29,SKU0093,159,368.0,19,452
2024-02-05,SKU0093,71,368.0,19,452
2024-02-12,SKU0093,353,386.0,19,452
2024-02-19,SKU0093,228,386.0,19,452
2024-02-26,SKU0093,113,386.0,19,452
2024-03-04,SKU0093,375,471.0,19,452
2024-03-11,SKU0093,235,471.0,19,452
2024-03-18,SKU0093,101,471.0,19,452
2024-03-25,SKU0093,423,658.0,19,452
2024-04-01,SKU0093,263,658.0,19,452
2024-04-08,SKU0093,114,658.0,19,452
2024-04-15,SKU0093,485,0.0,19,452
2024-04-22,SKU0093,308,626.0,19,452
2024-04-29,SKU0093,114,626.0,19,452
2024-05-06,SKU0093,561,0.0,19,452
2024-05-13,SKU0093,385,777.0,19,452
2024-05-20,SKU0093,201,777.0,19,452
2024-05-27,SKU0093,26,777.0,19,452
2024-06-03,SKU0093,656,0.0,19,452
2024-06-10,SKU0093,474,0.0,19,452
2024-06-17,SKU0093,298,648.0,19,452
2024-06-24,SKU0093,140,648.0,19,452
2024-07-01,SKU0093,620,0.0,19,452
2024-07-08,SKU0093,458,0.0,19,452
2024-07-15,SKU0093,293,583.0,19,452
2024-07-22,SKU0093,28,583.0,19,452
2024-07-29,SKU0093,538,0.0,19,452
2024-08-05,SKU0093,399,581.0,19,452
2024-08-12,SKU0093,283,581.0,19,452
2024-08-19,SKU0093,149,581.0,19,452
2024-08-26,SKU0093,621,0.0,19,452
2024-09-02,SKU0093,515,0.0,19,452
2024-09-09,SKU0093,346,716.0,19,452
2024-09-16,SKU0093,248,716.0,19,452
2024-09-23,SKU0093,167,716.0,19,452
2024-09-30,SKU0093,794,0.0,19,452
2024-10-07,SKU0093,724,0.0,19,452
2024-10-14,SKU0093,658,0.0,19,452
2024-10-21,SKU0093,585,0.0,19,452
2024-10-28,SKU0093,523,0.0,19,452
2024-11-04,SKU0093,457,0.0,19,452
2024-11-11,SKU0093,400,203.0,19,452
2024-11-18,SKU0093,351,203.0,19,452
2024-11-25,SKU0093,478,0.0,19,452
2024-12-02,SKU0093,403,400.0,19,452
2024-12-09,SKU0093,343,400.0,19,452
2024-12-16,SKU0093,655,0.0,19,452
2024-12-23,SKU0093,543,0.0,19,452
2024-12-30,SKU0093,472,0.0,19,452
2025-01-06,SKU0093,384,265.0,19,452
2025-01-13,SKU0093,275,265.0,19,452
2025-01-20,SKU0093,199,265.0,19,452
2025-01-27,SKU0093,368,,19,452
2025-02-03,SKU0093,261,327.0,19,452
2025-02-10,SKU0093,476,0.0,19,452
2025-02-17,SKU0093,371,412.0,19,452
2025-02-24,SKU0093,255,412.0,19,452
2025-03-03,SKU0093,537,0.0,19,452
2025-03-10,SKU0093,379,,19,452
2025-03-17,SKU0093,247,504.0,19,452
2025-03-24,SKU0093,111,504.0,19,452
2025-03-31,SKU0093,468,0.0,19,452
2025-04-07,SKU0093,317,592.0,19,452
2025-04-14,SKU0093,30,592.0,19,452
2025-04-21,SKU0093,531,0.0,19,452
2025-04-28,SKU0093,362,649.0,19,452
2025-05-05,SKU0093,192,649.0,19,452
2025-05-12,SKU0093,0,649.0,19,452
2025-05-19,SKU0093,476,0.0,19,452
2025-05-26,SKU0093,299,671.0,19,452
2025-06-02,SKU0093,113,671.0,19,452
2025-06-09,SKU0093,643,0.0,19,452
2025-06-16,SKU0093,483,0.0,19,452
2025-06-23,SKU0093,289,642.0,19,452
2025-06-30,SKU0093,132,642.0,19,452
2025-07-07,SKU0093,611,0.0,19,452
2025-07-14,SKU0093,464,0.0,19,452
2025-07-21,SKU0093,179,1134.0,19,452
2025-07-28,SKU0093,16,1134.0,19,452
2025-08-04,SKU0093,1101,0.0,19,452
2025-08-11,SKU0093,970,0.0,19,452
2025-08-18,SKU0093,835,0.0,19,452
2025-08-25,SKU0093,730,0.0,19,452
2025-09-01,SKU0093,616,0.0,19,452
2025-09-08,SKU0093,459,0.0,19,452
2025-09-15,SKU0093,329,706.0,19,452
2025-09-22,SKU0093,243,706.0,19,452
2025-09-29,SKU0093,882,0.0,19,452
2025-10-06,SKU0093,797,0.0,19,452
2025-10-13,SKU0093,728,0.0,19,452
2025-10-20,SKU0093,668,0.0,19,452
2025-10-27,SKU0093,605,0.0,19,452
2025-11-03,SKU0093,552,0.0,19,452
2025-11-10,SKU0093,503,0.0,19,452
2025-11-17,SKU0093,434,240.0,19,452
2025-11-24,SKU0093,384,240.0,19,452
2025-12-01,SKU0093,285,240.0,19,452
2025-12-08,SKU0093,467,0.0,19,452
2025-12-15,SKU0093,402,219.0,19,452
2025-12-22,SKU0093,296,219.0,19,452
2025-12-29,SKU0093,433,302.0,19,452
2024-01-01,SKU0094,43,1765.0,26,835
2024-01-08,SKU0094,0,1765.0,26,835
2024-01-15,SKU0094,0,1765.0,26,835
2024-01-22,SKU0094,0,1765.0,26,835
2024-01-29,SKU0094,1618,0.0,26,835
2024-02-05,SKU0094,1297,0.0,26,835
2024-02-12,SKU0094,978,0.0,26,835
2024-02-19,SKU0094,586,1984.0,26,835
2024-02-26,SKU0094,283,1984.0,26,835
2024-03-04,SKU0094,0,1984.0,26,835
2024-03-11,SKU0094,0,1984.0,26,835
2024-03-18,SKU0094,1621,0.0,26,835
2024-03-25,SKU0094,1239,0.0,26,835
2024-04-01,SKU0094,852,0.0,26,835
2024-04-08,SKU0094,466,2173.0,26,835
2024-04-15,SKU0094,0,2173.0,26,835
2024-04-22,SKU0094,0,2173.0,26,835
2024-04-29,SKU0094,2065,0.0,26,835
2024-05-06,SKU0094,1708,0.0,26,835
2024-05-13,SKU0094,1371,0.0,26,835
2024-05-20,SKU0094,1015,0.0,26,835
2024-05-27,SKU0094,704,1922.0,26,835
2024-06-03,SKU0094,338,1922.0,26,835
2024-06-10,SKU0094,29,1922.0,26,835
2024-06-17,SKU0094,0,1922.0,26,835
2024-06-24,SKU0094,1659,0.0,26,835
2024-07-01,SKU0094,1410,0.0,26,835
2024-07-08,SKU0094,1160,0.0,26,835
2024-07-15,SKU0094,906,0.0,26,835
2024-07-22,SKU0094,569,2125.0,26,835
2024-07-29,SKU0094,361,2125.0,26,835
2024-08-05,SKU0094,154,2125.0,26,835
2024-08-12,SKU0094,2100,0.0,26,835
2024-08-19,SKU0094,1928,0.0,26,835
2024-08-26,SKU0094,1758,0.0,26,835
2024-09-02,SKU0094,1584,0.0,26,835
2024-09-09,SKU0094,1365,0.0,26,835
2024-09-16,SKU0094,1156,0.0,26,835
2024-09-23,SKU0094,990,0.0,26,835
2024-09-30,SKU0094,836,0.0,26,835
2024-10-07,SKU0094,690,892.0,26,835
2024-10-14,SKU0094,522,892.0,26,835
2024-10-21,SKU0094,381,892.0,26,835
2024-10-28,SKU0094,1104,0.0,26,835
2024-11-04,SKU0094,948,0.0,26,835
2024-11-11,SKU0094,765,1205.0,26,835
2024-11-18,SKU0094,565,1205.0,26,835
2024-11-25,SKU0094,355,1205.0,26,835
2024-12-02,SKU0094,99,1205.0,26,835
2024-12-09,SKU0094,1060,0.0,26,835
2024-12-16,SKU0094,773,2488.0,26,835
2024-12-23,SKU0094,435,2488.0,26,835
2024-12-30,SKU0094,180,2488.0,26,835
2025-01-06,SKU0094,0,2488.0,26,835
2025-01-13,SKU0094,2322,,26,835
2025-01-20,SKU0094,2007,0.0,26,835
2025-01-27,SKU0094,1704,0.0,26,835
2025-02-03,SKU0094,1386,0.0,26,835
2025-02-10,SKU0094,1073,0.0,26,835
2025-02-17,SKU0094,746,2331.0,26,835
2025-02-24,SKU0094,421,2331.0,26,835
2025-03-03,SKU0094,53,2331.0,26,835
2025-03-10,SKU0094,0,2331.0,26,835
2025-03-17,SKU0094,2133,0.0,26,835
2025-03-24,SKU0094,1735,0.0,26,835
2025-03-31,SKU0094,1383,0.0,26,835
2025-04-07,SKU0094,986,0.0,26,835
2025-04-14,SKU0094,434,3403.0,26,835
2025-04-21,SKU0094,58,3403.0,26,835
2025-04-28,SKU0094,0,3403.0,26,835
2025-05-05,SKU0094,0,3403.0,26,835
2025-05-12,SKU0094,3050,0.0,26,835
2025-05-19,SKU0094,2717,0.0,26,835
2025-05-26,SKU0094,2384,0.0,26,835
2025-06-02,SKU0094,2088,0.0,26,835
2025-06-09,SKU0094,1775,0.0,26,835
2025-06-16,SKU0094,1481,0.0,26,835
2025-06-23,SKU0094,1186,0.0,26,835
2025-06-30,SKU0094,917,0.0,26,835
2025-07-07,SKU0094,667,1517.0,26,835
2025-07-14,SKU0094,426,1517.0,26,835
2025-07-21,SKU0094,71,1517.0,26,835
2025-07-28,SKU0094,0,1517.0,26,835
2025-08-04,SKU0094,1337,0.0,26,835
2025-08-11,SKU0094,1132,0.0,26,835
2025-08-18,SKU0094,921,0.0,26,835
2025-08-25,SKU0094,757,1199.0,26,835
2025-09-01,SKU0094,594,1199.0,26,835
2025-09-08,SKU0094,368,1199.0,26,835
2025-09-15,SKU0094,175,1199.0,26,835
2025-09-22,SKU0094,1233,,26,835
2025-09-29,SKU0094,1061,0.0,26,835
2025-10-06,SKU0094,907,0.0,26,835
2025-10-13,SKU0094,756,909.0,26,835
2025-10-20,SKU0094,595,909.0,26,835
2025-10-27,SKU0094,458,909.0,26,835
2025-11-03,SKU0094,306,909.0,26,835
2025-11-10,SKU0094,1025,0.0,26,835
2025-11-17,SKU0094,852,0.0,26,835
2025-11-24,SKU0094,653,1115.0,26,835
2025-12-01,SKU0094,379,1115.0,26,835
2025-12-08,SKU0094,194,1115.0,26,835
2025-12-15,SKU0094,1079,0.0,26,835
2025-12-22,SKU0094,743,2620.0,26,835
2025-12-29,SKU0094,466,2620.0,26,835
2024-01-01,SKU0095,60,734.0,26,742
2024-01-08,SKU0095,0,734.0,26,742
2024-01-15,SKU0095,0,,26,742
2024-01-22,SKU0095,0,734.0,26,742
2024-01-29,SKU0095,659,1072.0,26,742
2024-02-05,SKU0095,497,1072.0,26,742
2024-02-12,SKU0095,327,1072.0,26,742
2024-02-19,SKU0095,150,1072.0,26,742
2024-02-26,SKU0095,1034,0.0,26,742
2024-03-04,SKU0095,836,0.0,26,742
2024-03-11,SKU0095,608,1049.0,26,742
2024-03-18,SKU0095,400,1049.0,26,742
2024-03-25,SKU0095,155,1049.0,26,742
2024-04-01,SKU0095,0,1049.0,26,742
2024-04-08,SKU0095,815,0.0,26,742
2024-04-15,SKU0095,430,2385.0,26,742
2024-04-22,SKU0095,192,2385.0,26,742
2024-04-29,SKU0095,0,2385.0,26,742
2024-05-06,SKU0095,2360,0.0,26,742
2024-05-13,SKU0095,2118,0.0,26,742
2024-05-20,SKU0095,1883,0.0,26,742
2024-05-27,SKU0095,1611,0.0,26,742
2024-06-03,SKU0095,1351,0.0,26,742
2024-06-10,SKU0095,1089,0.0,26,742
2024-06-17,SKU0095,815,0.0,26,742
2024-06-24,SKU0095,591,1229.0,26,742
2024-07-01,SKU0095,351,1229.0,26,742
2024-07-08,SKU0095,93,1229.0,26,742
2024-07-15,SKU0095,0,1229.0,26,742
2024-07-22,SKU0095,856,0.0,26,742
2024-07-29,SKU0095,626,,26,742
2024-08-05,SKU0095,437,1046.0,26,742
2024-08-12,SKU0095,233,1046.0,26,742
2024-08-19,SKU0095,60,1046.0,26,742
2024-08-26,SKU0095,940,0.0,26,742
2024-09-02,SKU0095,762,0.0,26,742
2024-09-09,SKU0095,464,794.0,26,742
2024-09-16,SKU0095,293,794.0,26,742
2024-09-23,SKU0095,150,794.0,26,742
2024-09-30,SKU0095,831,0.0,26,742
2024-10-07,SKU0095,713,844.0,26,742
2024-10-14,SKU0095,585,844.0,26,742
2024-10-21,SKU0095,466,844.0,26,742
2024-10-28,SKU0095,346,844.0,26,742
2024-11-04,SKU0095,1078,0.0,26,742
2024-11-11,SKU0095,976,0.0,26,742
2024-11-18,SKU0095,862,0.0,26,742
2024-11-25,SKU0095,735,1047.0,26,742
2024-12-02,SKU0095,607,1047.0,26,742
2024-12-09,SKU0095,503,1047.0,26,742
2024-12-16,SKU0095,358,1047.0,26,742
2024-12-23,SKU0095,1217,0.0,26,742
2024-12-30,SKU0095,1083,0.0,26,742
2025-01-06,SKU0095,899,0.0,26,742
2025-01-13,SKU0095,698,967.0,26,742
2025-01-20,SKU0095,535,967.0,26,742
2025-01-27,SKU0095,371,967.0,26,742
2025-02-03,SKU0095,221,967.0,26,742
2025-02-10,SKU0095,997,0.0,26,742
2025-02-17,SKU0095,822,0.0,26,742
2025-02-24,SKU0095,624,953.0,26,742
2025-03-03,SKU0095,426,953.0,26,742
2025-03-10,SKU0095,224,953.0,26,742
2025-03-17,SKU0095,9,953.0,26,742
2025-03-24,SKU0095,748,0.0,26,742
2025-03-31,SKU0095,526,1153.0,26,742
2025-04-07,SKU0095,289,1153.0,26,742
2025-04-14,SKU0095,0,1153.0,26,742
2025-04-21,SKU0095,1069,0.0,26,742
2025-04-28,SKU0095,802,0.0,26,742
2025-05-05,SKU0095,524,1285.0,26,742
2025-05-12,SKU0095,269,1285.0,26,742
2025-05-19,SKU0095,27,1285.0,26,742
2025-05-26,SKU0095,1253,0.0,26,742
2025-06-02,SKU0095,971,0.0,26,742
2025-06-09,SKU0095,692,1742.0,26,742
2025-06-16,SKU0095,446,1742.0,26,742
2025-06-23,SKU0095,205,,26,742
2025-06-30,SKU0095,0,1742.0,26,742
2025-07-07,SKU0095,1579,0.0,26,742
2025-07-14,SKU0095,1357,0.0,26,742
2025-07-21,SKU0095,939,0.0,26,742
2025-07-28,SKU0095,710,1432.0,26,742
2025-08-04,SKU0095,498,1432.0,26,742
2025-08-11,SKU0095,302,1432.0,26,742
2025-08-18,SKU0095,128,1432.0,26,742
2025-08-25,SKU0095,1372,0.0,26,742
2025-09-01,SKU0095,1195,0.0,26,742
2025-09-08,SKU0095,912,0.0,26,742
2025-09-15,SKU0095,711,1004.0,26,742
2025-09-22,SKU0095,564,1004.0,26,742
2025-09-29,SKU0095,442,1004.0,26,742
2025-10-06,SKU0095,289,1004.0,26,742
2025-10-13,SKU0095,1146,0.0,26,742
2025-10-20,SKU0095,1008,0.0,26,742
2025-10-27,SKU0095,905,0.0,26,742
2025-11-03,SKU0095,801,0.0,26,742
2025-11-10,SKU0095,689,540.0,26,742
2025-11-17,SKU0095,567,540.0,26,742
2025-11-24,SKU0095,472,540.0,26,742
2025-12-01,SKU0095,300,540.0,26,742
2025-12-08,SKU0095,745,0.0,26,742
2025-12-15,SKU0095,611,569.0,26,742
2025-12-22,SKU0095,408,569.0,26,742
2025-12-29,SKU0095,267,569.0,26,742
2024-01-01,SKU0096,176,597.0,18,295
2024-01-08,SKU0096,30,597.0,18,295
2024-01-15,SKU0096,0,597.0,18,295
2024-01-22,SKU0096,522,0.0,18,295
2024-01-29,SKU0096,408,0.0,18,295
2024-02-05,SKU0096,283,575.0,18,295
2024-02-12,SKU0096,165,575.0,18,295
2024-02-19,SKU0096,18,575.0,18,295
2024-02-26,SKU0096,483,0.0,18,295
2024-03-04,SKU0096,337,0.0,18,295
2024-03-11,SKU0096,190,631.0,18,295
2024-03-18,SKU0096,31,631.0,18,295
2024-03-25,SKU0096,610,0.0,18,295
2024-04-01,SKU0096,453,0.0,18,295
2024-04-08,SKU0096,288,677.0,18,295
2024-04-15,SKU0096,113,677.0,18,295
2024-04-22,SKU0096,0,677.0,18,295
2024-04-29,SKU0096,592,0.0,18,295
2024-05-06,SKU0096,435,0.0,18,295
2024-05-13,SKU0096,257,894.0,18,295
2024-05-20,SKU0096,91,894.0,18,295
2024-05-27,SKU0096,0,894.0,18,295
2024-06-03,SKU0096,770,0.0,18,295
2024-06-10,SKU0096,601,0.0,18,295
2024-06-17,SKU0096,430,0.0,18,295
2024-06-24,SKU0096,278,672.0,18,295
2024-07-01,SKU0096,119,672.0,18,295
2024-07-08,SKU0096,0,672.0,18,295
2024-07-15,SKU0096,572,0.0,18,295
2024-07-22,SKU0096,391,0.0,18,295
2024-07-29,SKU0096,233,798.0,18,295
2024-08-05,SKU0096,82,798.0,18,295
2024-08-12,SKU0096,0,798.0,18,295
2024-08-19,SKU0096,677,,18,295
2024-08-26,SKU0096,542,0.0,18,295
2024-09-02,SKU0096,409,0.0,18,295
2024-09-09,SKU0096,267,985.0,18,295
2024-09-16,SKU0096,133,985.0,18,295
2024-09-23,SKU0096,4,985.0,18,295
2024-09-30,SKU0096,895,0.0,18,295
2024-10-07,SKU0096,787,0.0,18,295
2024-10-14,SKU0096,657,0.0,18,295
2024-10-21,SKU0096,540,0.0,18,295
2024-10-28,SKU0096,426,0.0,18,295
2024-11-04,SKU0096,299,0.0,18,295
2024-11-11,SKU0096,192,484.0,18,295
2024-11-18,SKU0096,78,484.0,18,295
2024-11-25,SKU0096,459,0.0,18,295
2024-12-02,SKU0096,334,0.0,18,295
2024-12-09,SKU0096,224,490.0,18,295
2024-12-16,SKU0096,84,490.0,18,295
2024-12-23,SKU0096,0,490.0,18,295
2024-12-30,SKU0096,386,0.0,18,295
2025-01-06,SKU0096,261,945.0,18,295
2025-01-13,SKU0096,102,945.0,18,295
2025-01-20,SKU0096,0,,18,295
2025-01-27,SKU0096,858,0.0,18,295
2025-02-03,SKU0096,724,0.0,18,295
2025-02-10,SKU0096,577,0.0,18,295
2025-02-17,SKU0096,435,0.0,18,295
2025-02-24,SKU0096,279,609.0,18,295
2025-03-03,SKU0096,141,609.0,18,295
2025-03-10,SKU0096,9,609.0,18,295
2025-03-17,SKU0096,512,0.0,18,295
2025-03-24,SKU0096,370,0.0,18,295
2025-03-31,SKU0096,195,660.0,18,295
2025-04-07,SKU0096,37,660.0,18,295
2025-04-14,SKU0096,0,660.0,18,295
2025-04-21,SKU0096,463,0.0,18,295
2025-04-28,SKU0096,297,0.0,18,295
2025-05-05,SKU0096,119,690.0,18,295
2025-05-12,SKU0096,0,690.0,18,295
2025-05-19,SKU0096,608,0.0,18,295
2025-05-26,SKU0096,443,0.0,18,295
2025-06-02,SKU0096,292,689.0,18,295
2025-06-09,SKU0096,109,689.0,18,295
2025-06-16,SKU0096,0,689.0,18,295
2025-06-23,SKU0096,598,0.0,18,295
2025-06-30,SKU0096,443,0.0,18,295
2025-07-07,SKU0096,290,652.0,18,295
2025-07-14,SKU0096,131,652.0,18,295
2025-07-21,SKU0096,0,652.0,18,295
2025-07-28,SKU0096,562,0.0,18,295
2025-08-04,SKU0096,416,0.0,18,295
2025-08-11,SKU0096,299,0.0,18,295
2025-08-18,SKU0096,166,591.0,18,295
2025-08-25,SKU0096,44,591.0,18,295
2025-09-01,SKU0096,529,0.0,18,295
2025-09-08,SKU0096,366,0.0,18,295
2025-09-15,SKU0096,220,536.0,18,295
2025-09-22,SKU0096,70,536.0,18,295
2025-09-29,SKU0096,0,536.0,18,295
2025-10-06,SKU0096,418,0.0,18,295
2025-10-13,SKU0096,307,0.0,18,295
2025-10-20,SKU0096,204,494.0,18,295
2025-10-27,SKU0096,82,494.0,18,295
2025-11-03,SKU0096,456,0.0,18,295
2025-11-10,SKU0096,336,0.0,18,295
2025-11-17,SKU0096,216,480.0,18,295
2025-11-24,SKU0096,106,480.0,18,295
2025-12-01,SKU0096,469,0.0,18,295
2025-12-08,SKU0096,334,0.0,18,295
2025-12-15,SKU0096,210,491.0,18,295
2025-12-22,SKU0096,54,,18,295
2025-12-29,SKU0096,481,0.0,18,295
2024-01-01,SKU0097,24,1582.0,23,539
2024-01-08,SKU0097,0,1582.0,23,539
2024-01-15,SKU0097,0,1582.0,23,539
2024-01-22,SKU0097,0,1582.0,23,539
2024-01-29,SKU0097,1391,0.0,23,539
2024-02-05,SKU0097,1157,0.0,23,539
2024-02-12,SKU0097,961,0.0,23,539
2024-02-19,SKU0097,746,0.0,23,539
2024-02-26,SKU0097,544,0.0,23,539
2024-03-04,SKU0097,367,1102.0,23,539
2024-03-11,SKU0097,191,1102.0,23,539
2024-03-18,SKU0097,17,1102.0,23,539
2024-03-25,SKU0097,1005,0.0,23,539
2024-04-01,SKU0097,848,0.0,23,539
2024-04-08,SKU0097,728,0.0,23,539
2024-04-15,SKU0097,566,0.0,23,539
2024-04-22,SKU0097,440,679.0,23,539
2024-04-29,SKU0097,344,679.0,23,539
2024-05-06,SKU0097,260,679.0,23,539
2024-05-13,SKU0097,853,0.0,23,539
2024-05-20,SKU0097,764,0.0,23,539
2024-05-27,SKU0097,680,0.0,23,539
2024-06-03,SKU0097,597,0.0,23,539
2024-06-10,SKU0097,529,523.0,23,539
2024-06-17,SKU0097,465,523.0,23,539
2024-06-24,SKU0097,388,523.0,23,539
2024-07-01,SKU0097,317,523.0,23,539
2024-07-08,SKU0097,791,0.0,23,539
2024-07-15,SKU0097,712,0.0,23,539
2024-07-22,SKU0097,635,0.0,23,539
2024-07-29,SKU0097,565,0.0,23,539
2024-08-05,SKU0097,489,470.0,23,539
2024-08-12,SKU0097,394,470.0,23,539
2024-08-19,SKU0097,278,470.0,23,539
2024-08-26,SKU0097,642,0.0,23,539
2024-09-02,SKU0097,520,924.0,23,539
2024-09-09,SKU0097,362,924.0,23,539
2024-09-16,SKU0097,189,924.0,23,539
2024-09-23,SKU0097,58,924.0,23,539
2024-09-30,SKU0097,851,0.0,23,539
2024-10-07,SKU0097,695,0.0,23,539
2024-10-14,SKU0097,520,1412.0,23,539
2024-10-21,SKU0097,323,1412.0,23,539
2024-10-28,SKU0097,139,1412.0,23,539
2024-11-04,SKU0097,0,1412.0,23,539
2024-11-11,SKU0097,1192,,23,539
2024-11-18,SKU0097,953,0.0,23,539
2024-11-25,SKU0097,731,,23,539
2024-12-02,SKU0097,493,1824.0,23,539
2024-12-09,SKU0097,265,1824.0,23,539
2024-12-16,SKU0097,0,1824.0,23,539
2024-12-23,SKU0097,0,1824.0,23,539
2024-12-30,SKU0097,1544,0.0,23,539
2025-01-06,SKU0097,1299,0.0,23,539
2025-01-13,SKU0097,1030,0.0,23,539
2025-01-20,SKU0097,812,0.0,23,539
2025-01-27,SKU0097,552,,23,539
2025-02-03,SKU0097,348,1284.0,23,539
2025-02-10,SKU0097,114,1284.0,23,539
2025-02-17,SKU0097,0,1284.0,23,539
2025-02-24,SKU0097,1149,0.0,23,539
2025-03-03,SKU0097,965,0.0,23,539
2025-03-10,SKU0097,797,0.0,23,539
2025-03-17,SKU0097,645,0.0,23,539
2025-03-24,SKU0097,485,1223.0,23,539
2025-03-31,SKU0097,338,1223.0,23,539
2025-04-07,SKU0097,210,1223.0,23,539
2025-04-14,SKU0097,1291,0.0,23,539
2025-04-21,SKU0097,1173,0.0,23,539
2025-04-28,SKU0097,1079,,23,539
2025-05-05,SKU0097,979,0.0,23,539
2025-05-12,SKU0097,895,0.0,23,539
2025-05-19,SKU0097,810,0.0,23,539
2025-05-26,SKU0097,730,0.0,23,539
2025-06-02,SKU0097,638,0.0,23,539
2025-06-09,SKU0097,575,0.0,23,539
2025-06-16,SKU0097,497,501.0,23,539
2025-06-23,SKU0097,446,501.0,23,539
2025-06-30,SKU0097,380,501.0,23,539
2025-07-07,SKU0097,809,0.0,23,539
2025-07-14,SKU0097,747,0.0,23,539
2025-07-21,SKU0097,656,0.0,23,539
2025-07-28,SKU0097,573,0.0,23,539
2025-08-04,SKU0097,507,635.0,23,539
2025-08-11,SKU0097,414,635.0,23,539
2025-08-18,SKU0097,322,635.0,23,539
2025-08-25,SKU0097,864,0.0,23,539
2025-09-01,SKU0097,752,0.0,23,539
2025-09-08,SKU0097,621,0.0,23,539
2025-09-15,SKU0097,484,1051.0,23,539
2025-09-22,SKU0097,334,1051.0,23,539
2025-09-29,SKU0097,176,1051.0,23,539
2025-10-06,SKU0097,1041,0.0,23,539
2025-10-13,SKU0097,858,0.0,23,539
2025-10-20,SKU0097,676,0.0,23,539
2025-10-27,SKU0097,502,1542.0,23,539
2025-11-03,SKU0097,291,1542.0,23,539
2025-11-10,SKU0097,96,1542.0,23,539
2025-11-17,SKU0097,0,1542.0,23,539
2025-11-24,SKU0097,1330,0.0,23,539
2025-12-01,SKU0097,1062,0.0,23,539
2025-12-08,SKU0097,793,0.0,23,539
2025-12-15,SKU0097,579,0.0,23,539
2025-12-22,SKU0097,242,1856.0,23,539
2025-12-29,SKU0097,0,1856.0,23,539
2024-01-01,SKU0098,100,1305.0,18,277
2024-01-08,SKU0098,0,1305.0,18,277
2024-01-15,SKU0098,0,1305.0,18,277
2024-01-22,SKU0098,1158,0.0,18,277
2024-01-29,SKU0098,911,0.0,18,277
2024-02-05,SKU0098,665,0.0,18,277
2024-02-12,SKU0098,427,0.0,18,277
2024-02-19,SKU0098,187,1437.0,18,277
2024-02-26,SKU0098,0,1437.0,18,277
2024-03-04,SKU0098,0,1437.0,18,277
2024-03-11,SKU0098,1225,0.0,18,277
2024-03-18,SKU0098,986,0.0,18,277
2024-03-25,SKU0098,756,0.0,18,277
2024-04-01,SKU0098,535,0.0,18,277
2024-04-08,SKU0098,332,0.0,18,277
2024-04-15,SKU0098,0,1967.0,18,277
2024-04-22,SKU0098,0,1967.0,18,277
2024-04-29,SKU0098,1910,0.0,18,277
2024-05-06,SKU0098,1732,0.0,18,277
2024-05-13,SKU0098,1555,0.0,18,277
2024-05-20,SKU0098,1378,0.0,18,277
2024-05-27,SKU0098,1210,0.0,18,277
2024-06-03,SKU0098,1053,0.0,18,277
2024-06-10,SKU0098,904,0.0,18,277
2024-06-17,SKU0098,760,0.0,18,277
2024-06-24,SKU0098,630,0.0,18,277
2024-07-01,SKU0098,474,0.0,18,277
2024-07-08,SKU0098,328,0.0,18,277
2024-07-15,SKU0098,180,658.0,18,277
2024-07-22,SKU0098,0,658.0,18,277
2024-07-29,SKU0098,633,0.0,18,277
2024-08-05,SKU0098,487,0.0,18,277
2024-08-12,SKU0098,339,0.0,18,277
2024-08-19,SKU0098,202,664.0,18,277
2024-08-26,SKU0098,72,664.0,18,277
2024-09-02,SKU0098,0,664.0,18,277
2024-09-09,SKU0098,419,0.0,18,277
2024-09-16,SKU0098,248,928.0,18,277
2024-09-23,SKU0098,102,928.0,18,277
2024-09-30,SKU0098,0,928.0,18,277
2024-10-07,SKU0098,801,0.0,18,277
2024-10-14,SKU0098,616,0.0,18,277
2024-10-21,SKU0098,438,0.0,18,277
2024-10-28,SKU0098,247,1142.0,18,277
2024-11-04,SKU0098,57,1142.0,18,277
2024-11-11,SKU0098,0,1142.0,18,277
2024-11-18,SKU0098,990,0.0,18,277
2024-11-25,SKU0098,765,0.0,18,277
2024-12-02,SKU0098,444,0.0,18,277
2024-12-09,SKU0098,203,1355.0,18,277
2024-12-16,SKU0098,0,1355.0,18,277
2024-12-23,SKU0098,0,1355.0,18,277
2024-12-30,SKU0098,1181,0.0,18,277
2025-01-06,SKU0098,823,0.0,18,277
2025-01-13,SKU0098,492,0.0,18,277
2025-01-20,SKU0098,258,1160.0,18,277
2025-01-27,SKU0098,21,1160.0,18,277
2025-02-03,SKU0098,0,1160.0,18,277
2025-02-10,SKU0098,1023,0.0,18,277
2025-02-17,SKU0098,764,0.0,18,277
2025-02-24,SKU0098,514,0.0,18,277
2025-03-03,SKU0098,275,1113.0,18,277
2025-03-10,SKU0098,29,1113.0,18,277
2025-03-17,SKU0098,0,1113.0,18,277
2025-03-24,SKU0098,968,0.0,18,277
2025-03-31,SKU0098,744,0.0,18,277
2025-04-07,SKU0098,550,0.0,18,277
2025-04-14,SKU0098,200,2447.0,18,277
2025-04-21,SKU0098,0,2447.0,18,277
2025-04-28,SKU0098,0,2447.0,18,277
2025-05-05,SKU0098,2307,0.0,18,277
2025-05-12,SKU0098,2106,0.0,18,277
2025-05-19,SKU0098,1927,0.0,18,277
2025-05-26,SKU0098,1766,0.0,18,277
2025-06-02,SKU0098,1605,0.0,18,277
2025-06-09,SKU0098,1438,0.0,18,277
2025-06-16,SKU0098,1271,0.0,18,277
2025-06-23,SKU0098,1112,0.0,18,277
2025-06-30,SKU0098,956,0.0,18,277
2025-07-07,SKU0098,817,0.0,18,277
2025-07-14,SKU0098,659,0.0,18,277
2025-07-21,SKU0098,334,0.0,18,277
2025-07-28,SKU0098,180,,18,277
2025-08-04,SKU0098,15,651.0,18,277
2025-08-11,SKU0098,631,0.0,18,277
2025-08-18,SKU0098,496,0.0,18,277
2025-08-25,SKU0098,359,0.0,18,277
2025-09-01,SKU0098,208,872.0,18,277
2025-09-08,SKU0098,0,872.0,18,277
2025-09-15,SKU0098,0,872.0,18,277
2025-09-22,SKU0098,750,0.0,18,277
2025-09-29,SKU0098,586,0.0,18,277
2025-10-06,SKU0098,432,0.0,18,277
2025-10-13,SKU0098,234,1062.0,18,277
2025-10-20,SKU0098,48,1062.0,18,277
2025-10-27,SKU0098,0,1062.0,18,277
2025-11-03,SKU0098,935,0.0,18,277
2025-11-10,SKU0098,737,0.0,18,277
2025-11-17,SKU0098,515,0.0,18,277
2025-11-24,SKU0098,310,0.0,18,277
2025-12-01,SKU0098,0,2079.0,18,277
2025-12-08,SKU0098,0,2079.0,18,277
2025-12-15,SKU0098,1948,0.0,18,277
2025-12-22,SKU0098,1472,0.0,18,277
2025-12-29,SKU0098,1213,0.0,18,277
2024-01-01,SKU0099,26,391.0,12,341
2024-01-08,SKU0099,0,391.0,12,341
2024-01-15,SKU0099,331,313.0,12,341
2024-01-22,SKU0099,199,313.0,12,341
2024-01-29,SKU0099,360,0.0,12,341
2024-02-05,SKU0099,261,284.0,12,341
2024-02-12,SKU0099,442,0.0,12,341
2024-02-19,SKU0099,334,255.0,12,341
2024-02-26,SKU0099,243,255.0,12,341
2024-03-04,SKU0099,399,0.0,12,341
2024-03-11,SKU0099,299,304.0,12,341
2024-03-18,SKU0099,195,304.0,12,341
2024-03-25,SKU0099,380,0.0,12,341
2024-04-01,SKU0099,274,227.0,12,341
2024-04-08,SKU0099,185,227.0,12,341
2024-04-15,SKU0099,240,474.0,12,341
2024-04-22,SKU0099,153,474.0,12,341
2024-04-29,SKU0099,534,0.0,12,341
2024-05-06,SKU0099,434,0.0,12,341
2024-05-13,SKU0099,331,257.0,12,341
2024-05-20,SKU0099,215,257.0,12,341
2024-05-27,SKU0099,361,0.0,12,341
2024-06-03,SKU0099,237,279.0,12,341
2024-06-10,SKU0099,387,0.0,12,341
2024-06-17,SKU0099,248,308.0,12,341
2024-06-24,SKU0099,116,308.0,12,341
2024-07-01,SKU0099,304,438.0,12,341
2024-07-08,SKU0099,161,438.0,12,341
2024-07-15,SKU0099,410,0.0,12,341
2024-07-22,SKU0099,126,773.0,12,341
2024-07-29,SKU0099,752,0.0,12,341
2024-08-05,SKU0099,590,0.0,12,341
2024-08-12,SKU0099,407,0.0,12,341
2024-08-19,SKU0099,214,423.0,12,341
2024-08-26,SKU0099,26,423.0,12,341
2024-09-02,SKU0099,248,571.0,12,341
2024-09-09,SKU0099,0,571.0,12,341
2024-09-16,SKU0099,432,0.0,12,341
2024-09-23,SKU0099,262,455.0,12,341
2024-09-30,SKU0099,82,455.0,12,341
2024-10-07,SKU0099,314,455.0,12,341
2024-10-14,SKU0099,100,455.0,12,341
2024-10-21,SKU0099,368,0.0,12,341
2024-10-28,SKU0099,172,447.0,12,341
2024-11-04,SKU0099,439,0.0,12,341
2024-11-11,SKU0099,260,555.0,12,341
2024-11-18,SKU0099,65,555.0,12,341
2024-11-25,SKU0099,427,0.0,12,341
2024-12-02,SKU0099,184,832.0,12,341
2024-12-09,SKU0099,846,0.0,12,341
2024-12-16,SKU0099,597,0.0,12,341
2024-12-23,SKU0099,383,0.0,12,341
2024-12-30,SKU0099,223,403.0,12,341
2025-01-06,SKU0099,460,0.0,12,341
2025-01-13,SKU0099,279,319.0,12,341
2025-01-20,SKU0099,154,319.0,12,341
2025-01-27,SKU0099,346,0.0,12,341
2025-02-03,SKU0099,237,285.0,12,341
2025-02-10,SKU0099,416,0.0,12,341
2025-02-17,SKU0099,303,332.0,12,341
2025-02-24,SKU0099,184,332.0,12,341
2025-03-03,SKU0099,397,0.0,12,341
2025-03-10,SKU0099,302,303.0,12,341
2025-03-17,SKU0099,200,303.0,12,341
2025-03-24,SKU0099,428,0.0,12,341
2025-03-31,SKU0099,319,291.0,12,341
2025-04-07,SKU0099,236,291.0,12,341
2025-04-14,SKU0099,347,0.0,12,341
2025-04-21,SKU0099,243,474.0,12,341
2025-04-28,SKU0099,601,0.0,12,341
2025-05-05,SKU0099,510,0.0,12,341
2025-05-12,SKU0099,406,0.0,12,341
2025-05-19,SKU0099,290,337.0,12,341
2025-05-26,SKU0099,180,337.0,12,341
2025-06-02,SKU0099,388,0.0,12,341
2025-06-09,SKU0099,266,292.0,12,341
2025-06-16,SKU0099,140,292.0,12,341
2025-06-23,SKU0099,292,416.0,12,341
2025-06-30,SKU0099,159,416.0,12,341
2025-07-07,SKU0099,436,0.0,12,341
2025-07-14,SKU0099,290,469.0,12,341
2025-07-21,SKU0099,0,469.0,12,341
2025-07-28,SKU0099,367,0.0,12,341
2025-08-04,SKU0099,200,395.0,12,341
2025-08-11,SKU0099,410,0.0,12,341
2025-08-18,SKU0099,219,420.0,12,341
2025-08-25,SKU0099,40,420.0,12,341
2025-09-01,SKU0099,276,567.0,12,341
2025-09-08,SKU0099,0,567.0,12,341
2025-09-15,SKU0099,418,0.0,12,341
2025-09-22,SKU0099,218,453.0,12,341
2025-09-29,SKU0099,57,453.0,12,341
2025-10-06,SKU0099,342,0.0,12,341
2025-10-13,SKU0099,156,454.0,12,341
2025-10-20,SKU0099,439,0.0,12,341
2025-10-27,SKU0099,224,445.0,12,341
2025-11-03,SKU0099,37,445.0,12,341
2025-11-10,SKU0099,298,553.0,12,341
2025-11-17,SKU0099,114,553.0,12,341
2025-11-24,SKU0099,501,0.0,12,341
2025-12-01,SKU0099,207,949.0,12,341
2025-12-08,SKU0099,34,949.0,12,341
2025-12-15,SKU0099,794,0.0,12,341
2025-12-22,SKU0099,512,0.0,12,341
2025-12-29,SKU0099,347,,12,341
2024-01-01,SKU0100,72,1273.0,28,626
2024-01-08,SKU0100,0,1273.0,28,626
2024-01-15,SKU0100,0,1273.0,28,626
2024-01-22,SKU0100,0,1273.0,28,626
2024-01-29,SKU0100,1257,0.0,28,626
2024-02-05,SKU0100,1091,0.0,28,626
2024-02-12,SKU0100,914,0.0,28,626
2024-02-19,SKU0100,726,0.0,28,626
2024-02-26,SKU0100,548,1629.0,28,626
2024-03-04,SKU0100,376,1629.0,28,626
2024-03-11,SKU0100,175,1629.0,28,626
2024-03-18,SKU0100,0,1629.0,28,626
2024-03-25,SKU0100,1534,0.0,28,626
2024-04-01,SKU0100,1324,0.0,28,626
2024-04-08,SKU0100,1102,0.0,28,626
2024-04-15,SKU0100,807,0.0,28,626
2024-04-22,SKU0100,605,1342.0,28,626
2024-04-29,SKU0100,410,1342.0,28,626
2024-05-06,SKU0100,211,1342.0,28,626
2024-05-13,SKU0100,25,1342.0,28,626
2024-05-20,SKU0100,1318,0.0,28,626
2024-05-27,SKU0100,1103,0.0,28,626
2024-06-03,SKU0100,886,0.0,28,626
2024-06-10,SKU0100,647,0.0,28,626
2024-06-17,SKU0100,422,1388.0,28,626
2024-06-24,SKU0100,172,1388.0,28,626
2024-07-01,SKU0100,0,1388.0,28,626
2024-07-08,SKU0100,0,1388.0,28,626
2024-07-15,SKU0100,1152,0.0,28,626
2024-07-22,SKU0100,893,0.0,28,626
2024-07-29,SKU0100,655,0.0,28,626
2024-08-05,SKU0100,443,1335.0,28,626
2024-08-12,SKU0100,209,1335.0,28,626
2024-08-19,SKU0100,8,1335.0,28,626
2024-08-26,SKU0100,0,1335.0,28,626
2024-09-02,SKU0100,1175,0.0,28,626
2024-09-09,SKU0100,911,0.0,28,626
2024-09-16,SKU0100,742,0.0,28,626
2024-09-23,SKU0100,554,1639.0,28,626
2024-09-30,SKU0100,364,1639.0,28,626
2024-10-07,SKU0100,187,1639.0,28,626
2024-10-14,SKU0100,12,1639.0,28,626
2024-10-21,SKU0100,1549,0.0,28,626
2024-10-28,SKU0100,1354,0.0,28,626
2024-11-04,SKU0100,1182,0.0,28,626
2024-11-11,SKU0100,1003,,28,626
2024-11-18,SKU0100,840,0.0,28,626
2024-11-25,SKU0100,659,0.0,28,626
2024-12-02,SKU0100,473,1655.0,28,626
2024-12-09,SKU0100,286,1655.0,28,626
2024-12-16,SKU0100,78,1655.0,28,626
2024-12-23,SKU0100,0,1655.0,28,626
2024-12-30,SKU0100,1480,0.0,28,626
2025-01-06,SKU0100,1273,0.0,28,626
2025-01-13,SKU0100,1096,0.0,28,626
2025-01-20,SKU0100,911,0.0,28,626
2025-01-27,SKU0100,723,0.0,28,626
2025-02-03,SKU0100,540,1577.0,28,626
2025-02-10,SKU0100,350,1577.0,28,626
2025-02-17,SKU0100,150,1577.0,28,626
2025-02-24,SKU0100,0,1577.0,28,626
2025-03-03,SKU0100,1502,0.0,28,626
2025-03-10,SKU0100,1303,0.0,28,626
2025-03-17,SKU0100,1094,0.0,28,626
2025-03-24,SKU0100,895,0.0,28,626
2025-03-31,SKU0100,691,0.0,28,626
2025-04-07,SKU0100,489,1314.0,28,626
2025-04-14,SKU0100,222,1314.0,28,626
2025-04-21,SKU0100,0,1314.0,28,626
2025-04-28,SKU0100,0,1314.0,28,626
2025-05-05,SKU0100,1161,0.0,28,626
2025-05-12,SKU0100,944,,28,626
2025-05-19,SKU0100,720,0.0,28,626
2025-05-26,SKU0100,508,1394.0,28,626
2025-06-02,SKU0100,283,1394.0,28,626
2025-06-09,SKU0100,81,1394.0,28,626
2025-06-16,SKU0100,0,1394.0,28,626
2025-06-23,SKU0100,1265,0.0,28,626
2025-06-30,SKU0100,1073,0.0,28,626
2025-07-07,SKU0100,850,0.0,28,626
2025-07-14,SKU0100,632,0.0,28,626
2025-07-21,SKU0100,320,2050.0,28,626
2025-07-28,SKU0100,119,2050.0,28,626
2025-08-04,SKU0100,0,2050.0,28,626
2025-08-11,SKU0100,0,2050.0,28,626
2025-08-18,SKU0100,1882,0.0,28,626
2025-08-25,SKU0100,1679,0.0,28,626
2025-09-01,SKU0100,1515,0.0,28,626
2025-09-08,SKU0100,1264,0.0,28,626
2025-09-15,SKU0100,1029,0.0,28,626
2025-09-22,SKU0100,846,0.0,28,626
2025-09-29,SKU0100,627,0.0,28,626
2025-10-06,SKU0100,462,1206.0,28,626
2025-10-13,SKU0100,286,1206.0,28,626
2025-10-20,SKU0100,97,1206.0,28,626
2025-10-27,SKU0100,0,1206.0,28,626
2025-11-03,SKU0100,1032,0.0,28,626
2025-11-10,SKU0100,853,0.0,28,626
2025-11-17,SKU0100,696,0.0,28,626
2025-11-24,SKU0100,533,1124.0,28,626
2025-12-01,SKU0100,316,1124.0,28,626
2025-12-08,SKU0100,158,1124.0,28,626
2025-12-15,SKU0100,0,1124.0,28,626
2025-12-22,SKU0100,935,0.0,28,626
2025-12-29,SKU0100,747,0.0,28,626
2024-01-01,SKU0101,172,0.0,17,62
2024-01-08,SKU0101,113,0.0,17,62
2024-01-15,SKU0101,47,350.0,17,62
2024-01-22,SKU0101,0,350.0,17,62
2024-01-29,SKU0101,0,350.0,17,62
2024-02-05,SKU0101,301,0.0,17,62
2024-02-12,SKU0101,243,0.0,17,62
2024-02-19,SKU0101,185,0.0,17,62
2024-02-26,SKU0101,128,0.0,17,62
2024-03-04,SKU0101,68,0.0,17,62
2024-03-11,SKU0101,8,254.0,17,62
2024-03-18,SKU0101,0,254.0,17,62
2024-03-25,SKU0101,226,0.0,17,62
2024-04-01,SKU0101,164,0.0,17,62
2024-04-08,SKU0101,111,0.0,17,62
2024-04-15,SKU0101,19,366.0,17,62
2024-04-22,SKU0101,0,366.0,17,62
2024-04-29,SKU0101,359,0.0,17,62
2024-05-06,SKU0101,301,0.0,17,62
2024-05-13,SKU0101,254,0.0,17,62
2024-05-20,SKU0101,205,,17,62
2024-05-27,SKU0101,168,0.0,17,62
2024-06-03,SKU0101,123,0.0,17,62
2024-06-10,SKU0101,84,0.0,17,62
2024-06-17,SKU0101,39,175.0,17,62
2024-06-24,SKU0101,7,175.0,17,62
2024-07-01,SKU0101,165,0.0,17,62
2024-07-08,SKU0101,123,0.0,17,62
2024-07-15,SKU0101,97,0.0,17,62
2024-07-22,SKU0101,44,338.0,17,62
2024-07-29,SKU0101,0,338.0,17,62
2024-08-05,SKU0101,0,338.0,17,62
2024-08-12,SKU0101,291,0.0,17,62
2024-08-19,SKU0101,260,0.0,17,62
2024-08-26,SKU0101,237,0.0,17,62
2024-09-02,SKU0101,203,0.0,17,62
2024-09-09,SKU0101,166,0.0,17,62
2024-09-16,SKU0101,121,0.0,17,62
2024-09-23,SKU0101,80,0.0,17,62
2024-09-30,SKU0101,35,164.0,17,62
2024-10-07,SKU0101,0,164.0,17,62
2024-10-14,SKU0101,137,0.0,17,62
2024-10-21,SKU0101,95,0.0,17,62
2024-10-28,SKU0101,50,267.0,17,62
2024-11-04,SKU0101,2,267.0,17,62
2024-11-11,SKU0101,0,267.0,17,62
2024-11-18,SKU0101,214,0.0,17,62
2024-11-25,SKU0101,158,0.0,17,62
2024-12-02,SKU0101,93,0.0,17,62
2024-12-09,SKU0101,28,229.0,17,62
2024-12-16,SKU0101,0,229.0,17,62
2024-12-23,SKU0101,221,0.0,17,62
2024-12-30,SKU0101,167,0.0,17,62
2025-01-06,SKU0101,114,0.0,17,62
2025-01-13,SKU0101,59,256.0,17,62
2025-01-20,SKU0101,3,256.0,17,62
2025-01-27,SKU0101,0,256.0,17,62
2025-02-03,SKU0101,208,0.0,17,62
2025-02-10,SKU0101,144,0.0,17,62
2025-02-17,SKU0101,99,0.0,17,62
2025-02-24,SKU0101,41,368.0,17,62
2025-03-03,SKU0101,0,368.0,17,62
2025-03-10,SKU0101,0,368.0,17,62
2025-03-17,SKU0101,313,0.0,17,62
2025-03-24,SKU0101,253,0.0,17,62
2025-03-31,SKU0101,200,0.0,17,62
2025-04-07,SKU0101,141,0.0,17,62
2025-04-14,SKU0101,69,0.0,17,62
2025-04-21,SKU0101,4,371.0,17,62
2025-04-28,SKU0101,0,371.0,17,62
2025-05-05,SKU0101,344,0.0,17,62
2025-05-12,SKU0101,284,0.0,17,62
2025-05-19,SKU0101,232,0.0,17,62
2025-05-26,SKU0101,185,0.0,17,62
2025-06-02,SKU0101,147,0.0,17,62
2025-06-09,SKU0101,104,0.0,17,62
2025-06-16,SKU0101,59,179.0,17,62
2025-06-23,SKU0101,25,179.0,17,62
2025-06-30,SKU0101,0,179.0,17,62
2025-07-07,SKU0101,153,0.0,17,62
2025-07-14,SKU0101,118,0.0,17,62
2025-07-21,SKU0101,71,0.0,17,62
2025-07-28,SKU0101,25,157.0,17,62
2025-08-04,SKU0101,0,157.0,17,62
2025-08-11,SKU0101,142,0.0,17,62
2025-08-18,SKU0101,107,0.0,17,62
2025-08-25,SKU0101,65,0.0,17,62
2025-09-01,SKU0101,25,156.0,17,62
2025-09-08,SKU0101,0,156.0,17,62
2025-09-15,SKU0101,132,0.0,17,62
2025-09-22,SKU0101,84,0.0,17,62
2025-09-29,SKU0101,48,240.0,17,62
2025-10-06,SKU0101,1,240.0,17,62
2025-10-13,SKU0101,0,240.0,17,62
2025-10-20,SKU0101,183,0.0,17,62
2025-10-27,SKU0101,137,0.0,17,62
2025-11-03,SKU0101,85,0.0,17,62
2025-11-10,SKU0101,44,291.0,17,62
2025-11-17,SKU0101,0,291.0,17,62
2025-11-24,SKU0101,0,291.0,17,62
2025-12-01,SKU0101,214,0.0,17,62
2025-12-08,SKU0101,156,0.0,17,62
2025-12-15,SKU0101,91,0.0,17,62
2025-12-22,SKU0101,8,385.0,17,62
2025-12-29,SKU0101,0,385.0,17,62
2024-01-01,SKU0102,94,974.0,18,1067
2024-01-08,SKU0102,0,974.0,18,1067
2024-01-15,SKU0102,0,974.0,18,1067
2024-01-22,SKU0102,874,776.0,18,1067
2024-01-29,SKU0102,682,776.0,18,1067
2024-02-05,SKU0102,486,776.0,18,1067
2024-02-12,SKU0102,1059,736.0,18,1067
2024-02-19,SKU0102,844,736.0,18,1067
2024-02-26,SKU0102,634,736.0,18,1067
2024-03-04,SKU0102,1182,0.0,18,1067
2024-03-11,SKU0102,960,767.0,18,1067
2024-03-18,SKU0102,752,767.0,18,1067
2024-03-25,SKU0102,573,767.0,18,1067
2024-04-01,SKU0102,1115,0.0,18,1067
2024-04-08,SKU0102,891,873.0,18,1067
2024-04-15,SKU0102,582,873.0,18,1067
2024-04-22,SKU0102,1206,0.0,18,1067
2024-04-29,SKU0102,943,1011.0,18,1067
2024-05-06,SKU0102,687,1011.0,18,1067
2024-05-13,SKU0102,381,1011.0,18,1067
2024-05-20,SKU0102,1085,0.0,18,1067
2024-05-27,SKU0102,795,1185.0,18,1067
2024-06-03,SKU0102,456,1185.0,18,1067
2024-06-10,SKU0102,1306,0.0,18,1067
2024-06-17,SKU0102,966,1716.0,18,1067
2024-06-24,SKU0102,570,1716.0,18,1067
2024-07-01,SKU0102,222,1716.0,18,1067
2024-07-08,SKU0102,1565,0.0,18,1067
2024-07-15,SKU0102,1165,0.0,18,1067
2024-07-22,SKU0102,667,2013.0,18,1067
2024-07-29,SKU0102,304,2013.0,18,1067
2024-08-05,SKU0102,1897,0.0,18,1067
2024-08-12,SKU0102,1523,0.0,18,1067
2024-08-19,SKU0102,1082,0.0,18,1067
2024-08-26,SKU0102,706,1552.0,18,1067
2024-09-02,SKU0102,321,1552.0,18,1067
2024-09-09,SKU0102,1388,0.0,18,1067
2024-09-16,SKU0102,955,1892.0,18,1067
2024-09-23,SKU0102,541,1892.0,18,1067
2024-09-30,SKU0102,155,1892.0,18,1067
2024-10-07,SKU0102,1669,0.0,18,1067
2024-10-14,SKU0102,1307,0.0,18,1067
2024-10-21,SKU0102,964,1672.0,18,1067
2024-10-28,SKU0102,650,1672.0,18,1067
2024-11-04,SKU0102,329,1672.0,18,1067
2024-11-11,SKU0102,1693,0.0,18,1067
2024-11-18,SKU0102,1418,0.0,18,1067
2024-11-25,SKU0102,1139,0.0,18,1067
2024-12-02,SKU0102,827,1412.0,18,1067
2024-12-09,SKU0102,562,1412.0,18,1067
2024-12-16,SKU0102,1700,0.0,18,1067
2024-12-23,SKU0102,1420,0.0,18,1067
2024-12-30,SKU0102,1175,0.0,18,1067
2025-01-06,SKU0102,921,838.0,18,1067
2025-01-13,SKU0102,690,838.0,18,1067
2025-01-20,SKU0102,480,838.0,18,1067
2025-01-27,SKU0102,1106,0.0,18,1067
2025-02-03,SKU0102,921,754.0,18,1067
2025-02-10,SKU0102,713,754.0,18,1067
2025-02-17,SKU0102,1259,0.0,18,1067
2025-02-24,SKU0102,1087,0.0,18,1067
2025-03-03,SKU0102,903,749.0,18,1067
2025-03-10,SKU0102,711,749.0,18,1067
2025-03-17,SKU0102,1263,0.0,18,1067
2025-03-24,SKU0102,1053,829.0,18,1067
2025-03-31,SKU0102,821,829.0,18,1067
2025-04-07,SKU0102,594,829.0,18,1067
2025-04-14,SKU0102,1118,0.0,18,1067
2025-04-21,SKU0102,852,952.0,18,1067
2025-04-28,SKU0102,588,952.0,18,1067
2025-05-05,SKU0102,1261,0.0,18,1067
2025-05-12,SKU0102,965,1407.0,18,1067
2025-05-19,SKU0102,661,1407.0,18,1067
2025-05-26,SKU0102,355,1407.0,18,1067
2025-06-02,SKU0102,1466,0.0,18,1067
2025-06-09,SKU0102,1130,0.0,18,1067
2025-06-16,SKU0102,763,1331.0,18,1067
2025-06-23,SKU0102,409,1331.0,18,1067
2025-06-30,SKU0102,1329,0.0,18,1067
2025-07-07,SKU0102,904,1850.0,18,1067
2025-07-14,SKU0102,516,1850.0,18,1067
2025-07-21,SKU0102,0,1850.0,18,1067
2025-07-28,SKU0102,1499,0.0,18,1067
2025-08-04,SKU0102,1113,0.0,18,1067
2025-08-11,SKU0102,744,1553.0,18,1067
2025-08-18,SKU0102,371,1553.0,18,1067
2025-08-25,SKU0102,1516,0.0,18,1067
2025-09-01,SKU0102,1107,0.0,18,1067
2025-09-08,SKU0102,617,1539.0,18,1067
2025-09-15,SKU0102,203,1539.0,18,1067
2025-09-22,SKU0102,1350,0.0,18,1067
2025-09-29,SKU0102,970,1829.0,18,1067
2025-10-06,SKU0102,605,1829.0,18,1067
2025-10-13,SKU0102,231,1829.0,18,1067
2025-10-20,SKU0102,1733,0.0,18,1067
2025-10-27,SKU0102,1408,0.0,18,1067
2025-11-03,SKU0102,1100,0.0,18,1067
2025-11-10,SKU0102,773,1221.0,18,1067
2025-11-17,SKU0102,481,1221.0,18,1067
2025-11-24,SKU0102,1415,0.0,18,1067
2025-12-01,SKU0102,1078,0.0,18,1067
2025-12-08,SKU0102,807,1027.0,18,1067
2025-12-15,SKU0102,541,1027.0,18,1067
2025-12-22,SKU0102,1227,0.0,18,1067
2025-12-29,SKU0102,1000,1102.0,18,1067
2024-01-01,SKU0103,151,912.0,15,269
2024-01-08,SKU0103,0,912.0,15,269
2024-01-15,SKU0103,0,912.0,15,269
2024-01-22,SKU0103,658,0.0,15,269
2024-01-29,SKU0103,395,0.0,15,269
2024-02-05,SKU0103,131,664.0,15,269
2024-02-12,SKU0103,0,664.0,15,269
2024-02-19,SKU0103,564,0.0,15,269
2024-02-26,SKU0103,339,0.0,15,269
2024-03-04,SKU0103,163,543.0,15,269
2024-03-11,SKU0103,0,543.0,15,269
2024-03-18,SKU0103,439,0.0,15,269
2024-03-25,SKU0103,313,0.0,15,269
2024-04-01,SKU0103,124,437.0,15,269
2024-04-08,SKU0103,0,437.0,15,269
2024-04-15,SKU0103,271,0.0,15,269
2024-04-22,SKU0103,149,383.0,15,269
2024-04-29,SKU0103,39,383.0,15,269
2024-05-06,SKU0103,283,0.0,15,269
2024-05-13,SKU0103,153,356.0,15,269
2024-05-20,SKU0103,6,356.0,15,269
2024-05-27,SKU0103,225,457.0,15,269
2024-06-03,SKU0103,100,457.0,15,269
2024-06-10,SKU0103,406,0.0,15,269
2024-06-17,SKU0103,271,0.0,15,269
2024-06-24,SKU0103,115,403.0,15,269
2024-07-01,SKU0103,0,403.0,15,269
2024-07-08,SKU0103,264,467.0,15,269
2024-07-15,SKU0103,75,467.0,15,269
2024-07-22,SKU0103,0,467.0,15,269
2024-07-29,SKU0103,262,553.0,15,269
2024-08-05,SKU0103,74,553.0,15,269
2024-08-12,SKU0103,0,553.0,15,269
2024-08-19,SKU0103,333,0.0,15,269
2024-08-26,SKU0103,113,658.0,15,269
2024-09-02,SKU0103,0,658.0,15,269
2024-09-09,SKU0103,365,0.0,15,269
2024-09-16,SKU0103,92,752.0,15,269
2024-09-23,SKU0103,0,752.0,15,269
2024-09-30,SKU0103,557,,15,269
2024-10-07,SKU0103,249,837.0,15,269
2024-10-14,SKU0103,0,837.0,15,269
2024-10-21,SKU0103,0,837.0,15,269
2024-10-28,SKU0103,530,0.0,15,269
2024-11-04,SKU0103,225,1123.0,15,269
2024-11-11,SKU0103,0,1123.0,15,269
2024-11-18,SKU0103,1080,0.0,15,269
2024-11-25,SKU0103,683,0.0,15,269
2024-12-02,SKU0103,313,0.0,15,269
2024-12-09,SKU0103,0,868.0,15,269
2024-12-16,SKU0103,0,868.0,15,269
2024-12-23,SKU0103,571,0.0,15,269
2024-12-30,SKU0103,247,802.0,15,269
2025-01-06,SKU0103,0,802.0,15,269
2025-01-13,SKU0103,0,802.0,15,269
2025-01-20,SKU0103,535,0.0,15,269
2025-01-27,SKU0103,283,0.0,15,269
2025-02-03,SKU0103,47,687.0,15,269
2025-02-10,SKU0103,0,687.0,15,269
2025-02-17,SKU0103,483,0.0,15,269
2025-02-24,SKU0103,311,0.0,15,269
2025-03-03,SKU0103,98,556.0,15,269
2025-03-10,SKU0103,0,556.0,15,269
2025-03-17,SKU0103,410,0.0,15,269
2025-03-24,SKU0103,249,452.0,15,269
2025-03-31,SKU0103,88,452.0,15,269
2025-04-07,SKU0103,0,452.0,15,269
2025-04-14,SKU0103,257,619.0,15,269
2025-04-21,SKU0103,96,619.0,15,269
2025-04-28,SKU0103,0,619.0,15,269
2025-05-05,SKU0103,490,0.0,15,269
2025-05-12,SKU0103,347,0.0,15,269
2025-05-19,SKU0103,209,457.0,15,269
2025-05-26,SKU0103,80,457.0,15,269
2025-06-02,SKU0103,416,0.0,15,269
2025-06-09,SKU0103,277,0.0,15,269
2025-06-16,SKU0103,129,389.0,15,269
2025-06-23,SKU0103,0,,15,269
2025-06-30,SKU0103,256,443.0,15,269
2025-07-07,SKU0103,86,443.0,15,269
2025-07-14,SKU0103,0,443.0,15,269
2025-07-21,SKU0103,145,1034.0,15,269
2025-07-28,SKU0103,0,1034.0,15,269
2025-08-04,SKU0103,963,0.0,15,269
2025-08-11,SKU0103,727,0.0,15,269
2025-08-18,SKU0103,482,0.0,15,269
2025-08-25,SKU0103,188,860.0,15,269
2025-09-01,SKU0103,0,860.0,15,269
2025-09-08,SKU0103,810,0.0,15,269
2025-09-15,SKU0103,481,0.0,15,269
2025-09-22,SKU0103,198,1006.0,15,269
2025-09-29,SKU0103,0,1006.0,15,269
2025-10-06,SKU0103,968,0.0,15,269
2025-10-13,SKU0103,685,0.0,15,269
2025-10-20,SKU0103,346,0.0,15,269
2025-10-27,SKU0103,12,874.0,15,269
2025-11-03,SKU0103,0,874.0,15,269
2025-11-10,SKU0103,638,0.0,15,269
2025-11-17,SKU0103,336,,15,269
2025-11-24,SKU0103,12,889.0,15,269
2025-12-01,SKU0103,0,889.0,15,269
2025-12-08,SKU0103,657,0.0,15,269
2025-12-15,SKU0103,322,0.0,15,269
2025-12-22,SKU0103,0,1338.0,15,269
2025-12-29,SKU0103,0,1338.0,15,269
2024-01-01,SKU0104,17,609.0,12,390
2024-01-08,SKU0104,0,609.0,12,390
2024-01-15,SKU0104,506,0.0,12,390
2024-01-22,SKU0104,331,676.0,12,390
2024-01-29,SKU0104,130,676.0,12,390
2024-02-05,SKU0104,600,0.0,12,390
2024-02-12,SKU0104,381,657.0,12,390
2024-02-19,SKU0104,147,657.0,12,390
2024-02-26,SKU0104,545,0.0,12,390
2024-03-04,SKU0104,296,873.0,12,390
2024-03-11,SKU0104,43,873.0,12,390
2024-03-18,SKU0104,662,0.0,12,390
2024-03-25,SKU0104,380,847.0,12,390
2024-04-01,SKU0104,92,847.0,12,390
2024-04-08,SKU0104,697,0.0,12,390
2024-04-15,SKU0104,131,1928.0,12,390
2024-04-22,SKU0104,0,1928.0,12,390
2024-04-29,SKU0104,1645,0.0,12,390
2024-05-06,SKU0104,1300,0.0,12,390
2024-05-13,SKU0104,982,0.0,12,390
2024-05-20,SKU0104,644,0.0,12,390
2024-05-27,SKU0104,309,1232.0,12,390
2024-06-03,SKU0104,0,1232.0,12,390
2024-06-10,SKU0104,1025,0.0,12,390
2024-06-17,SKU0104,690,0.0,12,390
2024-06-24,SKU0104,312,1236.0,12,390
2024-07-01,SKU0104,0,1236.0,12,390
2024-07-08,SKU0104,1021,0.0,12,390
2024-07-15,SKU0104,626,0.0,12,390
2024-07-22,SKU0104,58,2085.0,12,390
2024-07-29,SKU0104,0,2085.0,12,390
2024-08-05,SKU0104,1755,0.0,12,390
2024-08-12,SKU0104,1456,0.0,12,390
2024-08-19,SKU0104,1145,0.0,12,390
2024-08-26,SKU0104,827,0.0,12,390
2024-09-02,SKU0104,545,0.0,12,390
2024-09-09,SKU0104,78,1670.0,12,390
2024-09-16,SKU0104,0,1670.0,12,390
2024-09-23,SKU0104,1457,0.0,12,390
2024-09-30,SKU0104,1230,0.0,12,390
2024-10-07,SKU0104,998,0.0,12,390
2024-10-14,SKU0104,765,0.0,12,390
2024-10-21,SKU0104,558,0.0,12,390
2024-10-28,SKU0104,385,583.0,12,390
2024-11-04,SKU0104,169,583.0,12,390
2024-11-11,SKU0104,570,,12,390
2024-11-18,SKU0104,392,0.0,12,390
2024-11-25,SKU0104,202,530.0,12,390
2024-12-02,SKU0104,470,0.0,12,390
2024-12-09,SKU0104,307,513.0,12,390
2024-12-16,SKU0104,101,,12,390
2024-12-23,SKU0104,340,610.0,12,390
2024-12-30,SKU0104,151,610.0,12,390
2025-01-06,SKU0104,537,0.0,12,390
2025-01-13,SKU0104,279,1142.0,12,390
2025-01-20,SKU0104,82,1142.0,12,390
2025-01-27,SKU0104,1008,0.0,12,390
2025-02-03,SKU0104,781,0.0,12,390
2025-02-10,SKU0104,561,0.0,12,390
2025-02-17,SKU0104,316,799.0,12,390
2025-02-24,SKU0104,95,799.0,12,390
2025-03-03,SKU0104,672,0.0,12,390
2025-03-10,SKU0104,408,0.0,12,390
2025-03-17,SKU0104,139,782.0,12,390
2025-03-24,SKU0104,704,0.0,12,390
2025-03-31,SKU0104,396,0.0,12,390
2025-04-07,SKU0104,80,879.0,12,390
2025-04-14,SKU0104,671,0.0,12,390
2025-04-21,SKU0104,295,1126.0,12,390
2025-04-28,SKU0104,0,1126.0,12,390
2025-05-05,SKU0104,934,0.0,12,390
2025-05-12,SKU0104,629,0.0,12,390
2025-05-19,SKU0104,256,1215.0,12,390
2025-05-26,SKU0104,0,1215.0,12,390
2025-06-02,SKU0104,926,0.0,12,390
2025-06-09,SKU0104,600,0.0,12,390
2025-06-16,SKU0104,215,1242.0,12,390
2025-06-23,SKU0104,0,1242.0,12,390
2025-06-30,SKU0104,999,0.0,12,390
2025-07-07,SKU0104,661,0.0,12,390
2025-07-14,SKU0104,305,1194.0,12,390
2025-07-21,SKU0104,0,1194.0,12,390
2025-07-28,SKU0104,1011,0.0,12,390
2025-08-04,SKU0104,686,0.0,12,390
2025-08-11,SKU0104,373,916.0,12,390
2025-08-18,SKU0104,59,916.0,12,390
2025-08-25,SKU0104,757,0.0,12,390
2025-09-01,SKU0104,480,0.0,12,390
2025-09-08,SKU0104,38,810.0,12,390
2025-09-15,SKU0104,0,810.0,12,390
2025-09-22,SKU0104,556,0.0,12,390
2025-09-29,SKU0104,299,830.0,12,390
2025-10-06,SKU0104,64,830.0,12,390
2025-10-13,SKU0104,691,0.0,12,390
2025-10-20,SKU0104,478,0.0,12,390
2025-10-27,SKU0104,286,596.0,12,390
2025-11-03,SKU0104,88,596.0,12,390
2025-11-10,SKU0104,492,0.0,12,390
2025-11-17,SKU0104,314,539.0,12,390
2025-11-24,SKU0104,139,539.0,12,390
2025-12-01,SKU0104,408,0.0,12,390
2025-12-08,SKU0104,236,515.0,12,390
2025-12-15,SKU0104,576,0.0,12,390
2025-12-22,SKU0104,227,1075.0,12,390
2025-12-29,SKU0104,51,1075.0,12,390
2024-01-01,SKU0105,97,1072.0,14,606
2024-01-08,SKU0105,0,1072.0,14,606
2024-01-15,SKU0105,1027,0.0,14,606
2024-01-22,SKU0105,725,0.0,14,606
2024-01-29,SKU0105,425,908.0,14,606
2024-02-05,SKU0105,136,908.0,14,606
2024-02-12,SKU0105,747,0.0,14,606
2024-02-19,SKU0105,454,875.0,14,606
2024-02-26,SKU0105,170,875.0,14,606
2024-03-04,SKU0105,778,0.0,14,606
2024-03-11,SKU0105,520,1042.0,14,606
2024-03-18,SKU0105,244,1042.0,14,606
2024-03-25,SKU0105,1034,0.0,14,606
2024-04-01,SKU0105,751,0.0,14,606
2024-04-08,SKU0105,502,978.0,14,606
2024-04-15,SKU0105,114,978.0,14,606
2024-04-22,SKU0105,864,0.0,14,606
2024-04-29,SKU0105,634,0.0,14,606
2024-05-06,SKU0105,383,746.0,14,606
2024-05-13,SKU0105,148,746.0,14,606
2024-05-20,SKU0105,672,0.0,14,606
2024-05-27,SKU0105,422,724.0,14,606
2024-06-03,SKU0105,183,724.0,14,606
2024-06-10,SKU0105,682,0.0,14,606
2024-06-17,SKU0105,442,718.0,14,606
2024-06-24,SKU0105,220,718.0,14,606
2024-07-01,SKU0105,714,0.0,14,606
2024-07-08,SKU0105,461,726.0,14,606
2024-07-15,SKU0105,200,726.0,14,606
2024-07-22,SKU0105,541,927.0,14,606
2024-07-29,SKU0105,307,927.0,14,606
2024-08-05,SKU0105,973,0.0,14,606
2024-08-12,SKU0105,686,0.0,14,606
2024-08-19,SKU0105,456,779.0,14,606
2024-08-26,SKU0105,198,779.0,14,606
2024-09-02,SKU0105,723,0.0,14,606
2024-09-09,SKU0105,306,1477.0,14,606
2024-09-16,SKU0105,6,,14,606
2024-09-23,SKU0105,1278,0.0,14,606
2024-09-30,SKU0105,980,0.0,14,606
2024-10-07,SKU0105,664,0.0,14,606
2024-10-14,SKU0105,348,880.0,14,606
2024-10-21,SKU0105,61,880.0,14,606
2024-10-28,SKU0105,631,0.0,14,606
2024-11-04,SKU0105,318,911.0,14,606
2024-11-11,SKU0105,31,911.0,14,606
2024-11-18,SKU0105,630,0.0,14,606
2024-11-25,SKU0105,257,932.0,14,606
2024-12-02,SKU0105,0,932.0,14,606
2024-12-09,SKU0105,603,940.0,14,606
2024-12-16,SKU0105,216,940.0,14,606
2024-12-23,SKU0105,894,0.0,14,606
2024-12-30,SKU0105,564,935.0,14,606
2025-01-06,SKU0105,186,935.0,14,606
2025-01-13,SKU0105,897,0.0,14,606
2025-01-20,SKU0105,595,916.0,14,606
2025-01-27,SKU0105,292,916.0,14,606
2025-02-03,SKU0105,938,0.0,14,606
2025-02-10,SKU0105,666,0.0,14,606
2025-02-17,SKU0105,398,882.0,14,606
2025-02-24,SKU0105,113,882.0,14,606
2025-03-03,SKU0105,717,0.0,14,606
2025-03-10,SKU0105,457,840.0,14,606
2025-03-17,SKU0105,192,840.0,14,606
2025-03-24,SKU0105,768,0.0,14,606
2025-03-31,SKU0105,514,998.0,14,606
2025-04-07,SKU0105,224,998.0,14,606
2025-04-14,SKU0105,798,0.0,14,606
2025-04-21,SKU0105,519,954.0,14,606
2025-04-28,SKU0105,277,954.0,14,606
2025-05-05,SKU0105,969,0.0,14,606
2025-05-12,SKU0105,715,0.0,14,606
2025-05-19,SKU0105,478,731.0,14,606
2025-05-26,SKU0105,235,731.0,14,606
2025-06-02,SKU0105,720,0.0,14,606
2025-06-09,SKU0105,485,720.0,14,606
2025-06-16,SKU0105,248,720.0,14,606
2025-06-23,SKU0105,740,0.0,14,606
2025-06-30,SKU0105,535,904.0,14,606
2025-07-07,SKU0105,280,904.0,14,606
2025-07-14,SKU0105,963,0.0,14,606
2025-07-21,SKU0105,568,,14,606
2025-07-28,SKU0105,322,1345.0,14,606
2025-08-04,SKU0105,1416,0.0,14,606
2025-08-11,SKU0105,1151,0.0,14,606
2025-08-18,SKU0105,895,0.0,14,606
2025-08-25,SKU0105,651,,14,606
2025-09-01,SKU0105,373,803.0,14,606
2025-09-08,SKU0105,0,803.0,14,606
2025-09-15,SKU0105,556,1045.0,14,606
2025-09-22,SKU0105,304,1045.0,14,606
2025-09-29,SKU0105,1103,0.0,14,606
2025-10-06,SKU0105,812,0.0,14,606
2025-10-13,SKU0105,529,1108.0,14,606
2025-10-20,SKU0105,240,1108.0,14,606
2025-10-27,SKU0105,1045,0.0,14,606
2025-11-03,SKU0105,744,0.0,14,606
2025-11-10,SKU0105,436,923.0,14,606
2025-11-17,SKU0105,150,923.0,14,606
2025-11-24,SKU0105,753,0.0,14,606
2025-12-01,SKU0105,330,1696.0,14,606
2025-12-08,SKU0105,46,1696.0,14,606
2025-12-15,SKU0105,1460,0.0,14,606
2025-12-22,SKU0105,939,0.0,14,606
2025-12-29,SKU0105,606,937.0,14,606
2024-01-01,SKU0106,135,405.0,11,426
2024-01-08,SKU0106,0,405.0,11,426
2024-01-15,SKU0106,316,326.0,11,426
2024-01-22,SKU0106,197,326.0,11,426
2024-01-29,SKU0106,411,307.0,11,426
2024-02-05,SKU0106,290,,11,426
2024-02-12,SKU0106,482,0.0,11,426
2024-02-19,SKU0106,359,319.0,11,426
2024-02-26,SKU0106,242,,11,426
2024-03-04,SKU0106,418,358.0,11,426
2024-03-11,SKU0106,278,358.0,11,426
2024-03-18,SKU0106,468,0.0,11,426
2024-03-25,SKU0106,304,418.0,11,426
2024-04-01,SKU0106,552,0.0,11,426
2024-04-08,SKU0106,376,565.0,11,426
2024-04-15,SKU0106,87,565.0,11,426
2024-04-22,SKU0106,479,0.0,11,426
2024-04-29,SKU0106,246,598.0,11,426
2024-05-06,SKU0106,603,0.0,11,426
2024-05-13,SKU0106,366,,11,426
2024-05-20,SKU0106,93,786.0,11,426
2024-05-27,SKU0106,623,0.0,11,426
2024-06-03,SKU0106,362,913.0,11,426
2024-06-10,SKU0106,30,913.0,11,426
2024-06-17,SKU0106,692,0.0,11,426
2024-06-24,SKU0106,355,1015.0,11,426
2024-07-01,SKU0106,19,1015.0,11,426
2024-07-08,SKU0106,790,0.0,11,426
2024-07-15,SKU0106,417,1601.0,11,426
2024-07-22,SKU0106,0,1601.0,11,426
2024-07-29,SKU0106,1414,0.0,11,426
2024-08-05,SKU0106,1015,0.0,11,426
2024-08-12,SKU0106,640,0.0,11,426
2024-08-19,SKU0106,286,1083.0,11,426
2024-08-26,SKU0106,0,1083.0,11,426
2024-09-02,SKU0106,759,0.0,11,426
2024-09-09,SKU0106,289,1694.0,11,426
2024-09-16,SKU0106,0,1694.0,11,426
2024-09-23,SKU0106,1454,0.0,11,426
2024-09-30,SKU0106,1154,0.0,11,426
2024-10-07,SKU0106,872,0.0,11,426
2024-10-14,SKU0106,590,0.0,11,426
2024-10-21,SKU0106,351,801.0,11,426
2024-10-28,SKU0106,108,801.0,11,426
2024-11-04,SKU0106,650,0.0,11,426
2024-11-11,SKU0106,436,0.0,11,426
2024-11-18,SKU0106,259,578.0,11,426
2024-11-25,SKU0106,634,0.0,11,426
2024-12-02,SKU0106,389,534.0,11,426
2024-12-09,SKU0106,231,534.0,11,426
2024-12-16,SKU0106,600,0.0,11,426
2024-12-23,SKU0106,382,432.0,11,426
2024-12-30,SKU0106,240,432.0,11,426
2025-01-06,SKU0106,531,0.0,11,426
2025-01-13,SKU0106,383,370.0,11,426
2025-01-20,SKU0106,261,370.0,11,426
2025-01-27,SKU0106,509,0.0,11,426
2025-02-03,SKU0106,391,349.0,11,426
2025-02-10,SKU0106,283,349.0,11,426
2025-02-17,SKU0106,523,0.0,11,426
2025-02-24,SKU0106,416,380.0,11,426
2025-03-03,SKU0106,270,380.0,11,426
2025-03-10,SKU0106,515,0.0,11,426
2025-03-17,SKU0106,378,454.0,11,426
2025-03-24,SKU0106,196,454.0,11,426
2025-03-31,SKU0106,479,0.0,11,426
2025-04-07,SKU0106,304,488.0,11,426
2025-04-14,SKU0106,482,0.0,11,426
2025-04-21,SKU0106,263,557.0,11,426
2025-04-28,SKU0106,561,0.0,11,426
2025-05-05,SKU0106,334,733.0,11,426
2025-05-12,SKU0106,85,733.0,11,426
2025-05-19,SKU0106,534,0.0,11,426
2025-05-26,SKU0106,270,767.0,11,426
2025-06-02,SKU0106,0,767.0,11,426
2025-06-09,SKU0106,440,0.0,11,426
2025-06-16,SKU0106,150,857.0,11,426
2025-06-23,SKU0106,706,0.0,11,426
2025-06-30,SKU0106,369,1042.0,11,426
2025-07-07,SKU0106,26,1042.0,11,426
2025-07-14,SKU0106,804,0.0,11,426
2025-07-21,SKU0106,183,1814.0,11,426
2025-07-28,SKU0106,0,1814.0,11,426
2025-08-04,SKU0106,1520,0.0,11,426
2025-08-11,SKU0106,1136,0.0,11,426
2025-08-18,SKU0106,793,0.0,11,426
2025-08-25,SKU0106,434,0.0,11,426
2025-09-01,SKU0106,75,953.0,11,426
2025-09-08,SKU0106,732,0.0,11,426
2025-09-15,SKU0106,364,1000.0,11,426
2025-09-22,SKU0106,35,1000.0,11,426
2025-09-29,SKU0106,778,0.0,11,426
2025-10-06,SKU0106,494,0.0,11,426
2025-10-13,SKU0106,228,780.0,11,426
2025-10-20,SKU0106,779,0.0,11,426
2025-10-27,SKU0106,559,0.0,11,426
2025-11-03,SKU0106,310,651.0,11,426
2025-11-10,SKU0106,78,651.0,11,426
2025-11-17,SKU0106,507,0.0,11,426
2025-11-24,SKU0106,316,538.0,11,426
2025-12-01,SKU0106,597,0.0,11,426
2025-12-08,SKU0106,446,0.0,11,426
2025-12-15,SKU0106,288,443.0,11,426
2025-12-22,SKU0106,504,0.0,11,426
2025-12-29,SKU0106,358,376.0,11,426
2024-01-01,SKU0107,84,1404.0,22,888
2024-01-08,SKU0107,0,1404.0,22,888
2024-01-15,SKU0107,0,1404.0,22,888
2024-01-22,SKU0107,0,1404.0,22,888
2024-01-29,SKU0107,1133,0.0,22,888
2024-02-05,SKU0107,795,1875.0,22,888
2024-02-12,SKU0107,483,1875.0,22,888
2024-02-19,SKU0107,161,1875.0,22,888
2024-02-26,SKU0107,1844,0.0,22,888
2024-03-04,SKU0107,1526,0.0,22,888
2024-03-11,SKU0107,1230,0.0,22,888
2024-03-18,SKU0107,881,1460.0,22,888
2024-03-25,SKU0107,572,1460.0,22,888
2024-04-01,SKU0107,270,1460.0,22,888
2024-04-08,SKU0107,0,1460.0,22,888
2024-04-15,SKU0107,1095,0.0,22,888
2024-04-22,SKU0107,809,1704.0,22,888
2024-04-29,SKU0107,542,1704.0,22,888
2024-05-06,SKU0107,275,1704.0,22,888
2024-05-13,SKU0107,1742,0.0,22,888
2024-05-20,SKU0107,1501,0.0,22,888
2024-05-27,SKU0107,1286,0.0,22,888
2024-06-03,SKU0107,1076,0.0,22,888
2024-06-10,SKU0107,868,876.0,22,888
2024-06-17,SKU0107,674,876.0,22,888
2024-06-24,SKU0107,510,876.0,22,888
2024-07-01,SKU0107,357,876.0,22,888
2024-07-08,SKU0107,1078,0.0,22,888
2024-07-15,SKU0107,945,0.0,22,888
2024-07-22,SKU0107,803,822.0,22,888
2024-07-29,SKU0107,676,822.0,22,888
2024-08-05,SKU0107,572,822.0,22,888
2024-08-12,SKU0107,1290,0.0,22,888
2024-08-19,SKU0107,1202,0.0,22,888
2024-08-26,SKU0107,1084,0.0,22,888
2024-09-02,SKU0107,996,0.0,22,888
2024-09-09,SKU0107,866,819.0,22,888
2024-09-16,SKU0107,757,819.0,22,888
2024-09-23,SKU0107,663,819.0,22,888
2024-09-30,SKU0107,1391,0.0,22,888
2024-10-07,SKU0107,1286,0.0,22,888
2024-10-14,SKU0107,1161,0.0,22,888
2024-10-21,SKU0107,1028,0.0,22,888
2024-10-28,SKU0107,892,0.0,22,888
2024-11-04,SKU0107,741,679.0,22,888
2024-11-11,SKU0107,581,679.0,22,888
2024-11-18,SKU0107,402,679.0,22,888
2024-11-25,SKU0107,885,1289.0,22,888
2024-12-02,SKU0107,678,1289.0,22,888
2024-12-09,SKU0107,471,1289.0,22,888
2024-12-16,SKU0107,207,1289.0,22,888
2024-12-23,SKU0107,1193,0.0,22,888
2024-12-30,SKU0107,933,0.0,22,888
2025-01-06,SKU0107,623,1410.0,22,888
2025-01-13,SKU0107,288,1410.0,22,888
2025-01-20,SKU0107,24,1410.0,22,888
2025-01-27,SKU0107,1187,0.0,22,888
2025-02-03,SKU0107,898,0.0,22,888
2025-02-10,SKU0107,574,1428.0,22,888
2025-02-17,SKU0107,281,1428.0,22,888
2025-02-24,SKU0107,0,1428.0,22,888
2025-03-03,SKU0107,1172,0.0,22,888
2025-03-10,SKU0107,848,1473.0,22,888
2025-03-17,SKU0107,546,1473.0,22,888
2025-03-24,SKU0107,252,1473.0,22,888
2025-03-31,SKU0107,0,1473.0,22,888
2025-04-07,SKU0107,1178,0.0,22,888
2025-04-14,SKU0107,774,2514.0,22,888
2025-04-21,SKU0107,484,2514.0,22,888
2025-04-28,SKU0107,210,2514.0,22,888
2025-05-05,SKU0107,2481,0.0,22,888
2025-05-12,SKU0107,2211,0.0,22,888
2025-05-19,SKU0107,1983,0.0,22,888
2025-05-26,SKU0107,1737,0.0,22,888
2025-06-02,SKU0107,1551,0.0,22,888
2025-06-09,SKU0107,1358,0.0,22,888
2025-06-16,SKU0107,1151,0.0,22,888
2025-06-23,SKU0107,993,0.0,22,888
2025-06-30,SKU0107,838,946.0,22,888
2025-07-07,SKU0107,694,946.0,22,888
2025-07-14,SKU0107,574,946.0,22,888
2025-07-21,SKU0107,1356,0.0,22,888
2025-07-28,SKU0107,1216,0.0,22,888
2025-08-04,SKU0107,1104,0.0,22,888
2025-08-11,SKU0107,1004,0.0,22,888
2025-08-18,SKU0107,915,0.0,22,888
2025-08-25,SKU0107,838,439.0,22,888
2025-09-01,SKU0107,756,439.0,22,888
2025-09-08,SKU0107,630,439.0,22,888
2025-09-15,SKU0107,972,0.0,22,888
2025-09-22,SKU0107,870,610.0,22,888
2025-09-29,SKU0107,761,610.0,22,888
2025-10-06,SKU0107,647,610.0,22,888
2025-10-13,SKU0107,1145,0.0,22,888
2025-10-20,SKU0107,1035,0.0,22,888
2025-10-27,SKU0107,898,0.0,22,888
2025-11-03,SKU0107,738,669.0,22,888
2025-11-10,SKU0107,588,669.0,22,888
2025-11-17,SKU0107,445,,22,888
2025-11-24,SKU0107,941,0.0,22,888
2025-12-01,SKU0107,676,1298.0,22,888
2025-12-08,SKU0107,457,1298.0,22,888
2025-12-15,SKU0107,229,1298.0,22,888
2025-12-22,SKU0107,1222,0.0,22,888
2025-12-29,SKU0107,981,0.0,22,888
2024-01-01,SKU0108,152,756.0,19,439
2024-01-08,SKU0108,0,756.0,19,439
2024-01-15,SKU0108,0,756.0,19,439
2024-01-22,SKU0108,705,0.0,19,439
2024-01-29,SKU0108,588,0.0,19,439
2024-02-05,SKU0108,485,0.0,19,439
2024-02-12,SKU0108,386,706.0,19,439
2024-02-19,SKU0108,283,706.0,19,439
2024-02-26,SKU0108,182,706.0,19,439
2024-03-04,SKU0108,794,0.0,19,439
2024-03-11,SKU0108,689,0.0,19,439
2024-03-18,SKU0108,608,0.0,19,439
2024-03-25,SKU0108,514,0.0,19,439
2024-04-01,SKU0108,426,469.0,19,439
2024-04-08,SKU0108,348,469.0,19,439
2024-04-15,SKU0108,189,469.0,19,439
2024-04-22,SKU0108,540,0.0,19,439
2024-04-29,SKU0108,429,727.0,19,439
2024-05-06,SKU0108,305,727.0,19,439
2024-05-13,SKU0108,186,727.0,19,439
2024-05-20,SKU0108,782,0.0,19,439
2024-05-27,SKU0108,660,0.0,19,439
2024-06-03,SKU0108,536,0.0,19,439
2024-06-10,SKU0108,400,954.0,19,439
2024-06-17,SKU0108,244,954.0,19,439
2024-06-24,SKU0108,99,954.0,19,439
2024-07-01,SKU0108,898,0.0,19,439
2024-07-08,SKU0108,740,0.0,19,439
2024-07-15,SKU0108,543,0.0,19,439
2024-07-22,SKU0108,250,1679.0,19,439
2024-07-29,SKU0108,64,1679.0,19,439
2024-08-05,SKU0108,0,1679.0,19,439
2024-08-12,SKU0108,1497,0.0,19,439
2024-08-19,SKU0108,1298,0.0,19,439
2024-08-26,SKU0108,1099,0.0,19,439
2024-09-02,SKU0108,909,0.0,19,439
2024-09-09,SKU0108,557,0.0,19,439
2024-09-16,SKU0108,326,986.0,19,439
2024-09-23,SKU0108,111,986.0,19,439
2024-09-30,SKU0108,0,986.0,19,439
2024-10-07,SKU0108,795,0.0,19,439
2024-10-14,SKU0108,571,0.0,19,439
2024-10-21,SKU0108,383,1303.0,19,439
2024-10-28,SKU0108,189,1303.0,19,439
2024-11-04,SKU0108,4,1303.0,19,439
2024-11-11,SKU0108,1168,0.0,19,439
2024-11-18,SKU0108,984,0.0,19,439
2024-11-25,SKU0108,808,0.0,19,439
2024-12-02,SKU0108,553,0.0,19,439
2024-12-09,SKU0108,370,1052.0,19,439
2024-12-16,SKU0108,208,1052.0,19,439
2024-12-23,SKU0108,0,1052.0,19,439
2024-12-30,SKU0108,945,0.0,19,439
2025-01-06,SKU0108,783,0.0,19,439
2025-01-13,SKU0108,614,0.0,19,439
2025-01-20,SKU0108,505,0.0,19,439
2025-01-27,SKU0108,397,764.0,19,439
2025-02-03,SKU0108,289,764.0,19,439
2025-02-10,SKU0108,171,764.0,19,439
2025-02-17,SKU0108,828,0.0,19,439
2025-02-24,SKU0108,742,0.0,19,439
2025-03-03,SKU0108,639,0.0,19,439
2025-03-10,SKU0108,555,0.0,19,439
2025-03-17,SKU0108,441,0.0,19,439
2025-03-24,SKU0108,356,457.0,19,439
2025-03-31,SKU0108,266,457.0,19,439
2025-04-07,SKU0108,622,0.0,19,439
2025-04-14,SKU0108,434,950.0,19,439
2025-04-21,SKU0108,324,950.0,19,439
2025-04-28,SKU0108,210,950.0,19,439
2025-05-05,SKU0108,1032,0.0,19,439
2025-05-12,SKU0108,927,0.0,19,439
2025-05-19,SKU0108,800,0.0,19,439
2025-05-26,SKU0108,661,0.0,19,439
2025-06-02,SKU0108,547,0.0,19,439
2025-06-09,SKU0108,415,941.0,19,439
2025-06-16,SKU0108,283,941.0,19,439
2025-06-23,SKU0108,139,941.0,19,439
2025-06-30,SKU0108,923,0.0,19,439
2025-07-07,SKU0108,758,0.0,19,439
2025-07-14,SKU0108,584,0.0,19,439
2025-07-21,SKU0108,242,1663.0,19,439
2025-07-28,SKU0108,14,1663.0,19,439
2025-08-04,SKU0108,0,1663.0,19,439
2025-08-11,SKU0108,1471,0.0,19,439
2025-08-18,SKU0108,1273,0.0,19,439
2025-08-25,SKU0108,1056,0.0,19,439
2025-09-01,SKU0108,832,0.0,19,439
2025-09-08,SKU0108,516,0.0,19,439
2025-09-15,SKU0108,277,1915.0,19,439
2025-09-22,SKU0108,99,1915.0,19,439
2025-09-29,SKU0108,1886,0.0,19,439
2025-10-06,SKU0108,1672,0.0,19,439
2025-10-13,SKU0108,1491,,19,439
2025-10-20,SKU0108,1289,0.0,19,439
2025-10-27,SKU0108,1108,0.0,19,439
2025-11-03,SKU0108,920,0.0,19,439
2025-11-10,SKU0108,747,0.0,19,439
2025-11-17,SKU0108,571,0.0,19,439
2025-11-24,SKU0108,408,1130.0,19,439
2025-12-01,SKU0108,159,1130.0,19,439
2025-12-08,SKU0108,0,1130.0,19,439
2025-12-15,SKU0108,1013,0.0,19,439
2025-12-22,SKU0108,722,0.0,19,439
2025-12-29,SKU0108,570,0.0,19,439
2024-01-01,SKU0109,19,1264.0,28,890
2024-01-08,SKU0109,0,1264.0,28,890
2024-01-15,SKU0109,0,1264.0,28,890
2024-01-22,SKU0109,0,1264.0,28,890
2024-01-29,SKU0109,1243,0.0,28,890
2024-02-05,SKU0109,1061,0.0,28,890
2024-02-12,SKU0109,864,1484.0,28,890
2024-02-19,SKU0109,669,1484.0,28,890
2024-02-26,SKU0109,479,1484.0,28,890
2024-03-04,SKU0109,301,1484.0,28,890
2024-03-11,SKU0109,1593,0.0,28,890
2024-03-18,SKU0109,1412,0.0,28,890
2024-03-25,SKU0109,1248,0.0,28,890
2024-04-01,SKU0109,1063,0.0,28,890
2024-04-08,SKU0109,893,,28,890
2024-04-15,SKU0109,543,1020.0,28,890
2024-04-22,SKU0109,358,1020.0,28,890
2024-04-29,SKU0109,198,1020.0,28,890
2024-05-06,SKU0109,66,1020.0,28,890
2024-05-13,SKU0109,949,0.0,28,890
2024-05-20,SKU0109,793,938.0,28,890
2024-05-27,SKU0109,646,938.0,28,890
2024-06-03,SKU0109,521,938.0,28,890
2024-06-10,SKU0109,379,938.0,28,890
2024-06-17,SKU0109,1179,0.0,28,890
2024-06-24,SKU0109,1061,0.0,28,890
2024-07-01,SKU0109,935,0.0,28,890
2024-07-08,SKU0109,783,988.0,28,890
2024-07-15,SKU0109,611,988.0,28,890
2024-07-22,SKU0109,357,988.0,28,890
2024-07-29,SKU0109,222,988.0,28,890
2024-08-05,SKU0109,1063,0.0,28,890
2024-08-12,SKU0109,907,0.0,28,890
2024-08-19,SKU0109,764,854.0,28,890
2024-08-26,SKU0109,626,854.0,28,890
2024-09-02,SKU0109,509,854.0,28,890
2024-09-09,SKU0109,252,854.0,28,890
2024-09-16,SKU0109,944,0.0,28,890
2024-09-23,SKU0109,815,900.0,28,890
2024-09-30,SKU0109,653,900.0,28,890
2024-10-07,SKU0109,482,900.0,28,890
2024-10-14,SKU0109,343,900.0,28,890
2024-10-21,SKU0109,1094,0.0,28,890
2024-10-28,SKU0109,936,0.0,28,890
2024-11-04,SKU0109,752,989.0,28,890
2024-11-11,SKU0109,580,989.0,28,890
2024-11-18,SKU0109,396,989.0,28,890
2024-11-25,SKU0109,209,989.0,28,890
2024-12-02,SKU0109,955,0.0,28,890
2024-12-09,SKU0109,764,1061.0,28,890
2024-12-16,SKU0109,548,1061.0,28,890
2024-12-23,SKU0109,282,1061.0,28,890
2024-12-30,SKU0109,85,1061.0,28,890
2025-01-06,SKU0109,872,2254.0,28,890
2025-01-13,SKU0109,610,2254.0,28,890
2025-01-20,SKU0109,444,,28,890
2025-01-27,SKU0109,281,2254.0,28,890
2025-02-03,SKU0109,2361,0.0,28,890
2025-02-10,SKU0109,2197,0.0,28,890
2025-02-17,SKU0109,1988,0.0,28,890
2025-02-24,SKU0109,1811,0.0,28,890
2025-03-03,SKU0109,1640,0.0,28,890
2025-03-10,SKU0109,1475,0.0,28,890
2025-03-17,SKU0109,1295,0.0,28,890
2025-03-24,SKU0109,1112,0.0,28,890
2025-03-31,SKU0109,926,0.0,28,890
2025-04-07,SKU0109,742,1033.0,28,890
2025-04-14,SKU0109,466,1033.0,28,890
2025-04-21,SKU0109,267,1033.0,28,890
2025-04-28,SKU0109,113,1033.0,28,890
2025-05-05,SKU0109,985,0.0,28,890
2025-05-12,SKU0109,826,1271.0,28,890
2025-05-19,SKU0109,644,1271.0,28,890
2025-05-26,SKU0109,492,1271.0,28,890
2025-06-02,SKU0109,346,1271.0,28,890
2025-06-09,SKU0109,1462,0.0,28,890
2025-06-16,SKU0109,1311,0.0,28,890
2025-06-23,SKU0109,1166,0.0,28,890
2025-06-30,SKU0109,1029,0.0,28,890
2025-07-07,SKU0109,883,854.0,28,890
2025-07-14,SKU0109,730,854.0,28,890
2025-07-21,SKU0109,454,854.0,28,890
2025-07-28,SKU0109,320,854.0,28,890
2025-08-04,SKU0109,1044,0.0,28,890
2025-08-11,SKU0109,914,0.0,28,890
2025-08-18,SKU0109,786,851.0,28,890
2025-08-25,SKU0109,638,851.0,28,890
2025-09-01,SKU0109,511,851.0,28,890
2025-09-08,SKU0109,278,851.0,28,890
2025-09-15,SKU0109,952,0.0,28,890
2025-09-22,SKU0109,794,898.0,28,890
2025-09-29,SKU0109,625,898.0,28,890
2025-10-06,SKU0109,495,898.0,28,890
2025-10-13,SKU0109,363,898.0,28,890
2025-10-20,SKU0109,1096,0.0,28,890
2025-10-27,SKU0109,942,0.0,28,890
2025-11-03,SKU0109,765,984.0,28,890
2025-11-10,SKU0109,600,984.0,28,890
2025-11-17,SKU0109,430,984.0,28,890
2025-11-24,SKU0109,263,984.0,28,890
2025-12-01,SKU0109,971,0.0,28,890
2025-12-08,SKU0109,797,1058.0,28,890
2025-12-15,SKU0109,614,1058.0,28,890
2025-12-22,SKU0109,290,1058.0,28,890
2025-12-29,SKU0109,95,1058.0,28,890
2024-01-01,SKU0110,116,0.0,7,105
2024-01-08,SKU0110,0,155.0,7,105
2024-01-15,SKU0110,69,184.0,7,105
2024-01-22,SKU0110,169,0.0,7,105
2024-01-29,SKU0110,92,141.0,7,105
2024-02-05,SKU0110,151,0.0,7,105
2024-02-12,SKU0110,53,141.0,7,105
2024-02-19,SKU0110,104,142.0,7,105
2024-02-26,SKU0110,171,0.0,7,105
2024-03-04,SKU0110,89,184.0,7,105
2024-03-11,SKU0110,191,0.0,7,105
2024-03-18,SKU0110,88,157.0,7,105
2024-03-25,SKU0110,144,0.0,7,105
2024-04-01,SKU0110,43,167.0,7,105
2024-04-08,SKU0110,115,0.0,7,105
2024-04-15,SKU0110,0,179.0,7,105
2024-04-22,SKU0110,74,240.0,7,105
2024-04-29,SKU0110,203,0.0,7,105
2024-05-06,SKU0110,92,264.0,7,105
2024-05-13,SKU0110,222,0.0,7,105
2024-05-20,SKU0110,85,286.0,7,105
2024-05-27,SKU0110,259,0.0,7,105
2024-06-03,SKU0110,126,0.0,7,105
2024-06-10,SKU0110,0,250.0,7,105
2024-06-17,SKU0110,106,0.0,7,105
2024-06-24,SKU0110,0,264.0,7,105
2024-07-01,SKU0110,98,276.0,7,105
2024-07-08,SKU0110,262,0.0,7,105
2024-07-15,SKU0110,74,608.0,7,105
2024-07-22,SKU0110,584,0.0,7,105
2024-07-29,SKU0110,414,0.0,7,105
2024-08-05,SKU0110,234,0.0,7,105
2024-08-12,SKU0110,59,364.0,7,105
2024-08-19,SKU0110,306,0.0,7,105
2024-08-26,SKU0110,136,0.0,7,105
2024-09-02,SKU0110,0,287.0,7,105
2024-09-09,SKU0110,49,748.0,7,105
2024-09-16,SKU0110,702,0.0,7,105
2024-09-23,SKU0110,547,0.0,7,105
2024-09-30,SKU0110,393,0.0,7,105
2024-10-07,SKU0110,243,0.0,7,105
2024-10-14,SKU0110,120,0.0,7,105
2024-10-21,SKU0110,0,246.0,7,105
2024-10-28,SKU0110,121,0.0,7,105
2024-11-04,SKU0110,14,228.0,7,105
2024-11-11,SKU0110,135,0.0,7,105
2024-11-18,SKU0110,0,209.0,7,105
2024-11-25,SKU0110,106,0.0,7,105
2024-12-02,SKU0110,0,410.0,7,105
2024-12-09,SKU0110,298,0.0,7,105
2024-12-16,SKU0110,156,0.0,7,105
2024-12-23,SKU0110,2,358.0,7,105
2024-12-30,SKU0110,279,0.0,7,105
2025-01-06,SKU0110,169,0.0,7,105
2025-01-13,SKU0110,54,320.0,7,105
2025-01-20,SKU0110,288,0.0,7,105
2025-01-27,SKU0110,194,0.0,7,105
2025-02-03,SKU0110,127,0.0,7,105
2025-02-10,SKU0110,42,141.0,7,105
2025-02-17,SKU0110,106,0.0,7,105
2025-02-24,SKU0110,20,143.0,7,105
2025-03-03,SKU0110,82,183.0,7,105
2025-03-10,SKU0110,173,0.0,7,105
2025-03-17,SKU0110,77,195.0,7,105
2025-03-24,SKU0110,168,0.0,7,105
2025-03-31,SKU0110,64,210.0,7,105
2025-04-07,SKU0110,173,0.0,7,105
2025-04-14,SKU0110,0,388.0,7,105
2025-04-21,SKU0110,309,0.0,7,105
2025-04-28,SKU0110,186,0.0,7,105
2025-05-05,SKU0110,47,208.0,7,105
2025-05-12,SKU0110,131,0.0,7,105
2025-05-19,SKU0110,0,222.0,7,105
2025-05-26,SKU0110,97,239.0,7,105
2025-06-02,SKU0110,211,0.0,7,105
2025-06-09,SKU0110,44,,7,105
2025-06-16,SKU0110,251,0.0,7,105
2025-06-23,SKU0110,107,0.0,7,105
2025-06-30,SKU0110,0,271.0,7,105
2025-07-07,SKU0110,114,0.0,7,105
2025-07-14,SKU0110,0,282.0,7,105
2025-07-21,SKU0110,0,612.0,7,105
2025-07-28,SKU0110,489,0.0,7,105
2025-08-04,SKU0110,299,0.0,7,105
2025-08-11,SKU0110,131,0.0,7,105
2025-08-18,SKU0110,0,292.0,7,105
2025-08-25,SKU0110,162,0.0,7,105
2025-09-01,SKU0110,21,288.0,7,105
2025-09-08,SKU0110,76,601.0,7,105
2025-09-15,SKU0110,579,0.0,7,105
2025-09-22,SKU0110,430,0.0,7,105
2025-09-29,SKU0110,257,0.0,7,105
2025-10-06,SKU0110,91,257.0,7,105
2025-10-13,SKU0110,238,0.0,7,105
2025-10-20,SKU0110,117,0.0,7,105
2025-10-27,SKU0110,0,239.0,7,105
2025-11-03,SKU0110,93,223.0,7,105
2025-11-10,SKU0110,208,0.0,7,105
2025-11-17,SKU0110,90,257.0,7,105
2025-11-24,SKU0110,231,0.0,7,105
2025-12-01,SKU0110,73,237.0,7,105
2025-12-08,SKU0110,206,0.0,7,105
2025-12-15,SKU0110,94,366.0,7,105
2025-12-22,SKU0110,359,0.0,7,105
2025-12-29,SKU0110,253,0.0,7,105
2024-01-01,SKU0111,6,449.0,10,395
2024-01-08,SKU0111,0,449.0,10,395
2024-01-15,SKU0111,274,400.0,10,395
2024-01-22,SKU0111,447,0.0,10,395
2024-01-29,SKU0111,196,409.0,10,395
2024-02-05,SKU0111,380,416.0,10,395
2024-02-12,SKU0111,157,416.0,10,395
2024-02-19,SKU0111,343,519.0,10,395
2024-02-26,SKU0111,110,519.0,10,395
2024-03-04,SKU0111,401,0.0,10,395
2024-03-11,SKU0111,147,423.0,10,395
2024-03-18,SKU0111,340,520.0,10,395
2024-03-25,SKU0111,131,520.0,10,395
2024-04-01,SKU0111,409,0.0,10,395
2024-04-08,SKU0111,175,416.0,10,395
2024-04-15,SKU0111,235,1099.0,10,395
2024-04-22,SKU0111,28,1099.0,10,395
2024-04-29,SKU0111,916,0.0,10,395
2024-05-06,SKU0111,714,0.0,10,395
2024-05-13,SKU0111,509,0.0,10,395
2024-05-20,SKU0111,317,470.0,10,395
2024-05-27,SKU0111,113,470.0,10,395
2024-06-03,SKU0111,382,365.0,10,395
2024-06-10,SKU0111,191,365.0,10,395
2024-06-17,SKU0111,365,435.0,10,395
2024-06-24,SKU0111,176,435.0,10,395
2024-07-01,SKU0111,404,0.0,10,395
2024-07-08,SKU0111,200,337.0,10,395
2024-07-15,SKU0111,350,404.0,10,395
2024-07-22,SKU0111,16,404.0,10,395
2024-07-29,SKU0111,258,320.0,10,395
2024-08-05,SKU0111,398,0.0,10,395
2024-08-12,SKU0111,260,313.0,10,395
2024-08-19,SKU0111,426,,10,395
2024-08-26,SKU0111,259,308.0,10,395
2024-09-02,SKU0111,398,0.0,10,395
2024-09-09,SKU0111,76,307.0,10,395
2024-09-16,SKU0111,209,308.0,10,395
2024-09-23,SKU0111,343,310.0,10,395
2024-09-30,SKU0111,171,310.0,10,395
2024-10-07,SKU0111,301,315.0,10,395
2024-10-14,SKU0111,438,0.0,10,395
2024-10-21,SKU0111,269,323.0,10,395
2024-10-28,SKU0111,410,0.0,10,395
2024-11-04,SKU0111,222,333.0,10,395
2024-11-11,SKU0111,376,345.0,10,395
2024-11-18,SKU0111,210,345.0,10,395
2024-11-25,SKU0111,322,442.0,10,395
2024-12-02,SKU0111,49,442.0,10,395
2024-12-09,SKU0111,316,370.0,10,395
2024-12-16,SKU0111,424,0.0,10,395
2024-12-23,SKU0111,82,828.0,10,395
2024-12-30,SKU0111,711,0.0,10,395
2025-01-06,SKU0111,401,0.0,10,395
2025-01-13,SKU0111,63,870.0,10,395
2025-01-20,SKU0111,749,0.0,10,395
2025-01-27,SKU0111,526,0.0,10,395
2025-02-03,SKU0111,316,516.0,10,395
2025-02-10,SKU0111,70,516.0,10,395
2025-02-17,SKU0111,374,424.0,10,395
2025-02-24,SKU0111,125,424.0,10,395
2025-03-03,SKU0111,294,526.0,10,395
2025-03-10,SKU0111,43,526.0,10,395
2025-03-17,SKU0111,304,525.0,10,395
2025-03-24,SKU0111,69,525.0,10,395
2025-03-31,SKU0111,373,420.0,10,395
2025-04-07,SKU0111,119,420.0,10,395
2025-04-14,SKU0111,117,901.0,10,395
2025-04-21,SKU0111,874,0.0,10,395
2025-04-28,SKU0111,661,0.0,10,395
2025-05-05,SKU0111,432,0.0,10,395
2025-05-12,SKU0111,214,395.0,10,395
2025-05-19,SKU0111,408,0.0,10,395
2025-05-26,SKU0111,212,383.0,10,395
2025-06-02,SKU0111,382,370.0,10,395
2025-06-09,SKU0111,204,370.0,10,395
2025-06-16,SKU0111,381,356.0,10,395
2025-06-23,SKU0111,165,356.0,10,395
2025-06-30,SKU0111,339,425.0,10,395
2025-07-07,SKU0111,158,425.0,10,395
2025-07-14,SKU0111,396,0.0,10,395
2025-07-21,SKU0111,0,717.0,10,395
2025-07-28,SKU0111,618,0.0,10,395
2025-08-04,SKU0111,464,0.0,10,395
2025-08-11,SKU0111,267,316.0,10,395
2025-08-18,SKU0111,411,0.0,10,395
2025-08-25,SKU0111,257,312.0,10,395
2025-09-01,SKU0111,376,310.0,10,395
2025-09-08,SKU0111,84,310.0,10,395
2025-09-15,SKU0111,194,311.0,10,395
2025-09-22,SKU0111,355,387.0,10,395
2025-09-29,SKU0111,193,387.0,10,395
2025-10-06,SKU0111,408,0.0,10,395
2025-10-13,SKU0111,235,321.0,10,395
2025-10-20,SKU0111,365,406.0,10,395
2025-10-27,SKU0111,181,406.0,10,395
2025-11-03,SKU0111,418,0.0,10,395
2025-11-10,SKU0111,242,343.0,10,395
2025-11-17,SKU0111,387,354.0,10,395
2025-11-24,SKU0111,189,354.0,10,395
2025-12-01,SKU0111,213,792.0,10,395
2025-12-08,SKU0111,801,0.0,10,395
2025-12-15,SKU0111,550,0.0,10,395
2025-12-22,SKU0111,158,838.0,10,395
2025-12-29,SKU0111,774,0.0,10,395
2024-01-01,SKU0112,179,0.0,9,36
2024-01-08,SKU0112,131,0.0,9,36
2024-01-15,SKU0112,97,0.0,9,36
2024-01-22,SKU0112,60,0.0,9,36
2024-01-29,SKU0112,17,95.0,9,36
2024-02-05,SKU0112,91,0.0,9,36
2024-02-12,SKU0112,38,0.0,9,36
2024-02-19,SKU0112,0,87.0,9,36
2024-02-26,SKU0112,56,0.0,9,36
2024-03-04,SKU0112,18,94.0,9,36
2024-03-11,SKU0112,83,0.0,9,36
2024-03-18,SKU0112,28,118.0,9,36
2024-03-25,SKU0112,0,118.0,9,36
2024-04-01,SKU0112,55,0.0,9,36
2024-04-08,SKU0112,5,99.0,9,36
2024-04-15,SKU0112,55,0.0,9,36
2024-04-22,SKU0112,8,97.0,9,36
2024-04-29,SKU0112,67,0.0,9,36
2024-05-06,SKU0112,21,113.0,9,36
2024-05-13,SKU0112,110,0.0,9,36
2024-05-20,SKU0112,67,0.0,9,36
2024-05-27,SKU0112,15,85.0,9,36
2024-06-03,SKU0112,70,0.0,9,36
2024-06-10,SKU0112,32,93.0,9,36
2024-06-17,SKU0112,1,93.0,9,36
2024-06-24,SKU0112,56,0.0,9,36
2024-07-01,SKU0112,28,66.0,9,36
2024-07-08,SKU0112,66,0.0,9,36
2024-07-15,SKU0112,34,89.0,9,36
2024-07-22,SKU0112,0,89.0,9,36
2024-07-29,SKU0112,66,0.0,9,36
2024-08-05,SKU0112,40,0.0,9,36
2024-08-12,SKU0112,10,45.0,9,36
2024-08-19,SKU0112,16,40.0,9,36
2024-08-26,SKU0112,39,0.0,9,36
2024-09-02,SKU0112,28,35.0,9,36
2024-09-09,SKU0112,32,62.0,9,36
2024-09-16,SKU0112,13,62.0,9,36
2024-09-23,SKU0112,58,0.0,9,36
2024-09-30,SKU0112,38,0.0,9,36
2024-10-07,SKU0112,16,30.0,9,36
2024-10-14,SKU0112,28,37.0,9,36
2024-10-21,SKU0112,44,0.0,9,36
2024-10-28,SKU0112,34,41.0,9,36
2024-11-04,SKU0112,68,0.0,9,36
2024-11-11,SKU0112,51,0.0,9,36
2024-11-18,SKU0112,29,50.0,9,36
2024-11-25,SKU0112,62,0.0,9,36
2024-12-02,SKU0112,28,58.0,9,36
2024-12-09,SKU0112,65,0.0,9,36
2024-12-16,SKU0112,35,89.0,9,36
2024-12-23,SKU0112,0,89.0,9,36
2024-12-30,SKU0112,55,0.0,9,36
2025-01-06,SKU0112,22,82.0,9,36
2025-01-13,SKU0112,78,0.0,9,36
2025-01-20,SKU0112,46,0.0,9,36
2025-01-27,SKU0112,6,78.0,9,36
2025-02-03,SKU0112,51,0.0,9,36
2025-02-10,SKU0112,14,87.0,9,36
2025-02-17,SKU0112,73,0.0,9,36
2025-02-24,SKU0112,33,113.0,9,36
2025-03-03,SKU0112,0,113.0,9,36
2025-03-10,SKU0112,62,0.0,9,36
2025-03-17,SKU0112,3,99.0,9,36
2025-03-24,SKU0112,78,0.0,9,36
2025-03-31,SKU0112,24,,9,36
2025-04-07,SKU0112,0,121.0,9,36
2025-04-14,SKU0112,48,0.0,9,36
2025-04-21,SKU0112,0,157.0,9,36
2025-04-28,SKU0112,116,0.0,9,36
2025-05-05,SKU0112,65,0.0,9,36
2025-05-12,SKU0112,11,112.0,9,36
2025-05-19,SKU0112,105,0.0,9,36
2025-05-26,SKU0112,48,0.0,9,36
2025-06-02,SKU0112,0,85.0,9,36
2025-06-09,SKU0112,63,0.0,9,36
2025-06-16,SKU0112,17,77.0,9,36
2025-06-23,SKU0112,70,0.0,9,36
2025-06-30,SKU0112,31,82.0,9,36
2025-07-07,SKU0112,0,82.0,9,36
2025-07-14,SKU0112,50,0.0,9,36
2025-07-21,SKU0112,0,90.0,9,36
2025-07-28,SKU0112,75,0.0,9,36
2025-08-04,SKU0112,45,0.0,9,36
2025-08-11,SKU0112,21,46.0,9,36
2025-08-18,SKU0112,52,0.0,9,36
2025-08-25,SKU0112,28,47.0,9,36
2025-09-01,SKU0112,57,0.0,9,36
2025-09-08,SKU0112,31,54.0,9,36
2025-09-15,SKU0112,10,54.0,9,36
2025-09-22,SKU0112,39,0.0,9,36
2025-09-29,SKU0112,26,32.0,9,36
2025-10-06,SKU0112,42,0.0,9,36
2025-10-13,SKU0112,26,32.0,9,36
2025-10-20,SKU0112,44,0.0,9,36
2025-10-27,SKU0112,24,35.0,9,36
2025-11-03,SKU0112,44,0.0,9,36
2025-11-10,SKU0112,24,39.0,9,36
2025-11-17,SKU0112,45,0.0,9,36
2025-11-24,SKU0112,20,45.0,9,36
2025-12-01,SKU0112,39,0.0,9,36
2025-12-08,SKU0112,10,51.0,9,36
2025-12-15,SKU0112,38,0.0,9,36
2025-12-22,SKU0112,0,92.0,9,36
2025-12-29,SKU0112,67,0.0,9,36
2024-01-01,SKU0113,165,0.0,23,102
2024-01-08,SKU0113,85,874.0,23,102
2024-01-15,SKU0113,33,874.0,23,102
2024-01-22,SKU0113,0,874.0,23,102
2024-01-29,SKU0113,0,874.0,23,102
2024-02-05,SKU0113,822,0.0,23,102
2024-02-12,SKU0113,769,0.0,23,102
2024-02-19,SKU0113,716,0.0,23,102
2024-02-26,SKU0113,657,0.0,23,102
2024-03-04,SKU0113,612,0.0,23,102
2024-03-11,SKU0113,579,0.0,23,102
2024-03-18,SKU0113,538,0.0,23,102
2024-03-25,SKU0113,495,0.0,23,102
2024-04-01,SKU0113,465,0.0,23,102
2024-04-08,SKU0113,427,0.0,23,102
2024-04-15,SKU0113,372,0.0,23,102
2024-04-22,SKU0113,347,0.0,23,102
2024-04-29,SKU0113,317,0.0,23,102
2024-05-06,SKU0113,292,0.0,23,102
2024-05-13,SKU0113,267,0.0,23,102
2024-05-20,SKU0113,240,0.0,23,102
2024-05-27,SKU0113,229,0.0,23,102
2024-06-03,SKU0113,215,0.0,23,102
2024-06-10,SKU0113,201,0.0,23,102
2024-06-17,SKU0113,182,0.0,23,102
2024-06-24,SKU0113,166,0.0,23,102
2024-07-01,SKU0113,151,0.0,23,102
2024-07-08,SKU0113,137,0.0,23,102
2024-07-15,SKU0113,119,0.0,23,102
2024-07-22,SKU0113,71,229.0,23,102
2024-07-29,SKU0113,45,229.0,23,102
2024-08-05,SKU0113,27,229.0,23,102
2024-08-12,SKU0113,239,0.0,23,102
2024-08-19,SKU0113,208,0.0,23,102
2024-08-26,SKU0113,174,0.0,23,102
2024-09-02,SKU0113,142,0.0,23,102
2024-09-09,SKU0113,93,,23,102
2024-09-16,SKU0113,46,523.0,23,102
2024-09-23,SKU0113,8,523.0,23,102
2024-09-30,SKU0113,0,523.0,23,102
2024-10-07,SKU0113,467,0.0,23,102
2024-10-14,SKU0113,421,0.0,23,102
2024-10-21,SKU0113,364,0.0,23,102
2024-10-28,SKU0113,303,0.0,23,102
2024-11-04,SKU0113,251,0.0,23,102
2024-11-11,SKU0113,192,0.0,23,102
2024-11-18,SKU0113,127,0.0,23,102
2024-11-25,SKU0113,71,429.0,23,102
2024-12-02,SKU0113,6,429.0,23,102
2024-12-09,SKU0113,0,429.0,23,102
2024-12-16,SKU0113,415,0.0,23,102
2024-12-23,SKU0113,324,0.0,23,102
2024-12-30,SKU0113,269,0.0,23,102
2025-01-06,SKU0113,195,0.0,23,102
2025-01-13,SKU0113,104,0.0,23,102
2025-01-20,SKU0113,53,329.0,23,102
2025-01-27,SKU0113,0,329.0,23,102
2025-02-03,SKU0113,0,329.0,23,102
2025-02-10,SKU0113,293,0.0,23,102
2025-02-17,SKU0113,239,0.0,23,102
2025-02-24,SKU0113,200,0.0,23,102
2025-03-03,SKU0113,140,0.0,23,102
2025-03-10,SKU0113,92,322.0,23,102
2025-03-17,SKU0113,59,322.0,23,102
2025-03-24,SKU0113,12,322.0,23,102
2025-03-31,SKU0113,316,0.0,23,102
2025-04-07,SKU0113,281,0.0,23,102
2025-04-14,SKU0113,229,0.0,23,102
2025-04-21,SKU0113,199,0.0,23,102
2025-04-28,SKU0113,176,0.0,23,102
2025-05-05,SKU0113,148,0.0,23,102
2025-05-12,SKU0113,127,0.0,23,102
2025-05-19,SKU0113,102,120.0,23,102
2025-05-26,SKU0113,76,120.0,23,102
2025-06-02,SKU0113,63,120.0,23,102
2025-06-09,SKU0113,40,120.0,23,102
2025-06-16,SKU0113,138,,23,102
2025-06-23,SKU0113,126,0.0,23,102
2025-06-30,SKU0113,96,137.0,23,102
2025-07-07,SKU0113,76,137.0,23,102
2025-07-14,SKU0113,58,137.0,23,102
2025-07-21,SKU0113,16,137.0,23,102
2025-07-28,SKU0113,136,0.0,23,102
2025-08-04,SKU0113,108,0.0,23,102
2025-08-11,SKU0113,84,141.0,23,102
2025-08-18,SKU0113,58,141.0,23,102
2025-08-25,SKU0113,29,141.0,23,102
2025-09-01,SKU0113,144,0.0,23,102
2025-09-08,SKU0113,94,406.0,23,102
2025-09-15,SKU0113,47,406.0,23,102
2025-09-22,SKU0113,13,406.0,23,102
2025-09-29,SKU0113,0,406.0,23,102
2025-10-06,SKU0113,380,0.0,23,102
2025-10-13,SKU0113,320,0.0,23,102
2025-10-20,SKU0113,271,0.0,23,102
2025-10-27,SKU0113,220,0.0,23,102
2025-11-03,SKU0113,175,,23,102
2025-11-10,SKU0113,115,0.0,23,102
2025-11-17,SKU0113,54,320.0,23,102
2025-11-24,SKU0113,3,320.0,23,102
2025-12-01,SKU0113,0,320.0,23,102
2025-12-08,SKU0113,281,0.0,23,102
2025-12-15,SKU0113,233,0.0,23,102
2025-12-22,SKU0113,114,0.0,23,102
2025-12-29,SKU0113,48,,23,102
2024-08-26,SKU0114,0,1118.0,14,496
2024-09-02,SKU0114,0,1118.0,14,496
2024-09-09,SKU0114,790,0.0,14,496
2024-09-16,SKU0114,446,1375.0,14,496
2024-09-23,SKU0114,105,1375.0,14,496
2024-09-30,SKU0114,1281,0.0,14,496
2024-10-07,SKU0114,974,0.0,14,496
2024-10-14,SKU0114,678,0.0,14,496
2024-10-21,SKU0114,367,1286.0,14,496
2024-10-28,SKU0114,55,1286.0,14,496
2024-11-04,SKU0114,1152,0.0,14,496
2024-11-11,SKU0114,843,0.0,14,496
2024-11-18,SKU0114,556,0.0,14,496
2024-11-25,SKU0114,278,944.0,14,496
2024-12-02,SKU0114,0,944.0,14,496
2024-12-09,SKU0114,725,0.0,14,496
2024-12-16,SKU0114,449,1194.0,14,496
2024-12-23,SKU0114,132,1194.0,14,496
2024-12-30,SKU0114,1156,0.0,14,496
2025-01-06,SKU0114,880,,14,496
2025-01-13,SKU0114,582,0.0,14,496
2025-01-20,SKU0114,330,876.0,14,496
2025-01-27,SKU0114,77,876.0,14,496
2025-02-03,SKU0114,711,0.0,14,496
2025-02-10,SKU0114,427,1120.0,14,496
2025-02-17,SKU0114,169,1120.0,14,496
2025-02-24,SKU0114,1026,0.0,14,496
2025-03-03,SKU0114,792,0.0,14,496
2025-03-10,SKU0114,513,0.0,14,496
2025-03-17,SKU0114,236,917.0,14,496
2025-03-24,SKU0114,0,917.0,14,496
2025-03-31,SKU0114,609,0.0,14,496
2025-04-07,SKU0114,328,960.0,14,496
2025-04-14,SKU0114,0,960.0,14,496
2025-04-21,SKU0114,734,0.0,14,496
2025-04-28,SKU0114,467,1286.0,14,496
2025-05-05,SKU0114,190,1286.0,14,496
2025-05-12,SKU0114,1197,0.0,14,496
2025-05-19,SKU0114,876,0.0,14,496
2025-05-26,SKU0114,547,0.0,14,496
2025-06-02,SKU0114,201,1076.0,14,496
2025-06-09,SKU0114,0,1076.0,14,496
2025-06-16,SKU0114,793,0.0,14,496
2025-06-23,SKU0114,463,1115.0,14,496
2025-06-30,SKU0114,117,1115.0,14,496
2025-07-07,SKU0114,1079,0.0,14,496
2025-07-14,SKU0114,713,0.0,14,496
2025-07-21,SKU0114,247,1499.0,14,496
2025-07-28,SKU0114,0,1499.0,14,496
2025-08-04,SKU0114,1311,0.0,14,496
2025-08-11,SKU0114,939,0.0,14,496
2025-08-18,SKU0114,578,0.0,14,496
2025-08-25,SKU0114,245,1116.0,14,496
2025-09-01,SKU0114,0,1116.0,14,496
2025-09-08,SKU0114,798,0.0,14,496
2025-09-15,SKU0114,456,1373.0,14,496
2025-09-22,SKU0114,155,1373.0,14,496
2025-09-29,SKU0114,1273,0.0,14,496
2025-10-06,SKU0114,980,0.0,14,496
2025-10-13,SKU0114,667,0.0,14,496
2025-10-20,SKU0114,375,1285.0,14,496
2025-10-27,SKU0114,52,1285.0,14,496
2025-11-03,SKU0114,1170,0.0,14,496
2025-11-10,SKU0114,918,0.0,14,496
2025-11-17,SKU0114,625,0.0,14,496
2025-11-24,SKU0114,359,938.0,14,496
2025-12-01,SKU0114,26,938.0,14,496
2025-12-08,SKU0114,787,0.0,14,496
2025-12-15,SKU0114,518,0.0,14,496
2025-12-22,SKU0114,186,1189.0,14,496
2025-12-29,SKU0114,0,1189.0,14,496
2024-01-01,SKU0115,60,755.0,22,364
2024-01-08,SKU0115,0,755.0,22,364
2024-01-15,SKU0115,0,755.0,22,364
2024-01-22,SKU0115,0,755.0,22,364
2024-01-29,SKU0115,581,0.0,22,364
2024-02-05,SKU0115,443,0.0,22,364
2024-02-12,SKU0115,285,677.0,22,364
2024-02-19,SKU0115,135,677.0,22,364
2024-02-26,SKU0115,0,677.0,22,364
2024-03-04,SKU0115,599,0.0,22,364
2024-03-11,SKU0115,418,0.0,22,364
2024-03-18,SKU0115,223,760.0,22,364
2024-03-25,SKU0115,27,760.0,22,364
2024-04-01,SKU0115,0,760.0,22,364
2024-04-08,SKU0115,615,0.0,22,364
2024-04-15,SKU0115,340,876.0,22,364
2024-04-22,SKU0115,102,876.0,22,364
2024-04-29,SKU0115,0,876.0,22,364
2024-05-06,SKU0115,0,876.0,22,364
2024-05-13,SKU0115,651,0.0,22,364
2024-05-20,SKU0115,427,0.0,22,364
2024-05-27,SKU0115,209,1000.0,22,364
2024-06-03,SKU0115,0,1000.0,22,364
2024-06-10,SKU0115,0,,22,364
2024-06-17,SKU0115,848,0.0,22,364
2024-06-24,SKU0115,622,0.0,22,364
2024-07-01,SKU0115,379,0.0,22,364
2024-07-08,SKU0115,104,1075.0,22,364
2024-07-15,SKU0115,0,1075.0,22,364
2024-07-22,SKU0115,0,1075.0,22,364
2024-07-29,SKU0115,881,0.0,22,364
2024-08-05,SKU0115,636,0.0,22,364
2024-08-12,SKU0115,400,0.0,22,364
2024-08-19,SKU0115,169,1047.0,22,364
2024-08-26,SKU0115,0,1047.0,22,364
2024-09-02,SKU0115,0,1047.0,22,364
2024-09-09,SKU0115,808,0.0,22,364
2024-09-16,SKU0115,552,0.0,22,364
2024-09-23,SKU0115,310,,22,364
2024-09-30,SKU0115,106,,22,364
2024-10-07,SKU0115,0,1060.0,22,364
2024-10-14,SKU0115,1030,0.0,22,364
2024-10-21,SKU0115,825,0.0,22,364
2024-10-28,SKU0115,673,0.0,22,364
2024-11-04,SKU0115,482,0.0,22,364
2024-11-11,SKU0115,299,870.0,22,364
2024-11-18,SKU0115,123,870.0,22,364
2024-11-25,SKU0115,0,870.0,22,364
2024-12-02,SKU0115,827,0.0,22,364
2024-12-09,SKU0115,674,0.0,22,364
2024-12-16,SKU0115,493,0.0,22,364
2024-12-23,SKU0115,317,760.0,22,364
2024-12-30,SKU0115,145,760.0,22,364
2025-01-06,SKU0115,0,760.0,22,364
2025-01-13,SKU0115,721,0.0,22,364
2025-01-20,SKU0115,556,0.0,22,364
2025-01-27,SKU0115,380,0.0,22,364
2025-02-03,SKU0115,208,670.0,22,364
2025-02-10,SKU0115,74,670.0,22,364
2025-02-17,SKU0115,0,670.0,22,364
2025-02-24,SKU0115,524,0.0,22,364
2025-03-03,SKU0115,373,0.0,22,364
2025-03-10,SKU0115,171,740.0,22,364
2025-03-17,SKU0115,0,740.0,22,364
2025-03-24,SKU0115,0,740.0,22,364
2025-03-31,SKU0115,571,0.0,22,364
2025-04-07,SKU0115,367,0.0,22,364
2025-04-14,SKU0115,57,858.0,22,364
2025-04-21,SKU0115,0,858.0,22,364
2025-04-28,SKU0115,0,858.0,22,364
2025-05-05,SKU0115,680,0.0,22,364
2025-05-12,SKU0115,468,0.0,22,364
2025-05-19,SKU0115,242,989.0,22,364
2025-05-26,SKU0115,18,989.0,22,364
2025-06-02,SKU0115,0,989.0,22,364
2025-06-09,SKU0115,879,0.0,22,364
2025-06-16,SKU0115,657,0.0,22,364
2025-06-23,SKU0115,380,0.0,22,364
2025-06-30,SKU0115,137,1075.0,22,364
2025-07-07,SKU0115,0,1075.0,22,364
2025-07-14,SKU0115,0,1075.0,22,364
2025-07-21,SKU0115,712,0.0,22,364
2025-07-28,SKU0115,456,0.0,22,364
2025-08-04,SKU0115,232,1075.0,22,364
2025-08-11,SKU0115,0,1075.0,22,364
2025-08-18,SKU0115,0,1075.0,22,364
2025-08-25,SKU0115,928,0.0,22,364
2025-09-01,SKU0115,710,0.0,22,364
2025-09-08,SKU0115,419,0.0,22,364
2025-09-15,SKU0115,162,1534.0,22,364
2025-09-22,SKU0115,0,1534.0,22,364
2025-09-29,SKU0115,0,1534.0,22,364
2025-10-06,SKU0115,1347,0.0,22,364
2025-10-13,SKU0115,1143,0.0,22,364
2025-10-20,SKU0115,958,0.0,22,364
2025-10-27,SKU0115,747,0.0,22,364
2025-11-03,SKU0115,570,0.0,22,364
2025-11-10,SKU0115,407,0.0,22,364
2025-11-17,SKU0115,225,769.0,22,364
2025-11-24,SKU0115,57,769.0,22,364
2025-12-01,SKU0115,0,769.0,22,364
2025-12-08,SKU0115,646,0.0,22,364
2025-12-15,SKU0115,475,0.0,22,364
2025-12-22,SKU0115,268,1061.0,22,364
2025-12-29,SKU0115,133,1061.0,22,364
2024-01-01,SKU0116,99,506.0,26,180
2024-01-08,SKU0116,15,506.0,26,180
2024-01-15,SKU0116,0,506.0,26,180
2024-01-22,SKU0116,0,506.0,26,180
2024-01-29,SKU0116,469,0.0,26,180
2024-02-05,SKU0116,386,0.0,26,180
2024-02-12,SKU0116,328,0.0,26,180
2024-02-19,SKU0116,264,0.0,26,180
2024-02-26,SKU0116,199,0.0,26,180
2024-03-04,SKU0116,121,459.0,26,180
2024-03-11,SKU0116,50,459.0,26,180
2024-03-18,SKU0116,0,459.0,26,180
2024-03-25,SKU0116,446,,26,180
2024-04-01,SKU0116,394,0.0,26,180
2024-04-08,SKU0116,340,0.0,26,180
2024-04-15,SKU0116,239,0.0,26,180
2024-04-22,SKU0116,174,410.0,26,180
2024-04-29,SKU0116,110,410.0,26,180
2024-05-06,SKU0116,56,410.0,26,180
2024-05-13,SKU0116,0,410.0,26,180
2024-05-20,SKU0116,393,0.0,26,180
2024-05-27,SKU0116,336,0.0,26,180
2024-06-03,SKU0116,295,0.0,26,180
2024-06-10,SKU0116,242,0.0,26,180
2024-06-17,SKU0116,186,0.0,26,180
2024-06-24,SKU0116,126,330.0,26,180
2024-07-01,SKU0116,82,330.0,26,180
2024-07-08,SKU0116,42,330.0,26,180
2024-07-15,SKU0116,322,0.0,26,180
2024-07-22,SKU0116,258,0.0,26,180
2024-07-29,SKU0116,212,0.0,26,180
2024-08-05,SKU0116,163,341.0,26,180
2024-08-12,SKU0116,110,341.0,26,180
2024-08-19,SKU0116,65,341.0,26,180
2024-08-26,SKU0116,22,341.0,26,180
2024-09-02,SKU0116,326,0.0,26,180
2024-09-09,SKU0116,261,0.0,26,180
2024-09-16,SKU0116,214,0.0,26,180
2024-09-23,SKU0116,169,357.0,26,180
2024-09-30,SKU0116,113,357.0,26,180
2024-10-07,SKU0116,65,357.0,26,180
2024-10-14,SKU0116,19,357.0,26,180
2024-10-21,SKU0116,325,,26,180
2024-10-28,SKU0116,270,0.0,26,180
2024-11-04,SKU0116,214,0.0,26,180
2024-11-11,SKU0116,165,363.0,26,180
2024-11-18,SKU0116,114,363.0,26,180
2024-11-25,SKU0116,72,363.0,26,180
2024-12-02,SKU0116,11,363.0,26,180
2024-12-09,SKU0116,325,0.0,26,180
2024-12-16,SKU0116,252,0.0,26,180
2024-12-23,SKU0116,173,492.0,26,180
2024-12-30,SKU0116,122,492.0,26,180
2025-01-06,SKU0116,44,492.0,26,180
2025-01-13,SKU0116,0,492.0,26,180
2025-01-20,SKU0116,455,0.0,26,180
2025-01-27,SKU0116,386,0.0,26,180
2025-02-03,SKU0116,321,0.0,26,180
2025-02-10,SKU0116,267,0.0,26,180
2025-02-17,SKU0116,202,0.0,26,180
2025-02-24,SKU0116,144,453.0,26,180
2025-03-03,SKU0116,67,453.0,26,180
2025-03-10,SKU0116,0,453.0,26,180
2025-03-17,SKU0116,0,453.0,26,180
2025-03-24,SKU0116,389,0.0,26,180
2025-03-31,SKU0116,319,0.0,26,180
2025-04-07,SKU0116,263,0.0,26,180
2025-04-14,SKU0116,184,0.0,26,180
2025-04-21,SKU0116,120,571.0,26,180
2025-04-28,SKU0116,57,571.0,26,180
2025-05-05,SKU0116,0,571.0,26,180
2025-05-12,SKU0116,553,0.0,26,180
2025-05-19,SKU0116,511,0.0,26,180
2025-05-26,SKU0116,455,0.0,26,180
2025-06-02,SKU0116,400,0.0,26,180
2025-06-09,SKU0116,349,0.0,26,180
2025-06-16,SKU0116,309,0.0,26,180
2025-06-23,SKU0116,266,0.0,26,180
2025-06-30,SKU0116,227,0.0,26,180
2025-07-07,SKU0116,182,0.0,26,180
2025-07-14,SKU0116,125,300.0,26,180
2025-07-21,SKU0116,69,300.0,26,180
2025-07-28,SKU0116,23,300.0,26,180
2025-08-04,SKU0116,289,0.0,26,180
2025-08-11,SKU0116,256,0.0,26,180
2025-08-18,SKU0116,211,0.0,26,180
2025-08-25,SKU0116,176,283.0,26,180
2025-09-01,SKU0116,132,283.0,26,180
2025-09-08,SKU0116,72,283.0,26,180
2025-09-15,SKU0116,33,283.0,26,180
2025-09-22,SKU0116,267,,26,180
2025-09-29,SKU0116,210,0.0,26,180
2025-10-06,SKU0116,176,312.0,26,180
2025-10-13,SKU0116,116,312.0,26,180
2025-10-20,SKU0116,68,312.0,26,180
2025-10-27,SKU0116,16,312.0,26,180
2025-11-03,SKU0116,287,0.0,26,180
2025-11-10,SKU0116,232,0.0,26,180
2025-11-17,SKU0116,165,427.0,26,180
2025-11-24,SKU0116,104,427.0,26,180
2025-12-01,SKU0116,47,427.0,26,180
2025-12-08,SKU0116,0,427.0,26,180
2025-12-15,SKU0116,384,0.0,26,180
2025-12-22,SKU0116,300,0.0,26,180
2025-12-29,SKU0116,239,0.0,26,180
2024-01-01,SKU0117,109,302.0,26,349
2024-01-08,SKU0117,42,302.0,26,349
2024-01-15,SKU0117,0,302.0,26,349
2024-01-22,SKU0117,0,302.0,26,349
2024-01-29,SKU0117,278,368.0,26,349
2024-02-05,SKU0117,218,368.0,26,349
2024-02-12,SKU0117,154,368.0,26,349
2024-02-19,SKU0117,92,368.0,26,349
2024-02-26,SKU0117,394,0.0,26,349
2024-03-04,SKU0117,351,0.0,26,349
2024-03-11,SKU0117,275,365.0,26,349
2024-03-18,SKU0117,200,365.0,26,349
2024-03-25,SKU0117,129,365.0,26,349
2024-04-01,SKU0117,418,0.0,26,349
2024-04-08,SKU0117,324,,26,349
2024-04-15,SKU0117,201,652.0,26,349
2024-04-22,SKU0117,107,652.0,26,349
2024-04-29,SKU0117,6,652.0,26,349
2024-05-06,SKU0117,585,0.0,26,349
2024-05-13,SKU0117,485,0.0,26,349
2024-05-20,SKU0117,382,0.0,26,349
2024-05-27,SKU0117,260,647.0,26,349
2024-06-03,SKU0117,158,647.0,26,349
2024-06-10,SKU0117,26,647.0,26,349
2024-06-17,SKU0117,0,647.0,26,349
2024-06-24,SKU0117,535,0.0,26,349
2024-07-01,SKU0117,410,0.0,26,349
2024-07-08,SKU0117,298,954.0,26,349
2024-07-15,SKU0117,174,954.0,26,349
2024-07-22,SKU0117,0,954.0,26,349
2024-07-29,SKU0117,0,954.0,26,349
2024-08-05,SKU0117,868,0.0,26,349
2024-08-12,SKU0117,749,0.0,26,349
2024-08-19,SKU0117,658,0.0,26,349
2024-08-26,SKU0117,543,0.0,26,349
2024-09-02,SKU0117,436,0.0,26,349
2024-09-09,SKU0117,296,1213.0,26,349
2024-09-16,SKU0117,187,1213.0,26,349
2024-09-23,SKU0117,97,1213.0,26,349
2024-09-30,SKU0117,16,1213.0,26,349
2024-10-07,SKU0117,1146,0.0,26,349
2024-10-14,SKU0117,1067,0.0,26,349
2024-10-21,SKU0117,987,0.0,26,349
2024-10-28,SKU0117,910,0.0,26,349
2024-11-04,SKU0117,833,0.0,26,349
2024-11-11,SKU0117,758,0.0,26,349
2024-11-18,SKU0117,691,0.0,26,349
2024-11-25,SKU0117,635,0.0,26,349
2024-12-02,SKU0117,583,0.0,26,349
2024-12-09,SKU0117,537,0.0,26,349
2024-12-16,SKU0117,477,0.0,26,349
2024-12-23,SKU0117,418,0.0,26,349
2024-12-30,SKU0117,371,0.0,26,349
2025-01-06,SKU0117,325,347.0,26,349
2025-01-13,SKU0117,265,347.0,26,349
2025-01-20,SKU0117,221,347.0,26,349
2025-01-27,SKU0117,165,347.0,26,349
2025-02-03,SKU0117,452,0.0,26,349
2025-02-10,SKU0117,414,0.0,26,349
2025-02-17,SKU0117,352,0.0,26,349
2025-02-24,SKU0117,285,318.0,26,349
2025-03-03,SKU0117,224,318.0,26,349
2025-03-10,SKU0117,163,318.0,26,349
2025-03-17,SKU0117,415,0.0,26,349
2025-03-24,SKU0117,338,430.0,26,349
2025-03-31,SKU0117,243,430.0,26,349
2025-04-07,SKU0117,169,430.0,26,349
2025-04-14,SKU0117,46,430.0,26,349
2025-04-21,SKU0117,376,0.0,26,349
2025-04-28,SKU0117,281,549.0,26,349
2025-05-05,SKU0117,184,549.0,26,349
2025-05-12,SKU0117,67,549.0,26,349
2025-05-19,SKU0117,0,549.0,26,349
2025-05-26,SKU0117,445,0.0,26,349
2025-06-02,SKU0117,331,894.0,26,349
2025-06-09,SKU0117,196,894.0,26,349
2025-06-16,SKU0117,63,894.0,26,349
2025-06-23,SKU0117,0,894.0,26,349
2025-06-30,SKU0117,813,0.0,26,349
2025-07-07,SKU0117,679,0.0,26,349
2025-07-14,SKU0117,546,0.0,26,349
2025-07-21,SKU0117,326,1068.0,26,349
2025-07-28,SKU0117,184,1068.0,26,349
2025-08-04,SKU0117,52,1068.0,26,349
2025-08-11,SKU0117,0,1068.0,26,349
2025-08-18,SKU0117,1012,0.0,26,349
2025-08-25,SKU0117,906,0.0,26,349
2025-09-01,SKU0117,815,0.0,26,349
2025-09-08,SKU0117,691,0.0,26,349
2025-09-15,SKU0117,569,0.0,26,349
2025-09-22,SKU0117,461,0.0,26,349
2025-09-29,SKU0117,376,0.0,26,349
2025-10-06,SKU0117,298,500.0,26,349
2025-10-13,SKU0117,220,500.0,26,349
2025-10-20,SKU0117,144,500.0,26,349
2025-10-27,SKU0117,69,500.0,26,349
2025-11-03,SKU0117,510,0.0,26,349
2025-11-10,SKU0117,454,0.0,26,349
2025-11-17,SKU0117,398,0.0,26,349
2025-11-24,SKU0117,350,0.0,26,349
2025-12-01,SKU0117,289,474.0,26,349
2025-12-08,SKU0117,237,474.0,26,349
2025-12-15,SKU0117,184,474.0,26,349
2025-12-22,SKU0117,595,0.0,26,349
2025-12-29,SKU0117,541,0.0,26,349
2024-01-01,SKU0118,114,0.0,13,22
2024-01-08,SKU0118,102,0.0,13,22
2024-01-15,SKU0118,94,0.0,13,22
2024-01-22,SKU0118,76,0.0,13,22
2024-01-29,SKU0118,67,0.0,13,22
2024-02-05,SKU0118,54,0.0,13,22
2024-02-12,SKU0118,45,0.0,13,22
2024-02-19,SKU0118,22,46.0,13,22
2024-02-26,SKU0118,8,46.0,13,22
2024-03-04,SKU0118,38,0.0,13,22
2024-03-11,SKU0118,20,65.0,13,22
2024-03-18,SKU0118,0,65.0,13,22
2024-03-25,SKU0118,59,0.0,13,22
2024-04-01,SKU0118,47,0.0,13,22
2024-04-08,SKU0118,17,81.0,13,22
2024-04-15,SKU0118,0,81.0,13,22
2024-04-22,SKU0118,71,0.0,13,22
2024-04-29,SKU0118,53,0.0,13,22
2024-05-06,SKU0118,28,,13,22
2024-05-13,SKU0118,5,81.0,13,22
2024-05-20,SKU0118,0,81.0,13,22
2024-05-27,SKU0118,58,0.0,13,22
2024-06-03,SKU0118,30,0.0,13,22
2024-06-10,SKU0118,0,89.0,13,22
2024-06-17,SKU0118,0,89.0,13,22
2024-06-24,SKU0118,58,0.0,13,22
2024-07-01,SKU0118,26,0.0,13,22
2024-07-08,SKU0118,0,92.0,13,22
2024-07-15,SKU0118,0,92.0,13,22
2024-07-22,SKU0118,55,0.0,13,22
2024-07-29,SKU0118,26,0.0,13,22
2024-08-05,SKU0118,0,88.0,13,22
2024-08-12,SKU0118,0,88.0,13,22
2024-08-19,SKU0118,75,0.0,13,22
2024-08-26,SKU0118,52,0.0,13,22
2024-09-02,SKU0118,27,0.0,13,22
2024-09-09,SKU0118,0,76.0,13,22
2024-09-16,SKU0118,0,76.0,13,22
2024-09-23,SKU0118,57,0.0,13,22
2024-09-30,SKU0118,39,0.0,13,22
2024-10-07,SKU0118,19,59.0,13,22
2024-10-14,SKU0118,1,59.0,13,22
2024-10-21,SKU0118,54,0.0,13,22
2024-10-28,SKU0118,42,0.0,13,22
2024-11-04,SKU0118,30,0.0,13,22
2024-11-11,SKU0118,9,45.0,13,22
2024-11-18,SKU0118,0,45.0,13,22
2024-11-25,SKU0118,28,0.0,13,22
2024-12-02,SKU0118,6,72.0,13,22
2024-12-09,SKU0118,0,72.0,13,22
2024-12-16,SKU0118,53,0.0,13,22
2024-12-23,SKU0118,33,0.0,13,22
2024-12-30,SKU0118,31,0.0,13,22
2025-01-06,SKU0118,13,33.0,13,22
2025-01-13,SKU0118,0,33.0,13,22
2025-01-20,SKU0118,22,42.0,13,22
2025-01-27,SKU0118,12,42.0,13,22
2025-02-03,SKU0118,45,0.0,13,22
2025-02-10,SKU0118,39,0.0,13,22
2025-02-17,SKU0118,27,0.0,13,22
2025-02-24,SKU0118,11,43.0,13,22
2025-03-03,SKU0118,0,43.0,13,22
2025-03-10,SKU0118,28,0.0,13,22
2025-03-17,SKU0118,11,51.0,13,22
2025-03-24,SKU0118,0,51.0,13,22
2025-03-31,SKU0118,31,0.0,13,22
2025-04-07,SKU0118,9,62.0,13,22
2025-04-14,SKU0118,0,62.0,13,22
2025-04-21,SKU0118,45,0.0,13,22
2025-04-28,SKU0118,26,0.0,13,22
2025-05-05,SKU0118,5,74.0,13,22
2025-05-12,SKU0118,70,0.0,13,22
2025-05-19,SKU0118,47,0.0,13,22
2025-05-26,SKU0118,14,101.0,13,22
2025-06-02,SKU0118,0,101.0,13,22
2025-06-09,SKU0118,87,0.0,13,22
2025-06-16,SKU0118,60,0.0,13,22
2025-06-23,SKU0118,30,0.0,13,22
2025-06-30,SKU0118,0,88.0,13,22
2025-07-07,SKU0118,81,0.0,13,22
2025-07-14,SKU0118,61,0.0,13,22
2025-07-21,SKU0118,3,199.0,13,22
2025-07-28,SKU0118,0,199.0,13,22
2025-08-04,SKU0118,173,0.0,13,22
2025-08-11,SKU0118,152,0.0,13,22
2025-08-18,SKU0118,124,0.0,13,22
2025-08-25,SKU0118,94,0.0,13,22
2025-09-01,SKU0118,71,0.0,13,22
2025-09-08,SKU0118,31,0.0,13,22
2025-09-15,SKU0118,2,130.0,13,22
2025-09-22,SKU0118,0,130.0,13,22
2025-09-29,SKU0118,114,0.0,13,22
2025-10-06,SKU0118,92,0.0,13,22
2025-10-13,SKU0118,80,,13,22
2025-10-20,SKU0118,62,0.0,13,22
2025-10-27,SKU0118,48,0.0,13,22
2025-11-03,SKU0118,36,0.0,13,22
2025-11-10,SKU0118,19,50.0,13,22
2025-11-17,SKU0118,11,50.0,13,22
2025-11-24,SKU0118,50,0.0,13,22
2025-12-01,SKU0118,38,0.0,13,22
2025-12-08,SKU0118,21,32.0,13,22
2025-12-15,SKU0118,10,32.0,13,22
2025-12-22,SKU0118,30,0.0,13,22
2025-12-29,SKU0118,15,30.0,13,22
2024-01-01,SKU0119,167,0.0,12,81
2024-01-08,SKU0119,84,0.0,12,81
2024-01-15,SKU0119,46,100.0,12,81
2024-01-22,SKU0119,110,,12,81
2024-01-29,SKU0119,66,123.0,12,81
2024-02-05,SKU0119,16,,12,81
2024-02-12,SKU0119,88,0.0,12,81
2024-02-19,SKU0119,44,91.0,12,81
2024-02-26,SKU0119,92,0.0,12,81
2024-03-04,SKU0119,51,88.0,12,81
2024-03-11,SKU0119,106,0.0,12,81
2024-03-18,SKU0119,70,108.0,12,81
2024-03-25,SKU0119,32,108.0,12,81
2024-04-01,SKU0119,105,0.0,12,81
2024-04-08,SKU0119,77,81.0,12,81
2024-04-15,SKU0119,8,81.0,12,81
2024-04-22,SKU0119,70,102.0,12,81
2024-04-29,SKU0119,37,102.0,12,81
2024-05-06,SKU0119,99,0.0,12,81
2024-05-13,SKU0119,70,101.0,12,81
2024-05-20,SKU0119,34,101.0,12,81
2024-05-27,SKU0119,101,0.0,12,81
2024-06-03,SKU0119,64,79.0,12,81
2024-06-10,SKU0119,15,79.0,12,81
2024-06-17,SKU0119,49,81.0,12,81
2024-06-24,SKU0119,14,81.0,12,81
2024-07-01,SKU0119,49,83.0,12,81
2024-07-08,SKU0119,0,83.0,12,81
2024-07-15,SKU0119,27,85.0,12,81
2024-07-22,SKU0119,73,113.0,12,81
2024-07-29,SKU0119,22,113.0,12,81
2024-08-05,SKU0119,90,0.0,12,81
2024-08-12,SKU0119,42,92.0,12,81
2024-08-19,SKU0119,104,0.0,12,81
2024-08-26,SKU0119,61,124.0,12,81
2024-09-02,SKU0119,21,124.0,12,81
2024-09-09,SKU0119,84,0.0,12,81
2024-09-16,SKU0119,26,190.0,12,81
2024-09-23,SKU0119,178,0.0,12,81
2024-09-30,SKU0119,131,0.0,12,81
2024-10-07,SKU0119,85,0.0,12,81
2024-10-14,SKU0119,42,106.0,12,81
2024-10-21,SKU0119,105,0.0,12,81
2024-10-28,SKU0119,60,138.0,12,81
2024-11-04,SKU0119,19,138.0,12,81
2024-11-11,SKU0119,101,0.0,12,81
2024-11-18,SKU0119,34,108.0,12,81
2024-11-25,SKU0119,0,108.0,12,81
2024-12-02,SKU0119,39,234.0,12,81
2024-12-09,SKU0119,0,234.0,12,81
2024-12-16,SKU0119,174,0.0,12,81
2024-12-23,SKU0119,104,0.0,12,81
2024-12-30,SKU0119,56,104.0,12,81
2025-01-06,SKU0119,0,104.0,12,81
2025-01-13,SKU0119,52,192.0,12,81
2025-01-20,SKU0119,195,0.0,12,81
2025-01-27,SKU0119,149,0.0,12,81
2025-02-03,SKU0119,103,0.0,12,81
2025-02-10,SKU0119,52,95.0,12,81
2025-02-17,SKU0119,5,95.0,12,81
2025-02-24,SKU0119,55,91.0,12,81
2025-03-03,SKU0119,16,91.0,12,81
2025-03-10,SKU0119,64,113.0,12,81
2025-03-17,SKU0119,30,113.0,12,81
2025-03-24,SKU0119,102,0.0,12,81
2025-03-31,SKU0119,56,84.0,12,81
2025-04-07,SKU0119,13,84.0,12,81
2025-04-14,SKU0119,33,156.0,12,81
2025-04-21,SKU0119,0,156.0,12,81
2025-04-28,SKU0119,101,0.0,12,81
2025-05-05,SKU0119,62,81.0,12,81
2025-05-12,SKU0119,25,81.0,12,81
2025-05-19,SKU0119,76,104.0,12,81
2025-05-26,SKU0119,32,104.0,12,81
2025-06-02,SKU0119,102,0.0,12,81
2025-06-09,SKU0119,78,82.0,12,81
2025-06-16,SKU0119,40,82.0,12,81
2025-06-23,SKU0119,93,0.0,12,81
2025-06-30,SKU0119,44,85.0,12,81
2025-07-07,SKU0119,85,0.0,12,81
2025-07-14,SKU0119,43,87.0,12,81
2025-07-21,SKU0119,61,219.0,12,81
2025-07-28,SKU0119,23,219.0,12,81
2025-08-04,SKU0119,199,0.0,12,81
2025-08-11,SKU0119,138,0.0,12,81
2025-08-18,SKU0119,103,0.0,12,81
2025-08-25,SKU0119,61,126.0,12,81
2025-09-01,SKU0119,18,126.0,12,81
2025-09-08,SKU0119,66,193.0,12,81
2025-09-15,SKU0119,0,193.0,12,81
2025-09-22,SKU0119,171,0.0,12,81
2025-09-29,SKU0119,123,0.0,12,81
2025-10-06,SKU0119,80,107.0,12,81
2025-10-13,SKU0119,31,107.0,12,81
2025-10-20,SKU0119,82,0.0,12,81
2025-10-27,SKU0119,27,109.0,12,81
2025-11-03,SKU0119,89,0.0,12,81
2025-11-10,SKU0119,23,110.0,12,81
2025-11-17,SKU0119,97,0.0,12,81
2025-11-24,SKU0119,47,110.0,12,81
2025-12-01,SKU0119,0,110.0,12,81
2025-12-08,SKU0119,60,109.0,12,81
2025-12-15,SKU0119,0,109.0,12,81
2025-12-22,SKU0119,24,203.0,12,81
2025-12-29,SKU0119,0,203.0,12,81
2024-01-01,SKU0120,98,363.0,13,191
2024-01-08,SKU0120,0,363.0,13,191
2024-01-15,SKU0120,321,0.0,13,191
2024-01-22,SKU0120,210,0.0,13,191
2024-01-29,SKU0120,94,,13,191
2024-02-05,SKU0120,0,295.0,13,191
2024-02-12,SKU0120,188,279.0,13,191
2024-02-19,SKU0120,68,,13,191
2024-02-26,SKU0120,250,0.0,13,191
2024-03-04,SKU0120,146,355.0,13,191
2024-03-11,SKU0120,53,355.0,13,191
2024-03-18,SKU0120,301,0.0,13,191
2024-03-25,SKU0120,200,0.0,13,191
2024-04-01,SKU0120,98,258.0,13,191
2024-04-08,SKU0120,263,0.0,13,191
2024-04-15,SKU0120,80,458.0,13,191
2024-04-22,SKU0120,0,458.0,13,191
2024-04-29,SKU0120,363,0.0,13,191
2024-05-06,SKU0120,244,0.0,13,191
2024-05-13,SKU0120,134,266.0,13,191
2024-05-20,SKU0120,25,,13,191
2024-05-27,SKU0120,177,369.0,13,191
2024-06-03,SKU0120,45,369.0,13,191
2024-06-10,SKU0120,327,0.0,13,191
2024-06-17,SKU0120,211,0.0,13,191
2024-06-24,SKU0120,97,297.0,13,191
2024-07-01,SKU0120,0,297.0,13,191
2024-07-08,SKU0120,176,419.0,13,191
2024-07-15,SKU0120,24,419.0,13,191
2024-07-22,SKU0120,343,0.0,13,191
2024-07-29,SKU0120,209,0.0,13,191
2024-08-05,SKU0120,80,336.0,13,191
2024-08-12,SKU0120,319,0.0,13,191
2024-08-19,SKU0120,189,352.0,13,191
2024-08-26,SKU0120,36,352.0,13,191
2024-09-02,SKU0120,307,0.0,13,191
2024-09-09,SKU0120,77,863.0,13,191
2024-09-16,SKU0120,0,863.0,13,191
2024-09-23,SKU0120,777,0.0,13,191
2024-09-30,SKU0120,650,0.0,13,191
2024-10-07,SKU0120,474,0.0,13,191
2024-10-14,SKU0120,312,0.0,13,191
2024-10-21,SKU0120,163,491.0,13,191
2024-10-28,SKU0120,10,491.0,13,191
2024-11-04,SKU0120,435,0.0,13,191
2024-11-11,SKU0120,308,0.0,13,191
2024-11-18,SKU0120,169,476.0,13,191
2024-11-25,SKU0120,16,476.0,13,191
2024-12-02,SKU0120,407,0.0,13,191
2024-12-09,SKU0120,284,0.0,13,191
2024-12-16,SKU0120,115,448.0,13,191
2024-12-23,SKU0120,0,448.0,13,191
2024-12-30,SKU0120,368,0.0,13,191
2025-01-06,SKU0120,192,0.0,13,191
2025-01-13,SKU0120,27,560.0,13,191
2025-01-20,SKU0120,541,0.0,13,191
2025-01-27,SKU0120,429,0.0,13,191
2025-02-03,SKU0120,321,0.0,13,191
2025-02-10,SKU0120,197,0.0,13,191
2025-02-17,SKU0120,93,283.0,13,191
2025-02-24,SKU0120,271,0.0,13,191
2025-03-03,SKU0120,154,362.0,13,191
2025-03-10,SKU0120,48,362.0,13,191
2025-03-17,SKU0120,298,0.0,13,191
2025-03-24,SKU0120,185,263.0,13,191
2025-03-31,SKU0120,72,263.0,13,191
2025-04-07,SKU0120,232,0.0,13,191
2025-04-14,SKU0120,58,467.0,13,191
2025-04-21,SKU0120,0,467.0,13,191
2025-04-28,SKU0120,377,0.0,13,191
2025-05-05,SKU0120,279,0.0,13,191
2025-05-12,SKU0120,176,272.0,13,191
2025-05-19,SKU0120,72,272.0,13,191
2025-05-26,SKU0120,236,0.0,13,191
2025-06-02,SKU0120,131,284.0,13,191
2025-06-09,SKU0120,13,,13,191
2025-06-16,SKU0120,196,0.0,13,191
2025-06-23,SKU0120,75,300.0,13,191
2025-06-30,SKU0120,291,0.0,13,191
2025-07-07,SKU0120,165,423.0,13,191
2025-07-14,SKU0120,9,423.0,13,191
2025-07-21,SKU0120,292,0.0,13,191
2025-07-28,SKU0120,144,449.0,13,191
2025-08-04,SKU0120,15,449.0,13,191
2025-08-11,SKU0120,365,0.0,13,191
2025-08-18,SKU0120,203,0.0,13,191
2025-08-25,SKU0120,69,356.0,13,191
2025-09-01,SKU0120,326,0.0,13,191
2025-09-08,SKU0120,117,872.0,13,191
2025-09-15,SKU0120,0,872.0,13,191
2025-09-22,SKU0120,786,0.0,13,191
2025-09-29,SKU0120,661,0.0,13,191
2025-10-06,SKU0120,497,0.0,13,191
2025-10-13,SKU0120,335,0.0,13,191
2025-10-20,SKU0120,186,373.0,13,191
2025-10-27,SKU0120,45,373.0,13,191
2025-11-03,SKU0120,323,0.0,13,191
2025-11-10,SKU0120,174,365.0,13,191
2025-11-17,SKU0120,38,365.0,13,191
2025-11-24,SKU0120,320,0.0,13,191
2025-12-01,SKU0120,119,471.0,13,191
2025-12-08,SKU0120,0,471.0,13,191
2025-12-15,SKU0120,374,0.0,13,191
2025-12-22,SKU0120,151,795.0,13,191
2025-12-29,SKU0120,11,795.0,13,191
2024-01-01,SKU0121,65,551.0,24,785
2024-01-08,SKU0121,0,551.0,24,785
2024-01-15,SKU0121,0,551.0,24,785
2024-01-22,SKU0121,0,551.0,24,785
2024-01-29,SKU0121,480,528.0,24,785
2024-02-05,SKU0121,381,528.0,24,785
2024-02-12,SKU0121,278,528.0,24,785
2024-02-19,SKU0121,679,666.0,24,785
2024-02-26,SKU0121,561,666.0,24,785
2024-03-04,SKU0121,420,666.0,24,785
2024-03-11,SKU0121,263,666.0,24,785
2024-03-18,SKU0121,777,722.0,24,785
2024-03-25,SKU0121,596,722.0,24,785
2024-04-01,SKU0121,411,722.0,24,785
2024-04-08,SKU0121,245,722.0,24,785
2024-04-15,SKU0121,690,1737.0,24,785
2024-04-22,SKU0121,482,1737.0,24,785
2024-04-29,SKU0121,288,1737.0,24,785
2024-05-06,SKU0121,102,1737.0,24,785
2024-05-13,SKU0121,1648,0.0,24,785
2024-05-20,SKU0121,1454,0.0,24,785
2024-05-27,SKU0121,1240,0.0,24,785
2024-06-03,SKU0121,1025,0.0,24,785
2024-06-10,SKU0121,833,0.0,24,785
2024-06-17,SKU0121,631,945.0,24,785
2024-06-24,SKU0121,405,945.0,24,785
2024-07-01,SKU0121,200,945.0,24,785
2024-07-08,SKU0121,904,0.0,24,785
2024-07-15,SKU0121,687,1003.0,24,785
2024-07-22,SKU0121,369,1003.0,24,785
2024-07-29,SKU0121,183,1003.0,24,785
2024-08-05,SKU0121,6,1003.0,24,785
2024-08-12,SKU0121,833,0.0,24,785
2024-08-19,SKU0121,633,822.0,24,785
2024-08-26,SKU0121,455,822.0,24,785
2024-09-02,SKU0121,277,822.0,24,785
2024-09-09,SKU0121,841,0.0,24,785
2024-09-16,SKU0121,658,712.0,24,785
2024-09-23,SKU0121,528,712.0,24,785
2024-09-30,SKU0121,378,712.0,24,785
2024-10-07,SKU0121,929,0.0,24,785
2024-10-14,SKU0121,787,0.0,24,785
2024-10-21,SKU0121,669,579.0,24,785
2024-10-28,SKU0121,561,579.0,24,785
2024-11-04,SKU0121,439,579.0,24,785
2024-11-11,SKU0121,888,0.0,24,785
2024-11-18,SKU0121,789,0.0,24,785
2024-11-25,SKU0121,659,486.0,24,785
2024-12-02,SKU0121,514,486.0,24,785
2024-12-09,SKU0121,398,486.0,24,785
2024-12-16,SKU0121,749,984.0,24,785
2024-12-23,SKU0121,569,984.0,24,785
2024-12-30,SKU0121,476,984.0,24,785
2025-01-06,SKU0121,319,984.0,24,785
2025-01-13,SKU0121,1158,0.0,24,785
2025-01-20,SKU0121,1041,0.0,24,785
2025-01-27,SKU0121,909,0.0,24,785
2025-02-03,SKU0121,767,556.0,24,785
2025-02-10,SKU0121,629,556.0,24,785
2025-02-17,SKU0121,490,556.0,24,785
2025-02-24,SKU0121,318,556.0,24,785
2025-03-03,SKU0121,729,716.0,24,785
2025-03-10,SKU0121,582,,24,785
2025-03-17,SKU0121,437,716.0,24,785
2025-03-24,SKU0121,281,716.0,24,785
2025-03-31,SKU0121,825,0.0,24,785
2025-04-07,SKU0121,653,781.0,24,785
2025-04-14,SKU0121,342,781.0,24,785
2025-04-21,SKU0121,124,781.0,24,785
2025-04-28,SKU0121,727,950.0,24,785
2025-05-05,SKU0121,555,950.0,24,785
2025-05-12,SKU0121,373,950.0,24,785
2025-05-19,SKU0121,162,,24,785
2025-05-26,SKU0121,913,0.0,24,785
2025-06-02,SKU0121,715,1029.0,24,785
2025-06-09,SKU0121,503,1029.0,24,785
2025-06-16,SKU0121,306,1029.0,24,785
2025-06-23,SKU0121,114,1029.0,24,785
2025-06-30,SKU0121,943,0.0,24,785
2025-07-07,SKU0121,705,1017.0,24,785
2025-07-14,SKU0121,512,1017.0,24,785
2025-07-21,SKU0121,138,1017.0,24,785
2025-07-28,SKU0121,0,1017.0,24,785
2025-08-04,SKU0121,837,0.0,24,785
2025-08-11,SKU0121,674,845.0,24,785
2025-08-18,SKU0121,468,845.0,24,785
2025-08-25,SKU0121,291,845.0,24,785
2025-09-01,SKU0121,958,0.0,24,785
2025-09-08,SKU0121,686,1541.0,24,785
2025-09-15,SKU0121,515,1541.0,24,785
2025-09-22,SKU0121,337,1541.0,24,785
2025-09-29,SKU0121,188,1541.0,24,785
2025-10-06,SKU0121,1580,0.0,24,785
2025-10-13,SKU0121,1428,0.0,24,785
2025-10-20,SKU0121,1293,0.0,24,785
2025-10-27,SKU0121,1158,0.0,24,785
2025-11-03,SKU0121,1033,0.0,24,785
2025-11-10,SKU0121,924,0.0,24,785
2025-11-17,SKU0121,811,0.0,24,785
2025-11-24,SKU0121,698,485.0,24,785
2025-12-01,SKU0121,545,485.0,24,785
2025-12-08,SKU0121,439,485.0,24,785
2025-12-15,SKU0121,806,0.0,24,785
2025-12-22,SKU0121,623,894.0,24,785
2025-12-29,SKU0121,525,894.0,24,785
2024-01-01,SKU0122,117,308.0,9,202
2024-01-08,SKU0122,0,308.0,9,202
2024-01-15,SKU0122,162,303.0,9,202
2024-01-22,SKU0122,0,303.0,9,202
2024-01-29,SKU0122,169,283.0,9,202
2024-02-05,SKU0122,17,283.0,9,202
2024-02-12,SKU0122,174,263.0,9,202
2024-02-19,SKU0122,61,263.0,9,202
2024-02-26,SKU0122,201,203.0,9,202
2024-03-04,SKU0122,67,203.0,9,202
2024-03-11,SKU0122,154,227.0,9,202
2024-03-18,SKU0122,283,0.0,9,202
2024-03-25,SKU0122,178,211.0,9,202
2024-04-01,SKU0122,69,211.0,9,202
2024-04-08,SKU0122,183,201.0,9,202
2024-04-15,SKU0122,252,0.0,9,202
2024-04-22,SKU0122,161,194.0,9,202
2024-04-29,SKU0122,266,,9,202
2024-05-06,SKU0122,165,192.0,9,202
2024-05-13,SKU0122,257,0.0,9,202
2024-05-20,SKU0122,147,163.0,9,202
2024-05-27,SKU0122,215,0.0,9,202
2024-06-03,SKU0122,114,168.0,9,202
2024-06-10,SKU0122,187,,9,202
2024-06-17,SKU0122,82,209.0,9,202
2024-06-24,SKU0122,170,223.0,9,202
2024-07-01,SKU0122,51,223.0,9,202
2024-07-08,SKU0122,146,199.0,9,202
2024-07-15,SKU0122,225,0.0,9,202
2024-07-22,SKU0122,46,297.0,9,202
2024-07-29,SKU0122,214,0.0,9,202
2024-08-05,SKU0122,85,228.0,9,202
2024-08-12,SKU0122,161,288.0,9,202
2024-08-19,SKU0122,295,0.0,9,202
2024-08-26,SKU0122,140,307.0,9,202
2024-09-02,SKU0122,292,0.0,9,202
2024-09-09,SKU0122,94,382.0,9,202
2024-09-16,SKU0122,326,0.0,9,202
2024-09-23,SKU0122,164,341.0,9,202
2024-09-30,SKU0122,0,341.0,9,202
2024-10-07,SKU0122,188,352.0,9,202
2024-10-14,SKU0122,6,352.0,9,202
2024-10-21,SKU0122,162,359.0,9,202
2024-10-28,SKU0122,0,359.0,9,202
2024-11-04,SKU0122,170,360.0,9,202
2024-11-11,SKU0122,0,360.0,9,202
2024-11-18,SKU0122,167,357.0,9,202
2024-11-25,SKU0122,0,357.0,9,202
2024-12-02,SKU0122,156,350.0,9,202
2024-12-09,SKU0122,0,350.0,9,202
2024-12-16,SKU0122,142,476.0,9,202
2024-12-23,SKU0122,0,476.0,9,202
2024-12-30,SKU0122,304,0.0,9,202
2025-01-06,SKU0122,160,441.0,9,202
2025-01-13,SKU0122,0,441.0,9,202
2025-01-20,SKU0122,299,0.0,9,202
2025-01-27,SKU0122,167,286.0,9,202
2025-02-03,SKU0122,302,0.0,9,202
2025-02-10,SKU0122,135,224.0,9,202
2025-02-17,SKU0122,246,0.0,9,202
2025-02-24,SKU0122,117,208.0,9,202
2025-03-03,SKU0122,212,0.0,9,202
2025-03-10,SKU0122,99,195.0,9,202
2025-03-17,SKU0122,173,219.0,9,202
2025-03-24,SKU0122,62,219.0,9,202
2025-03-31,SKU0122,179,206.0,9,202
2025-04-07,SKU0122,66,206.0,9,202
2025-04-14,SKU0122,146,278.0,9,202
2025-04-21,SKU0122,322,0.0,9,202
2025-04-28,SKU0122,238,0.0,9,202
2025-05-05,SKU0122,117,161.0,9,202
2025-05-12,SKU0122,179,193.0,9,202
2025-05-19,SKU0122,80,193.0,9,202
2025-05-26,SKU0122,179,198.0,9,202
2025-06-02,SKU0122,83,198.0,9,202
2025-06-09,SKU0122,211,,9,202
2025-06-16,SKU0122,93,176.0,9,202
2025-06-23,SKU0122,163,220.0,9,202
2025-06-30,SKU0122,278,0.0,9,202
2025-07-07,SKU0122,152,237.0,9,202
2025-07-14,SKU0122,252,0.0,9,202
2025-07-21,SKU0122,73,299.0,9,202
2025-07-28,SKU0122,244,0.0,9,202
2025-08-04,SKU0122,122,229.0,9,202
2025-08-11,SKU0122,212,0.0,9,202
2025-08-18,SKU0122,75,243.0,9,202
2025-08-25,SKU0122,164,307.0,9,202
2025-09-01,SKU0122,32,307.0,9,202
2025-09-08,SKU0122,154,457.0,9,202
2025-09-15,SKU0122,0,457.0,9,202
2025-09-22,SKU0122,298,0.0,9,202
2025-09-29,SKU0122,135,345.0,9,202
2025-10-06,SKU0122,318,0.0,9,202
2025-10-13,SKU0122,136,355.0,9,202
2025-10-20,SKU0122,327,0.0,9,202
2025-10-27,SKU0122,165,360.0,9,202
2025-11-03,SKU0122,0,360.0,9,202
2025-11-10,SKU0122,211,0.0,9,202
2025-11-17,SKU0122,9,301.0,9,202
2025-11-24,SKU0122,178,296.0,9,202
2025-12-01,SKU0122,0,296.0,9,202
2025-12-08,SKU0122,160,345.0,9,202
2025-12-15,SKU0122,0,345.0,9,202
2025-12-22,SKU0122,109,468.0,9,202
2025-12-29,SKU0122,448,0.0,9,202
2024-01-01,SKU0123,133,1437.0,14,735
2024-01-08,SKU0123,0,1437.0,14,735
2024-01-15,SKU0123,1393,0.0,14,735
2024-01-22,SKU0123,1062,0.0,14,735
2024-01-29,SKU0123,756,0.0,14,735
2024-02-05,SKU0123,455,1083.0,14,735
2024-02-12,SKU0123,155,1083.0,14,735
2024-02-19,SKU0123,964,0.0,14,735
2024-02-26,SKU0123,717,899.0,14,735
2024-03-04,SKU0123,464,899.0,14,735
2024-03-11,SKU0123,1146,0.0,14,735
2024-03-18,SKU0123,931,0.0,14,735
2024-03-25,SKU0123,716,722.0,14,735
2024-04-01,SKU0123,520,722.0,14,735
2024-04-08,SKU0123,1062,0.0,14,735
2024-04-15,SKU0123,802,0.0,14,735
2024-04-22,SKU0123,650,608.0,14,735
2024-04-29,SKU0123,480,608.0,14,735
2024-05-06,SKU0123,943,,14,735
2024-05-13,SKU0123,787,0.0,14,735
2024-05-20,SKU0123,638,,14,735
2024-05-27,SKU0123,494,556.0,14,735
2024-06-03,SKU0123,902,0.0,14,735
2024-06-10,SKU0123,737,0.0,14,735
2024-06-17,SKU0123,589,586.0,14,735
2024-06-24,SKU0123,397,586.0,14,735
2024-07-01,SKU0123,788,0.0,14,735
2024-07-08,SKU0123,567,669.0,14,735
2024-07-15,SKU0123,370,669.0,14,735
2024-07-22,SKU0123,710,774.0,14,735
2024-07-29,SKU0123,502,774.0,14,735
2024-08-05,SKU0123,1053,0.0,14,735
2024-08-12,SKU0123,811,0.0,14,735
2024-08-19,SKU0123,540,932.0,14,735
2024-08-26,SKU0123,247,932.0,14,735
2024-09-02,SKU0123,918,0.0,14,735
2024-09-09,SKU0123,467,1871.0,14,735
2024-09-16,SKU0123,115,1871.0,14,735
2024-09-23,SKU0123,1665,0.0,14,735
2024-09-30,SKU0123,1347,0.0,14,735
2024-10-07,SKU0123,964,0.0,14,735
2024-10-14,SKU0123,579,1729.0,14,735
2024-10-21,SKU0123,172,1729.0,14,735
2024-10-28,SKU0123,1550,0.0,14,735
2024-11-04,SKU0123,1194,0.0,14,735
2024-11-11,SKU0123,805,0.0,14,735
2024-11-18,SKU0123,436,1351.0,14,735
2024-11-25,SKU0123,0,1351.0,14,735
2024-12-02,SKU0123,938,0.0,14,735
2024-12-09,SKU0123,566,1801.0,14,735
2024-12-16,SKU0123,125,1801.0,14,735
2024-12-23,SKU0123,1639,0.0,14,735
2024-12-30,SKU0123,1270,0.0,14,735
2025-01-06,SKU0123,886,0.0,14,735
2025-01-13,SKU0123,429,2085.0,14,735
2025-01-20,SKU0123,94,2085.0,14,735
2025-01-27,SKU0123,1859,0.0,14,735
2025-02-03,SKU0123,1565,0.0,14,735
2025-02-10,SKU0123,1239,0.0,14,735
2025-02-17,SKU0123,980,0.0,14,735
2025-02-24,SKU0123,699,1230.0,14,735
2025-03-03,SKU0123,424,1230.0,14,735
2025-03-10,SKU0123,1442,0.0,14,735
2025-03-17,SKU0123,1237,0.0,14,735
2025-03-24,SKU0123,1007,0.0,14,735
2025-03-31,SKU0123,805,0.0,14,735
2025-04-07,SKU0123,600,670.0,14,735
2025-04-14,SKU0123,321,670.0,14,735
2025-04-21,SKU0123,801,0.0,14,735
2025-04-28,SKU0123,630,,14,735
2025-05-05,SKU0123,466,587.0,14,735
2025-05-12,SKU0123,895,0.0,14,735
2025-05-19,SKU0123,743,0.0,14,735
2025-05-26,SKU0123,589,550.0,14,735
2025-06-02,SKU0123,431,550.0,14,735
2025-06-09,SKU0123,816,0.0,14,735
2025-06-16,SKU0123,658,587.0,14,735
2025-06-23,SKU0123,474,587.0,14,735
2025-06-30,SKU0123,886,0.0,14,735
2025-07-07,SKU0123,671,913.0,14,735
2025-07-14,SKU0123,496,913.0,14,735
2025-07-21,SKU0123,1053,0.0,14,735
2025-07-28,SKU0123,824,0.0,14,735
2025-08-04,SKU0123,598,833.0,14,735
2025-08-11,SKU0123,317,833.0,14,735
2025-08-18,SKU0123,896,0.0,14,735
2025-08-25,SKU0123,626,1330.0,14,735
2025-09-01,SKU0123,351,1330.0,14,735
2025-09-08,SKU0123,1219,0.0,14,735
2025-09-15,SKU0123,855,0.0,14,735
2025-09-22,SKU0123,520,1151.0,14,735
2025-09-29,SKU0123,167,1151.0,14,735
2025-10-06,SKU0123,982,0.0,14,735
2025-10-13,SKU0123,640,1717.0,14,735
2025-10-20,SKU0123,251,1717.0,14,735
2025-10-27,SKU0123,1590,0.0,14,735
2025-11-03,SKU0123,1225,0.0,14,735
2025-11-10,SKU0123,828,,14,735
2025-11-17,SKU0123,445,,14,735
2025-11-24,SKU0123,77,1346.0,14,735
2025-12-01,SKU0123,910,0.0,14,735
2025-12-08,SKU0123,534,1329.0,14,735
2025-12-15,SKU0123,136,1329.0,14,735
2025-12-22,SKU0123,960,0.0,14,735
2025-12-29,SKU0123,581,1703.0,14,735
2024-01-01,SKU0124,130,783.0,12,496
2024-01-08,SKU0124,0,783.0,12,496
2024-01-15,SKU0124,685,0.0,12,496
2024-01-22,SKU0124,458,707.0,12,496
2024-01-29,SKU0124,237,707.0,12,496
2024-02-05,SKU0124,741,0.0,12,496
2024-02-12,SKU0124,543,0.0,12,496
2024-02-19,SKU0124,366,532.0,12,496
2024-02-26,SKU0124,725,0.0,12,496
2024-03-04,SKU0124,539,0.0,12,496
2024-03-11,SKU0124,371,464.0,12,496
2024-03-18,SKU0124,695,0.0,12,496
2024-03-25,SKU0124,558,0.0,12,496
2024-04-01,SKU0124,409,407.0,12,496
2024-04-08,SKU0124,269,407.0,12,496
2024-04-15,SKU0124,468,740.0,12,496
2024-04-22,SKU0124,338,740.0,12,496
2024-04-29,SKU0124,956,0.0,12,496
2024-05-06,SKU0124,811,0.0,12,496
2024-05-13,SKU0124,688,0.0,12,496
2024-05-20,SKU0124,570,0.0,12,496
2024-05-27,SKU0124,421,387.0,12,496
2024-06-03,SKU0124,288,387.0,12,496
2024-06-10,SKU0124,537,0.0,12,496
2024-06-17,SKU0124,393,423.0,12,496
2024-06-24,SKU0124,259,423.0,12,496
2024-07-01,SKU0124,514,0.0,12,496
2024-07-08,SKU0124,339,474.0,12,496
2024-07-15,SKU0124,642,0.0,12,496
2024-07-22,SKU0124,380,890.0,12,496
2024-07-29,SKU0124,176,890.0,12,496
2024-08-05,SKU0124,868,0.0,12,496
2024-08-12,SKU0124,658,0.0,12,496
2024-08-19,SKU0124,452,727.0,12,496
2024-08-26,SKU0124,198,727.0,12,496
2024-09-02,SKU0124,707,0.0,12,496
2024-09-09,SKU0124,325,1343.0,12,496
2024-09-16,SKU0124,49,1343.0,12,496
2024-09-23,SKU0124,1164,0.0,12,496
2024-09-30,SKU0124,965,0.0,12,496
2024-10-07,SKU0124,699,0.0,12,496
2024-10-14,SKU0124,443,882.0,12,496
2024-10-21,SKU0124,181,882.0,12,496
2024-10-28,SKU0124,785,0.0,12,496
2024-11-04,SKU0124,518,0.0,12,496
2024-11-11,SKU0124,256,778.0,12,496
2024-11-18,SKU0124,768,0.0,12,496
2024-11-25,SKU0124,461,1279.0,12,496
2024-12-02,SKU0124,118,1279.0,12,496
2024-12-09,SKU0124,1151,0.0,12,496
2024-12-16,SKU0124,868,0.0,12,496
2024-12-23,SKU0124,510,0.0,12,496
2024-12-30,SKU0124,266,698.0,12,496
2025-01-06,SKU0124,658,0.0,12,496
2025-01-13,SKU0124,359,646.0,12,496
2025-01-20,SKU0124,138,646.0,12,496
2025-01-27,SKU0124,613,0.0,12,496
2025-02-03,SKU0124,445,650.0,12,496
2025-02-10,SKU0124,275,650.0,12,496
2025-02-17,SKU0124,758,0.0,12,496
2025-02-24,SKU0124,589,0.0,12,496
2025-03-03,SKU0124,423,479.0,12,496
2025-03-10,SKU0124,274,479.0,12,496
2025-03-17,SKU0124,595,0.0,12,496
2025-03-24,SKU0124,445,421.0,12,496
2025-03-31,SKU0124,278,421.0,12,496
2025-04-07,SKU0124,566,0.0,12,496
2025-04-14,SKU0124,362,644.0,12,496
2025-04-21,SKU0124,202,644.0,12,496
2025-04-28,SKU0124,706,0.0,12,496
2025-05-05,SKU0124,602,0.0,12,496
2025-05-12,SKU0124,464,427.0,12,496
2025-05-19,SKU0124,340,427.0,12,496
2025-05-26,SKU0124,645,0.0,12,496
2025-06-02,SKU0124,509,0.0,12,496
2025-06-09,SKU0124,367,399.0,12,496
2025-06-16,SKU0124,610,0.0,12,496
2025-06-23,SKU0124,461,508.0,12,496
2025-06-30,SKU0124,287,,12,496
2025-07-07,SKU0124,613,0.0,12,496
2025-07-14,SKU0124,425,577.0,12,496
2025-07-21,SKU0124,120,577.0,12,496
2025-07-28,SKU0124,511,0.0,12,496
2025-08-04,SKU0124,317,560.0,12,496
2025-08-11,SKU0124,688,0.0,12,496
2025-08-18,SKU0124,488,630.0,12,496
2025-08-25,SKU0124,272,630.0,12,496
2025-09-01,SKU0124,657,0.0,12,496
2025-09-08,SKU0124,317,1331.0,12,496
2025-09-15,SKU0124,29,1331.0,12,496
2025-09-22,SKU0124,1129,0.0,12,496
2025-09-29,SKU0124,877,0.0,12,496
2025-10-06,SKU0124,628,0.0,12,496
2025-10-13,SKU0124,387,876.0,12,496
2025-10-20,SKU0124,96,876.0,12,496
2025-10-27,SKU0124,709,0.0,12,496
2025-11-03,SKU0124,394,890.0,12,496
2025-11-10,SKU0124,131,890.0,12,496
2025-11-17,SKU0124,758,0.0,12,496
2025-11-24,SKU0124,466,758.0,12,496
2025-12-01,SKU0124,78,758.0,12,496
2025-12-08,SKU0124,644,0.0,12,496
2025-12-15,SKU0124,347,830.0,12,496
2025-12-22,SKU0124,0,830.0,12,496
2025-12-29,SKU0124,649,0.0,12,496
2024-01-01,SKU0125,83,1568.0,23,1027
2024-01-08,SKU0125,0,1568.0,23,1027
2024-01-15,SKU0125,0,1568.0,23,1027
2024-01-22,SKU0125,0,1568.0,23,1027
2024-01-29,SKU0125,1394,0.0,23,1027
2024-02-05,SKU0125,1223,0.0,23,1027
2024-02-12,SKU0125,1052,0.0,23,1027
2024-02-19,SKU0125,921,815.0,23,1027
2024-02-26,SKU0125,785,815.0,23,1027
2024-03-04,SKU0125,654,815.0,23,1027
2024-03-11,SKU0125,1332,0.0,23,1027
2024-03-18,SKU0125,1219,0.0,23,1027
2024-03-25,SKU0125,1096,0.0,23,1027
2024-04-01,SKU0125,972,592.0,23,1027
2024-04-08,SKU0125,851,592.0,23,1027
2024-04-15,SKU0125,682,592.0,23,1027
2024-04-22,SKU0125,1176,0.0,23,1027
2024-04-29,SKU0125,1052,0.0,23,1027
2024-05-06,SKU0125,909,720.0,23,1027
2024-05-13,SKU0125,752,720.0,23,1027
2024-05-20,SKU0125,563,720.0,23,1027
2024-05-27,SKU0125,1127,0.0,23,1027
2024-06-03,SKU0125,943,1028.0,23,1027
2024-06-10,SKU0125,733,1028.0,23,1027
2024-06-17,SKU0125,489,1028.0,23,1027
2024-06-24,SKU0125,1280,0.0,23,1027
2024-07-01,SKU0125,1014,1449.0,23,1027
2024-07-08,SKU0125,738,1449.0,23,1027
2024-07-15,SKU0125,398,1449.0,23,1027
2024-07-22,SKU0125,0,1449.0,23,1027
2024-07-29,SKU0125,1194,0.0,23,1027
2024-08-05,SKU0125,847,1871.0,23,1027
2024-08-12,SKU0125,488,1871.0,23,1027
2024-08-19,SKU0125,146,1871.0,23,1027
2024-08-26,SKU0125,1762,0.0,23,1027
2024-09-02,SKU0125,1385,0.0,23,1027
2024-09-09,SKU0125,790,3706.0,23,1027
2024-09-16,SKU0125,374,3706.0,23,1027
2024-09-23,SKU0125,0,3706.0,23,1027
2024-09-30,SKU0125,3647,0.0,23,1027
2024-10-07,SKU0125,3214,0.0,23,1027
2024-10-14,SKU0125,2799,0.0,23,1027
2024-10-21,SKU0125,2365,0.0,23,1027
2024-10-28,SKU0125,1931,0.0,23,1027
2024-11-04,SKU0125,1534,0.0,23,1027
2024-11-11,SKU0125,1166,0.0,23,1027
2024-11-18,SKU0125,798,1970.0,23,1027
2024-11-25,SKU0125,427,1970.0,23,1027
2024-12-02,SKU0125,0,1970.0,23,1027
2024-12-09,SKU0125,1842,0.0,23,1027
2024-12-16,SKU0125,1473,0.0,23,1027
2024-12-23,SKU0125,1083,0.0,23,1027
2024-12-30,SKU0125,808,1668.0,23,1027
2025-01-06,SKU0125,552,1668.0,23,1027
2025-01-13,SKU0125,230,1668.0,23,1027
2025-01-20,SKU0125,1687,0.0,23,1027
2025-01-27,SKU0125,1496,0.0,23,1027
2025-02-03,SKU0125,1288,0.0,23,1027
2025-02-10,SKU0125,1113,0.0,23,1027
2025-02-17,SKU0125,977,844.0,23,1027
2025-02-24,SKU0125,831,844.0,23,1027
2025-03-03,SKU0125,699,844.0,23,1027
2025-03-10,SKU0125,1441,0.0,23,1027
2025-03-17,SKU0125,1322,0.0,23,1027
2025-03-24,SKU0125,1203,0.0,23,1027
2025-03-31,SKU0125,1087,0.0,23,1027
2025-04-07,SKU0125,972,598.0,23,1027
2025-04-14,SKU0125,804,598.0,23,1027
2025-04-21,SKU0125,663,598.0,23,1027
2025-04-28,SKU0125,1133,0.0,23,1027
2025-05-05,SKU0125,1000,789.0,23,1027
2025-05-12,SKU0125,866,789.0,23,1027
2025-05-19,SKU0125,702,789.0,23,1027
2025-05-26,SKU0125,545,789.0,23,1027
2025-06-02,SKU0125,1115,0.0,23,1027
2025-06-09,SKU0125,921,1093.0,23,1027
2025-06-16,SKU0125,684,1093.0,23,1027
2025-06-23,SKU0125,455,1093.0,23,1027
2025-06-30,SKU0125,1292,0.0,23,1027
2025-07-07,SKU0125,976,1535.0,23,1027
2025-07-14,SKU0125,691,1535.0,23,1027
2025-07-21,SKU0125,203,1535.0,23,1027
2025-07-28,SKU0125,0,1535.0,23,1027
2025-08-04,SKU0125,1252,0.0,23,1027
2025-08-11,SKU0125,894,2062.0,23,1027
2025-08-18,SKU0125,551,2062.0,23,1027
2025-08-25,SKU0125,169,2062.0,23,1027
2025-09-01,SKU0125,2001,0.0,23,1027
2025-09-08,SKU0125,1431,0.0,23,1027
2025-09-15,SKU0125,981,2212.0,23,1027
2025-09-22,SKU0125,572,2212.0,23,1027
2025-09-29,SKU0125,143,2212.0,23,1027
2025-10-06,SKU0125,0,2212.0,23,1027
2025-10-13,SKU0125,1835,0.0,23,1027
2025-10-20,SKU0125,1441,0.0,23,1027
2025-10-27,SKU0125,1043,0.0,23,1027
2025-11-03,SKU0125,631,2121.0,23,1027
2025-11-10,SKU0125,254,2121.0,23,1027
2025-11-17,SKU0125,0,2121.0,23,1027
2025-11-24,SKU0125,1843,0.0,23,1027
2025-12-01,SKU0125,1383,0.0,23,1027
2025-12-08,SKU0125,1062,0.0,23,1027
2025-12-15,SKU0125,736,1673.0,23,1027
2025-12-22,SKU0125,326,1673.0,23,1027
2025-12-29,SKU0125,57,1673.0,23,1027
2024-01-01,SKU0126,107,1383.0,19,433
2024-01-08,SKU0126,0,1383.0,19,433
2024-01-15,SKU0126,0,1383.0,19,433
2024-01-22,SKU0126,1258,0.0,19,433
2024-01-29,SKU0126,978,0.0,19,433
2024-02-05,SKU0126,734,0.0,19,433
2024-02-12,SKU0126,492,0.0,19,433
2024-02-19,SKU0126,227,1138.0,19,433
2024-02-26,SKU0126,0,1138.0,19,433
2024-03-04,SKU0126,1108,0.0,19,433
2024-03-11,SKU0126,872,0.0,19,433
2024-03-18,SKU0126,659,,19,433
2024-03-25,SKU0126,430,902.0,19,433
2024-04-01,SKU0126,211,902.0,19,433
2024-04-08,SKU0126,17,902.0,19,433
2024-04-15,SKU0126,756,0.0,19,433
2024-04-22,SKU0126,588,0.0,19,433
2024-04-29,SKU0126,467,0.0,19,433
2024-05-06,SKU0126,309,629.0,19,433
2024-05-13,SKU0126,193,629.0,19,433
2024-05-20,SKU0126,693,0.0,19,433
2024-05-27,SKU0126,585,0.0,19,433
2024-06-03,SKU0126,477,0.0,19,433
2024-06-10,SKU0126,377,413.0,19,433
2024-06-17,SKU0126,286,413.0,19,433
2024-06-24,SKU0126,203,413.0,19,433
2024-07-01,SKU0126,518,0.0,19,433
2024-07-08,SKU0126,448,0.0,19,433
2024-07-15,SKU0126,354,339.0,19,433
2024-07-22,SKU0126,236,339.0,19,433
2024-07-29,SKU0126,495,0.0,19,433
2024-08-05,SKU0126,423,377.0,19,433
2024-08-12,SKU0126,310,377.0,19,433
2024-08-19,SKU0126,214,377.0,19,433
2024-08-26,SKU0126,509,0.0,19,433
2024-09-02,SKU0126,393,524.0,19,433
2024-09-09,SKU0126,206,524.0,19,433
2024-09-16,SKU0126,75,524.0,19,433
2024-09-23,SKU0126,454,0.0,19,433
2024-09-30,SKU0126,293,659.0,19,433
2024-10-07,SKU0126,142,659.0,19,433
2024-10-14,SKU0126,633,0.0,19,433
2024-10-21,SKU0126,456,0.0,19,433
2024-10-28,SKU0126,273,,19,433
2024-11-04,SKU0126,77,860.0,19,433
2024-11-11,SKU0126,781,0.0,19,433
2024-11-18,SKU0126,547,0.0,19,433
2024-11-25,SKU0126,268,1067.0,19,433
2024-12-02,SKU0126,0,1067.0,19,433
2024-12-09,SKU0126,0,1067.0,19,433
2024-12-16,SKU0126,769,0.0,19,433
2024-12-23,SKU0126,373,1263.0,19,433
2024-12-30,SKU0126,94,1263.0,19,433
2025-01-06,SKU0126,0,1263.0,19,433
2025-01-13,SKU0126,1114,0.0,19,433
2025-01-20,SKU0126,862,0.0,19,433
2025-01-27,SKU0126,572,0.0,19,433
2025-02-03,SKU0126,300,1187.0,19,433
2025-02-10,SKU0126,24,1187.0,19,433
2025-02-17,SKU0126,0,1187.0,19,433
2025-02-24,SKU0126,950,0.0,19,433
2025-03-03,SKU0126,720,,19,433
2025-03-10,SKU0126,451,0.0,19,433
2025-03-17,SKU0126,215,1003.0,19,433
2025-03-24,SKU0126,0,1003.0,19,433
2025-03-31,SKU0126,953,0.0,19,433
2025-04-07,SKU0126,756,0.0,19,433
2025-04-14,SKU0126,509,0.0,19,433
2025-04-21,SKU0126,308,737.0,19,433
2025-04-28,SKU0126,158,737.0,19,433
2025-05-05,SKU0126,15,737.0,19,433
2025-05-12,SKU0126,611,0.0,19,433
2025-05-19,SKU0126,496,0.0,19,433
2025-05-26,SKU0126,395,516.0,19,433
2025-06-02,SKU0126,273,516.0,19,433
2025-06-09,SKU0126,199,516.0,19,433
2025-06-16,SKU0126,632,0.0,19,433
2025-06-23,SKU0126,559,0.0,19,433
2025-06-30,SKU0126,481,0.0,19,433
2025-07-07,SKU0126,395,399.0,19,433
2025-07-14,SKU0126,311,399.0,19,433
2025-07-21,SKU0126,181,399.0,19,433
2025-07-28,SKU0126,487,0.0,19,433
2025-08-04,SKU0126,393,371.0,19,433
2025-08-11,SKU0126,319,371.0,19,433
2025-08-18,SKU0126,224,371.0,19,433
2025-08-25,SKU0126,499,0.0,19,433
2025-09-01,SKU0126,371,488.0,19,433
2025-09-08,SKU0126,211,488.0,19,433
2025-09-15,SKU0126,54,488.0,19,433
2025-09-22,SKU0126,388,674.0,19,433
2025-09-29,SKU0126,253,674.0,19,433
2025-10-06,SKU0126,86,674.0,19,433
2025-10-13,SKU0126,558,0.0,19,433
2025-10-20,SKU0126,368,886.0,19,433
2025-10-27,SKU0126,164,886.0,19,433
2025-11-03,SKU0126,0,886.0,19,433
2025-11-10,SKU0126,711,0.0,19,433
2025-11-17,SKU0126,455,0.0,19,433
2025-11-24,SKU0126,175,1049.0,19,433
2025-12-01,SKU0126,0,1049.0,19,433
2025-12-08,SKU0126,975,0.0,19,433
2025-12-15,SKU0126,670,0.0,19,433
2025-12-22,SKU0126,195,1950.0,19,433
2025-12-29,SKU0126,0,1950.0,19,433
2024-01-01,SKU0127,137,1428.0,15,713
2024-01-08,SKU0127,0,1428.0,15,713
2024-01-15,SKU0127,0,1428.0,15,713
2024-01-22,SKU0127,1124,0.0,15,713
2024-01-29,SKU0127,835,0.0,15,713
2024-02-05,SKU0127,554,1143.0,15,713
2024-02-12,SKU0127,268,1143.0,15,713
2024-02-19,SKU0127,1127,0.0,15,713
2024-02-26,SKU0127,863,0.0,15,713
2024-03-04,SKU0127,587,1043.0,15,713
2024-03-11,SKU0127,355,1043.0,15,713
2024-03-18,SKU0127,1142,0.0,15,713
2024-03-25,SKU0127,921,0.0,15,713
2024-04-01,SKU0127,702,772.0,15,713
2024-04-08,SKU0127,514,772.0,15,713
2024-04-15,SKU0127,213,772.0,15,713
2024-04-22,SKU0127,806,0.0,15,713
2024-04-29,SKU0127,652,661.0,15,713
2024-05-06,SKU0127,491,661.0,15,713
2024-05-13,SKU0127,998,0.0,15,713
2024-05-20,SKU0127,858,0.0,15,713
2024-05-27,SKU0127,722,0.0,15,713
2024-06-03,SKU0127,599,495.0,15,713
2024-06-10,SKU0127,460,495.0,15,713
2024-06-17,SKU0127,823,0.0,15,713
2024-06-24,SKU0127,687,506.0,15,713
2024-07-01,SKU0127,574,506.0,15,713
2024-07-08,SKU0127,951,0.0,15,713
2024-07-15,SKU0127,814,0.0,15,713
2024-07-22,SKU0127,596,953.0,15,713
2024-07-29,SKU0127,453,953.0,15,713
2024-08-05,SKU0127,1247,0.0,15,713
2024-08-12,SKU0127,1080,0.0,15,713
2024-08-19,SKU0127,896,0.0,15,713
2024-08-26,SKU0127,731,0.0,15,713
2024-09-02,SKU0127,525,722.0,15,713
2024-09-09,SKU0127,193,722.0,15,713
2024-09-16,SKU0127,671,909.0,15,713
2024-09-23,SKU0127,453,909.0,15,713
2024-09-30,SKU0127,1110,0.0,15,713
2024-10-07,SKU0127,851,0.0,15,713
2024-10-14,SKU0127,601,1018.0,15,713
2024-10-21,SKU0127,312,1018.0,15,713
2024-10-28,SKU0127,1010,0.0,15,713
2024-11-04,SKU0127,724,0.0,15,713
2024-11-11,SKU0127,430,1153.0,15,713
2024-11-18,SKU0127,114,1153.0,15,713
2024-11-25,SKU0127,917,0.0,15,713
2024-12-02,SKU0127,460,2588.0,15,713
2024-12-09,SKU0127,156,2588.0,15,713
2024-12-16,SKU0127,2320,0.0,15,713
2024-12-23,SKU0127,1851,0.0,15,713
2024-12-30,SKU0127,1506,,15,713
2025-01-06,SKU0127,1113,0.0,15,713
2025-01-13,SKU0127,682,1213.0,15,713
2025-01-20,SKU0127,376,1213.0,15,713
2025-01-27,SKU0127,61,1213.0,15,713
2025-02-03,SKU0127,977,0.0,15,713
2025-02-10,SKU0127,682,1094.0,15,713
2025-02-17,SKU0127,374,1094.0,15,713
2025-02-24,SKU0127,116,1094.0,15,713
2025-03-03,SKU0127,962,0.0,15,713
2025-03-10,SKU0127,718,0.0,15,713
2025-03-17,SKU0127,479,914.0,15,713
2025-03-24,SKU0127,253,914.0,15,713
2025-03-31,SKU0127,958,0.0,15,713
2025-04-07,SKU0127,731,0.0,15,713
2025-04-14,SKU0127,414,729.0,15,713
2025-04-21,SKU0127,218,729.0,15,713
2025-04-28,SKU0127,786,0.0,15,713
2025-05-05,SKU0127,649,593.0,15,713
2025-05-12,SKU0127,513,,15,713
2025-05-19,SKU0127,956,0.0,15,713
2025-05-26,SKU0127,817,0.0,15,713
2025-06-02,SKU0127,705,486.0,15,713
2025-06-09,SKU0127,593,486.0,15,713
2025-06-16,SKU0127,479,486.0,15,713
2025-06-23,SKU0127,848,0.0,15,713
2025-06-30,SKU0127,722,0.0,15,713
2025-07-07,SKU0127,589,482.0,15,713
2025-07-14,SKU0127,450,482.0,15,713
2025-07-21,SKU0127,677,1039.0,15,713
2025-07-28,SKU0127,517,1039.0,15,713
2025-08-04,SKU0127,1414,0.0,15,713
2025-08-11,SKU0127,1278,0.0,15,713
2025-08-18,SKU0127,1109,0.0,15,713
2025-08-25,SKU0127,926,0.0,15,713
2025-09-01,SKU0127,739,0.0,15,713
2025-09-08,SKU0127,413,762.0,15,713
2025-09-15,SKU0127,135,762.0,15,713
2025-09-22,SKU0127,658,954.0,15,713
2025-09-29,SKU0127,419,954.0,15,713
2025-10-06,SKU0127,1110,0.0,15,713
2025-10-13,SKU0127,878,0.0,15,713
2025-10-20,SKU0127,582,1139.0,15,713
2025-10-27,SKU0127,284,1139.0,15,713
2025-11-03,SKU0127,1161,0.0,15,713
2025-11-10,SKU0127,830,0.0,15,713
2025-11-17,SKU0127,531,1188.0,15,713
2025-11-24,SKU0127,214,,15,713
2025-12-01,SKU0127,968,0.0,15,713
2025-12-08,SKU0127,636,1340.0,15,713
2025-12-15,SKU0127,305,1340.0,15,713
2025-12-22,SKU0127,1289,0.0,15,713
2025-12-29,SKU0127,957,0.0,15,713
2024-01-01,SKU0128,85,422.0,17,262
2024-01-08,SKU0128,0,422.0,17,262
2024-01-15,SKU0128,0,422.0,17,262
2024-01-22,SKU0128,301,0.0,17,262
2024-01-29,SKU0128,171,404.0,17,262
2024-02-05,SKU0128,21,404.0,17,262
2024-02-12,SKU0128,357,0.0,17,262
2024-02-19,SKU0128,198,491.0,17,262
2024-02-26,SKU0128,76,491.0,17,262
2024-03-04,SKU0128,0,491.0,17,262
2024-03-11,SKU0128,340,0.0,17,262
2024-03-18,SKU0128,194,410.0,17,262
2024-03-25,SKU0128,45,410.0,17,262
2024-04-01,SKU0128,396,0.0,17,262
2024-04-08,SKU0128,266,0.0,17,262
2024-04-15,SKU0128,65,373.0,17,262
2024-04-22,SKU0128,0,373.0,17,262
2024-04-29,SKU0128,301,0.0,17,262
2024-05-06,SKU0128,186,323.0,17,262
2024-05-13,SKU0128,94,323.0,17,262
2024-05-20,SKU0128,303,0.0,17,262
2024-05-27,SKU0128,191,270.0,17,262
2024-06-03,SKU0128,100,270.0,17,262
2024-06-10,SKU0128,291,0.0,17,262
2024-06-17,SKU0128,221,217.0,17,262
2024-06-24,SKU0128,153,217.0,17,262
2024-07-01,SKU0128,320,0.0,17,262
2024-07-08,SKU0128,258,164.0,17,262
2024-07-15,SKU0128,194,164.0,17,262
2024-07-22,SKU0128,130,164.0,17,262
2024-07-29,SKU0128,250,160.0,17,262
2024-08-05,SKU0128,204,160.0,17,262
2024-08-12,SKU0128,158,160.0,17,262
2024-08-19,SKU0128,278,0.0,17,262
2024-08-26,SKU0128,241,123.0,17,262
2024-09-02,SKU0128,194,123.0,17,262
2024-09-09,SKU0128,253,,17,262
2024-09-16,SKU0128,213,224.0,17,262
2024-09-23,SKU0128,155,224.0,17,262
2024-09-30,SKU0128,342,0.0,17,262
2024-10-07,SKU0128,279,0.0,17,262
2024-10-14,SKU0128,226,172.0,17,262
2024-10-21,SKU0128,158,172.0,17,262
2024-10-28,SKU0128,269,0.0,17,262
2024-11-04,SKU0128,182,215.0,17,262
2024-11-11,SKU0128,98,215.0,17,262
2024-11-18,SKU0128,215,258.0,17,262
2024-11-25,SKU0128,99,258.0,17,262
2024-12-02,SKU0128,242,301.0,17,262
2024-12-09,SKU0128,132,301.0,17,262
2024-12-16,SKU0128,15,301.0,17,262
2024-12-23,SKU0128,172,592.0,17,262
2024-12-30,SKU0128,35,592.0,17,262
2025-01-06,SKU0128,563,0.0,17,262
2025-01-13,SKU0128,405,0.0,17,262
2025-01-20,SKU0128,295,0.0,17,262
2025-01-27,SKU0128,170,403.0,17,262
2025-02-03,SKU0128,33,403.0,17,262
2025-02-10,SKU0128,330,0.0,17,262
2025-02-17,SKU0128,194,421.0,17,262
2025-02-24,SKU0128,37,421.0,17,262
2025-03-03,SKU0128,394,0.0,17,262
2025-03-10,SKU0128,251,415.0,17,262
2025-03-17,SKU0128,86,415.0,17,262
2025-03-24,SKU0128,0,415.0,17,262
2025-03-31,SKU0128,312,0.0,17,262
2025-04-07,SKU0128,186,384.0,17,262
2025-04-14,SKU0128,2,384.0,17,262
2025-04-21,SKU0128,348,,17,262
2025-04-28,SKU0128,241,391.0,17,262
2025-05-05,SKU0128,137,391.0,17,262
2025-05-12,SKU0128,15,391.0,17,262
2025-05-19,SKU0128,297,0.0,17,262
2025-05-26,SKU0128,187,273.0,17,262
2025-06-02,SKU0128,113,273.0,17,262
2025-06-09,SKU0128,314,0.0,17,262
2025-06-16,SKU0128,213,218.0,17,262
2025-06-23,SKU0128,145,218.0,17,262
2025-06-30,SKU0128,296,0.0,17,262
2025-07-07,SKU0128,249,199.0,17,262
2025-07-14,SKU0128,198,,17,262
2025-07-21,SKU0128,91,199.0,17,262
2025-07-28,SKU0128,234,140.0,17,262
2025-08-04,SKU0128,190,140.0,17,262
2025-08-11,SKU0128,289,0.0,17,262
2025-08-18,SKU0128,247,145.0,17,262
2025-08-25,SKU0128,205,145.0,17,262
2025-09-01,SKU0128,164,145.0,17,262
2025-09-08,SKU0128,236,260.0,17,262
2025-09-15,SKU0128,185,260.0,17,262
2025-09-22,SKU0128,137,260.0,17,262
2025-09-29,SKU0128,336,0.0,17,262
2025-10-06,SKU0128,281,0.0,17,262
2025-10-13,SKU0128,220,173.0,17,262
2025-10-20,SKU0128,167,173.0,17,262
2025-10-27,SKU0128,268,0.0,17,262
2025-11-03,SKU0128,182,214.0,17,262
2025-11-10,SKU0128,112,214.0,17,262
2025-11-17,SKU0128,229,301.0,17,262
2025-11-24,SKU0128,140,301.0,17,262
2025-12-01,SKU0128,1,301.0,17,262
2025-12-08,SKU0128,192,309.0,17,262
2025-12-15,SKU0128,86,309.0,17,262
2025-12-22,SKU0128,288,0.0,17,262
2025-12-29,SKU0128,151,354.0,17,262
2024-01-01,SKU0129,143,834.0,23,340
2024-01-08,SKU0129,0,834.0,23,340
2024-01-15,SKU0129,0,834.0,23,340
2024-01-22,SKU0129,0,834.0,23,340
2024-01-29,SKU0129,714,0.0,23,340
2024-02-05,SKU0129,565,0.0,23,340
2024-02-12,SKU0129,414,0.0,23,340
2024-02-19,SKU0129,246,868.0,23,340
2024-02-26,SKU0129,77,868.0,23,340
2024-03-04,SKU0129,0,868.0,23,340
2024-03-11,SKU0129,782,0.0,23,340
2024-03-18,SKU0129,614,0.0,23,340
2024-03-25,SKU0129,435,0.0,23,340
2024-04-01,SKU0129,251,1059.0,23,340
2024-04-08,SKU0129,56,1059.0,23,340
2024-04-15,SKU0129,0,1059.0,23,340
2024-04-22,SKU0129,1002,0.0,23,340
2024-04-29,SKU0129,774,0.0,23,340
2024-05-06,SKU0129,558,0.0,23,340
2024-05-13,SKU0129,343,0.0,23,340
2024-05-20,SKU0129,92,1209.0,23,340
2024-05-27,SKU0129,0,1209.0,23,340
2024-06-03,SKU0129,0,1209.0,23,340
2024-06-10,SKU0129,1029,0.0,23,340
2024-06-17,SKU0129,824,0.0,23,340
2024-06-24,SKU0129,598,0.0,23,340
2024-07-01,SKU0129,363,0.0,23,340
2024-07-08,SKU0129,131,1210.0,23,340
2024-07-15,SKU0129,0,1210.0,23,340
2024-07-22,SKU0129,0,1210.0,23,340
2024-07-29,SKU0129,1081,0.0,23,340
2024-08-05,SKU0129,850,0.0,23,340
2024-08-12,SKU0129,647,0.0,23,340
2024-08-19,SKU0129,432,0.0,23,340
2024-08-26,SKU0129,248,1038.0,23,340
2024-09-02,SKU0129,59,1038.0,23,340
2024-09-09,SKU0129,0,1038.0,23,340
2024-09-16,SKU0129,990,0.0,23,340
2024-09-23,SKU0129,812,0.0,23,340
2024-09-30,SKU0129,638,0.0,23,340
2024-10-07,SKU0129,491,0.0,23,340
2024-10-14,SKU0129,344,0.0,23,340
2024-10-21,SKU0129,216,812.0,23,340
2024-10-28,SKU0129,62,812.0,23,340
2024-11-04,SKU0129,0,812.0,23,340
2024-11-11,SKU0129,731,0.0,23,340
2024-11-18,SKU0129,594,0.0,23,340
2024-11-25,SKU0129,463,0.0,23,340
2024-12-02,SKU0129,267,1740.0,23,340
2024-12-09,SKU0129,138,1740.0,23,340
2024-12-16,SKU0129,0,1740.0,23,340
2024-12-23,SKU0129,1668,0.0,23,340
2024-12-30,SKU0129,1520,0.0,23,340
2025-01-06,SKU0129,1355,0.0,23,340
2025-01-13,SKU0129,1148,0.0,23,340
2025-01-20,SKU0129,1019,0.0,23,340
2025-01-27,SKU0129,866,0.0,23,340
2025-02-03,SKU0129,707,0.0,23,340
2025-02-10,SKU0129,541,0.0,23,340
2025-02-17,SKU0129,370,0.0,23,340
2025-02-24,SKU0129,197,897.0,23,340
2025-03-03,SKU0129,22,897.0,23,340
2025-03-10,SKU0129,0,,23,340
2025-03-17,SKU0129,767,0.0,23,340
2025-03-24,SKU0129,603,0.0,23,340
2025-03-31,SKU0129,385,0.0,23,340
2025-04-07,SKU0129,163,1083.0,23,340
2025-04-14,SKU0129,0,1083.0,23,340
2025-04-21,SKU0129,0,1083.0,23,340
2025-04-28,SKU0129,971,0.0,23,340
2025-05-05,SKU0129,754,0.0,23,340
2025-05-12,SKU0129,529,0.0,23,340
2025-05-19,SKU0129,287,1340.0,23,340
2025-05-26,SKU0129,45,1340.0,23,340
2025-06-02,SKU0129,0,1340.0,23,340
2025-06-09,SKU0129,0,1340.0,23,340
2025-06-16,SKU0129,1114,0.0,23,340
2025-06-23,SKU0129,870,0.0,23,340
2025-06-30,SKU0129,624,0.0,23,340
2025-07-07,SKU0129,389,0.0,23,340
2025-07-14,SKU0129,152,1203.0,23,340
2025-07-21,SKU0129,0,1203.0,23,340
2025-07-28,SKU0129,0,1203.0,23,340
2025-08-04,SKU0129,1087,0.0,23,340
2025-08-11,SKU0129,862,0.0,23,340
2025-08-18,SKU0129,666,0.0,23,340
2025-08-25,SKU0129,474,0.0,23,340
2025-09-01,SKU0129,294,1107.0,23,340
2025-09-08,SKU0129,0,1107.0,23,340
2025-09-15,SKU0129,0,1107.0,23,340
2025-09-22,SKU0129,0,1107.0,23,340
2025-09-29,SKU0129,939,0.0,23,340
2025-10-06,SKU0129,785,0.0,23,340
2025-10-13,SKU0129,594,0.0,23,340
2025-10-20,SKU0129,412,,23,340
2025-10-27,SKU0129,259,792.0,23,340
2025-11-03,SKU0129,102,792.0,23,340
2025-11-10,SKU0129,0,792.0,23,340
2025-11-17,SKU0129,722,0.0,23,340
2025-11-24,SKU0129,590,0.0,23,340
2025-12-01,SKU0129,381,0.0,23,340
2025-12-08,SKU0129,235,718.0,23,340
2025-12-15,SKU0129,52,718.0,23,340
2025-12-22,SKU0129,0,718.0,23,340
2025-12-29,SKU0129,665,0.0,23,340
2025-03-10,SKU0130,0,,13,588
2025-03-17,SKU0130,0,1031.0,13,588
2025-03-24,SKU0130,735,0.0,13,588
2025-03-31,SKU0130,409,1018.0,13,588
2025-04-07,SKU0130,93,1018.0,13,588
2025-04-14,SKU0130,712,0.0,13,588
2025-04-21,SKU0130,376,994.0,13,588
2025-04-28,SKU0130,83,994.0,13,588
2025-05-05,SKU0130,792,0.0,13,588
2025-05-12,SKU0130,488,1174.0,13,588
2025-05-19,SKU0130,212,1174.0,13,588
2025-05-26,SKU0130,1111,0.0,13,588
2025-06-02,SKU0130,842,0.0,13,588
2025-06-09,SKU0130,587,896.0,13,588
2025-06-16,SKU0130,295,896.0,13,588
2025-06-23,SKU0130,931,0.0,13,588
2025-06-30,SKU0130,657,0.0,13,588
2025-07-07,SKU0130,412,853.0,13,588
2025-07-14,SKU0130,149,853.0,13,588
2025-07-21,SKU0130,636,0.0,13,588
2025-07-28,SKU0130,393,824.0,13,588
2025-08-04,SKU0130,146,824.0,13,588
2025-08-11,SKU0130,721,0.0,13,588
2025-08-18,SKU0130,456,806.0,13,588
2025-08-25,SKU0130,219,806.0,13,588
2025-09-01,SKU0130,795,0.0,13,588
2025-09-08,SKU0130,473,1440.0,13,588
2025-09-15,SKU0130,192,1440.0,13,588
2025-09-22,SKU0130,1413,0.0,13,588
2025-09-29,SKU0130,1171,0.0,13,588
2025-10-06,SKU0130,913,0.0,13,588
2025-10-13,SKU0130,682,0.0,13,588
2025-10-20,SKU0130,435,841.0,13,588
2025-10-27,SKU0130,169,841.0,13,588
2025-11-03,SKU0130,745,0.0,13,588
2025-11-10,SKU0130,468,1083.0,13,588
2025-11-17,SKU0130,187,1083.0,13,588
2025-11-24,SKU0130,980,0.0,13,588
2025-12-01,SKU0130,608,0.0,13,588
2025-12-08,SKU0130,321,928.0,13,588
2025-12-15,SKU0130,978,0.0,13,588
2025-12-22,SKU0130,600,0.0,13,588
2025-12-29,SKU0130,281,968.0,13,588
2024-01-01,SKU0131,99,190.0,24,141
2024-01-08,SKU0131,41,190.0,24,141
2024-01-15,SKU0131,8,190.0,24,141
2024-01-22,SKU0131,0,190.0,24,141
2024-01-29,SKU0131,162,0.0,24,141
2024-02-05,SKU0131,125,238.0,24,141
2024-02-12,SKU0131,91,238.0,24,141
2024-02-19,SKU0131,42,238.0,24,141
2024-02-26,SKU0131,7,238.0,24,141
2024-03-04,SKU0131,208,0.0,24,141
2024-03-11,SKU0131,171,0.0,24,141
2024-03-18,SKU0131,121,210.0,24,141
2024-03-25,SKU0131,73,210.0,24,141
2024-04-01,SKU0131,23,210.0,24,141
2024-04-08,SKU0131,205,0.0,24,141
2024-04-15,SKU0131,134,536.0,24,141
2024-04-22,SKU0131,81,536.0,24,141
2024-04-29,SKU0131,19,536.0,24,141
2024-05-06,SKU0131,0,536.0,24,141
2024-05-13,SKU0131,481,0.0,24,141
2024-05-20,SKU0131,404,0.0,24,141
2024-05-27,SKU0131,356,0.0,24,141
2024-06-03,SKU0131,300,0.0,24,141
2024-06-10,SKU0131,231,0.0,24,141
2024-06-17,SKU0131,149,0.0,24,141
2024-06-24,SKU0131,80,322.0,24,141
2024-07-01,SKU0131,13,322.0,24,141
2024-07-08,SKU0131,0,322.0,24,141
2024-07-15,SKU0131,268,0.0,24,141
2024-07-22,SKU0131,184,0.0,24,141
2024-07-29,SKU0131,109,453.0,24,141
2024-08-05,SKU0131,42,453.0,24,141
2024-08-12,SKU0131,0,453.0,24,141
2024-08-19,SKU0131,0,453.0,24,141
2024-08-26,SKU0131,378,0.0,24,141
2024-09-02,SKU0131,318,0.0,24,141
2024-09-09,SKU0131,224,0.0,24,141
2024-09-16,SKU0131,154,0.0,24,141
2024-09-23,SKU0131,105,274.0,24,141
2024-09-30,SKU0131,53,274.0,24,141
2024-10-07,SKU0131,5,274.0,24,141
2024-10-14,SKU0131,236,0.0,24,141
2024-10-21,SKU0131,190,0.0,24,141
2024-10-28,SKU0131,144,0.0,24,141
2024-11-04,SKU0131,90,215.0,24,141
2024-11-11,SKU0131,48,215.0,24,141
2024-11-18,SKU0131,12,215.0,24,141
2024-11-25,SKU0131,193,0.0,24,141
2024-12-02,SKU0131,147,0.0,24,141
2024-12-09,SKU0131,109,174.0,24,141
2024-12-16,SKU0131,70,174.0,24,141
2024-12-23,SKU0131,29,174.0,24,141
2024-12-30,SKU0131,172,0.0,24,141
2025-01-06,SKU0131,127,338.0,24,141
2025-01-13,SKU0131,82,338.0,24,141
2025-01-20,SKU0131,56,338.0,24,141
2025-01-27,SKU0131,29,338.0,24,141
2025-02-03,SKU0131,337,0.0,24,141
2025-02-10,SKU0131,308,0.0,24,141
2025-02-17,SKU0131,267,0.0,24,141
2025-02-24,SKU0131,232,0.0,24,141
2025-03-03,SKU0131,193,0.0,24,141
2025-03-10,SKU0131,150,0.0,24,141
2025-03-17,SKU0131,103,201.0,24,141
2025-03-24,SKU0131,63,201.0,24,141
2025-03-31,SKU0131,22,201.0,24,141
2025-04-07,SKU0131,186,0.0,24,141
2025-04-14,SKU0131,130,522.0,24,141
2025-04-21,SKU0131,77,522.0,24,141
2025-04-28,SKU0131,27,522.0,24,141
2025-05-05,SKU0131,0,522.0,24,141
2025-05-12,SKU0131,468,0.0,24,141
2025-05-19,SKU0131,398,0.0,24,141
2025-05-26,SKU0131,343,0.0,24,141
2025-06-02,SKU0131,284,0.0,24,141
2025-06-09,SKU0131,231,0.0,24,141
2025-06-16,SKU0131,172,0.0,24,141
2025-06-23,SKU0131,109,318.0,24,141
2025-06-30,SKU0131,39,,24,141
2025-07-07,SKU0131,0,318.0,24,141
2025-07-14,SKU0131,308,0.0,24,141
2025-07-21,SKU0131,217,0.0,24,141
2025-07-28,SKU0131,154,0.0,24,141
2025-08-04,SKU0131,81,318.0,24,141
2025-08-11,SKU0131,13,318.0,24,141
2025-08-18,SKU0131,0,318.0,24,141
2025-08-25,SKU0131,287,0.0,24,141
2025-09-01,SKU0131,223,0.0,24,141
2025-09-08,SKU0131,141,430.0,24,141
2025-09-15,SKU0131,87,430.0,24,141
2025-09-22,SKU0131,35,430.0,24,141
2025-09-29,SKU0131,0,430.0,24,141
2025-10-06,SKU0131,396,0.0,24,141
2025-10-13,SKU0131,349,0.0,24,141
2025-10-20,SKU0131,295,0.0,24,141
2025-10-27,SKU0131,265,0.0,24,141
2025-11-03,SKU0131,228,0.0,24,141
2025-11-10,SKU0131,181,0.0,24,141
2025-11-17,SKU0131,127,261.0,24,141
2025-11-24,SKU0131,96,261.0,24,141
2025-12-01,SKU0131,42,261.0,24,141
2025-12-08,SKU0131,4,261.0,24,141
2025-12-15,SKU0131,225,0.0,24,141
2025-12-22,SKU0131,177,0.0,24,141
2025-12-29,SKU0131,141,154.0,24,141
2024-01-01,SKU0132,167,0.0,16,107
2024-01-08,SKU0132,38,549.0,16,107
2024-01-15,SKU0132,0,549.0,16,107
2024-01-22,SKU0132,537,,16,107
2024-01-29,SKU0132,457,0.0,16,107
2024-02-05,SKU0132,398,0.0,16,107
2024-02-12,SKU0132,321,0.0,16,107
2024-02-19,SKU0132,251,0.0,16,107
2024-02-26,SKU0132,191,0.0,16,107
2024-03-04,SKU0132,115,0.0,16,107
2024-03-11,SKU0132,56,212.0,16,107
2024-03-18,SKU0132,0,212.0,16,107
2024-03-25,SKU0132,157,0.0,16,107
2024-04-01,SKU0132,90,222.0,16,107
2024-04-08,SKU0132,9,222.0,16,107
2024-04-15,SKU0132,0,222.0,16,107
2024-04-22,SKU0132,154,0.0,16,107
2024-04-29,SKU0132,85,222.0,16,107
2024-05-06,SKU0132,24,222.0,16,107
2024-05-13,SKU0132,207,0.0,16,107
2024-05-20,SKU0132,127,0.0,16,107
2024-05-27,SKU0132,55,212.0,16,107
2024-06-03,SKU0132,0,212.0,16,107
2024-06-10,SKU0132,163,0.0,16,107
2024-06-17,SKU0132,83,238.0,16,107
2024-06-24,SKU0132,1,238.0,16,107
2024-07-01,SKU0132,231,0.0,16,107
2024-07-08,SKU0132,163,0.0,16,107
2024-07-15,SKU0132,67,253.0,16,107
2024-07-22,SKU0132,0,253.0,16,107
2024-07-29,SKU0132,247,0.0,16,107
2024-08-05,SKU0132,161,0.0,16,107
2024-08-12,SKU0132,80,269.0,16,107
2024-08-19,SKU0132,1,269.0,16,107
2024-08-26,SKU0132,253,0.0,16,107
2024-09-02,SKU0132,157,0.0,16,107
2024-09-09,SKU0132,0,556.0,16,107
2024-09-16,SKU0132,0,556.0,16,107
2024-09-23,SKU0132,524,0.0,16,107
2024-09-30,SKU0132,413,0.0,16,107
2024-10-07,SKU0132,327,0.0,16,107
2024-10-14,SKU0132,250,0.0,16,107
2024-10-21,SKU0132,161,0.0,16,107
2024-10-28,SKU0132,68,,16,107
2024-11-04,SKU0132,0,288.0,16,107
2024-11-11,SKU0132,269,0.0,16,107
2024-11-18,SKU0132,173,0.0,16,107
2024-11-25,SKU0132,71,282.0,16,107
2024-12-02,SKU0132,0,282.0,16,107
2024-12-09,SKU0132,267,0.0,16,107
2024-12-16,SKU0132,132,0.0,16,107
2024-12-23,SKU0132,0,539.0,16,107
2024-12-30,SKU0132,0,539.0,16,107
2025-01-06,SKU0132,453,0.0,16,107
2025-01-13,SKU0132,327,0.0,16,107
2025-01-20,SKU0132,241,0.0,16,107
2025-01-27,SKU0132,170,0.0,16,107
2025-02-03,SKU0132,91,247.0,16,107
2025-02-10,SKU0132,22,247.0,16,107
2025-02-17,SKU0132,0,247.0,16,107
2025-02-24,SKU0132,168,0.0,16,107
2025-03-03,SKU0132,93,235.0,16,107
2025-03-10,SKU0132,21,235.0,16,107
2025-03-17,SKU0132,0,235.0,16,107
2025-03-24,SKU0132,159,0.0,16,107
2025-03-31,SKU0132,90,227.0,16,107
2025-04-07,SKU0132,16,227.0,16,107
2025-04-14,SKU0132,0,227.0,16,107
2025-04-21,SKU0132,138,0.0,16,107
2025-04-28,SKU0132,55,210.0,16,107
2025-05-05,SKU0132,0,210.0,16,107
2025-05-12,SKU0132,175,0.0,16,107
2025-05-19,SKU0132,99,215.0,16,107
2025-05-26,SKU0132,19,215.0,16,107
2025-06-02,SKU0132,0,215.0,16,107
2025-06-09,SKU0132,132,0.0,16,107
2025-06-16,SKU0132,60,224.0,16,107
2025-06-23,SKU0132,0,224.0,16,107
2025-06-30,SKU0132,164,0.0,16,107
2025-07-07,SKU0132,95,254.0,16,107
2025-07-14,SKU0132,4,254.0,16,107
2025-07-21,SKU0132,0,254.0,16,107
2025-07-28,SKU0132,185,0.0,16,107
2025-08-04,SKU0132,101,251.0,16,107
2025-08-11,SKU0132,24,251.0,16,107
2025-08-18,SKU0132,0,251.0,16,107
2025-08-25,SKU0132,178,0.0,16,107
2025-09-01,SKU0132,92,284.0,16,107
2025-09-08,SKU0132,0,284.0,16,107
2025-09-15,SKU0132,0,284.0,16,107
2025-09-22,SKU0132,201,0.0,16,107
2025-09-29,SKU0132,97,272.0,16,107
2025-10-06,SKU0132,0,272.0,16,107
2025-10-13,SKU0132,0,272.0,16,107
2025-10-20,SKU0132,194,0.0,16,107
2025-10-27,SKU0132,111,0.0,16,107
2025-11-03,SKU0132,17,273.0,16,107
2025-11-10,SKU0132,0,273.0,16,107
2025-11-17,SKU0132,206,0.0,16,107
2025-11-24,SKU0132,118,0.0,16,107
2025-12-01,SKU0132,0,568.0,16,107
2025-12-08,SKU0132,0,568.0,16,107
2025-12-15,SKU0132,489,0.0,16,107
2025-12-22,SKU0132,316,0.0,16,107
2025-12-29,SKU0132,239,0.0,16,107
2024-01-01,SKU0133,40,339.0,8,170
2024-01-08,SKU0133,0,339.0,8,170
2024-01-15,SKU0133,185,0.0,8,170
2024-01-22,SKU0133,28,304.0,8,170
2024-01-29,SKU0133,148,307.0,8,170
2024-02-05,SKU0133,0,307.0,8,170
2024-02-12,SKU0133,142,393.0,8,170
2024-02-19,SKU0133,374,0.0,8,170
2024-02-26,SKU0133,219,0.0,8,170
2024-03-04,SKU0133,56,291.0,8,170
2024-03-11,SKU0133,197,0.0,8,170
2024-03-18,SKU0133,38,276.0,8,170
2024-03-25,SKU0133,169,259.0,8,170
2024-04-01,SKU0133,36,259.0,8,170
2024-04-08,SKU0133,148,307.0,8,170
2024-04-15,SKU0133,292,0.0,8,170
2024-04-22,SKU0133,173,0.0,8,170
2024-04-29,SKU0133,84,208.0,8,170
2024-05-06,SKU0133,193,0.0,8,170
2024-05-13,SKU0133,94,180.0,8,170
2024-05-20,SKU0133,184,0.0,8,170
2024-05-27,SKU0133,90,155.0,8,170
2024-06-03,SKU0133,164,135.0,8,170
2024-06-10,SKU0133,94,135.0,8,170
2024-06-17,SKU0133,173,0.0,8,170
2024-06-24,SKU0133,118,114.0,8,170
2024-07-01,SKU0133,179,0.0,8,170
2024-07-08,SKU0133,127,99.0,8,170
2024-07-15,SKU0133,176,0.0,8,170
2024-07-22,SKU0133,99,134.0,8,170
2024-07-29,SKU0133,184,0.0,8,170
2024-08-05,SKU0133,136,88.0,8,170
2024-08-12,SKU0133,174,0.0,8,170
2024-08-19,SKU0133,129,91.0,8,170
2024-08-26,SKU0133,152,129.0,8,170
2024-09-02,SKU0133,221,0.0,8,170
2024-09-09,SKU0133,130,216.0,8,170
2024-09-16,SKU0133,267,0.0,8,170
2024-09-23,SKU0133,194,0.0,8,170
2024-09-30,SKU0133,130,139.0,8,170
2024-10-07,SKU0133,199,0.0,8,170
2024-10-14,SKU0133,86,161.0,8,170
2024-10-21,SKU0133,150,235.0,8,170
2024-10-28,SKU0133,279,0.0,8,170
2024-11-04,SKU0133,183,0.0,8,170
2024-11-11,SKU0133,73,212.0,8,170
2024-11-18,SKU0133,153,235.0,8,170
2024-11-25,SKU0133,26,235.0,8,170
2024-12-02,SKU0133,91,254.0,8,170
2024-12-09,SKU0133,209,0.0,8,170
2024-12-16,SKU0133,53,272.0,8,170
2024-12-23,SKU0133,147,370.0,8,170
2024-12-30,SKU0133,346,0.0,8,170
2025-01-06,SKU0133,172,0.0,8,170
2025-01-13,SKU0133,0,445.0,8,170
2025-01-20,SKU0133,332,0.0,8,170
2025-01-27,SKU0133,174,0.0,8,170
2025-02-03,SKU0133,0,307.0,8,170
2025-02-10,SKU0133,163,304.0,8,170
2025-02-17,SKU0133,0,304.0,8,170
2025-02-24,SKU0133,124,382.0,8,170
2025-03-03,SKU0133,364,0.0,8,170
2025-03-10,SKU0133,207,0.0,8,170
2025-03-17,SKU0133,70,276.0,8,170
2025-03-24,SKU0133,228,0.0,8,170
2025-03-31,SKU0133,76,254.0,8,170
2025-04-07,SKU0133,200,0.0,8,170
2025-04-14,SKU0133,39,234.0,8,170
2025-04-21,SKU0133,157,212.0,8,170
2025-04-28,SKU0133,51,212.0,8,170
2025-05-05,SKU0133,167,186.0,8,170
2025-05-12,SKU0133,84,186.0,8,170
2025-05-19,SKU0133,190,0.0,8,170
2025-05-26,SKU0133,112,156.0,8,170
2025-06-02,SKU0133,197,0.0,8,170
2025-06-09,SKU0133,121,132.0,8,170
2025-06-16,SKU0133,192,0.0,8,170
2025-06-23,SKU0133,133,113.0,8,170
2025-06-30,SKU0133,171,0.0,8,170
2025-07-07,SKU0133,113,100.0,8,170
2025-07-14,SKU0133,160,119.0,8,170
2025-07-21,SKU0133,201,0.0,8,170
2025-07-28,SKU0133,144,88.0,8,170
2025-08-04,SKU0133,191,0.0,8,170
2025-08-11,SKU0133,131,89.0,8,170
2025-08-18,SKU0133,174,0.0,8,170
2025-08-25,SKU0133,118,95.0,8,170
2025-09-01,SKU0133,151,134.0,8,170
2025-09-08,SKU0133,207,0.0,8,170
2025-09-15,SKU0133,123,117.0,8,170
2025-09-22,SKU0133,181,0.0,8,170
2025-09-29,SKU0133,107,136.0,8,170
2025-10-06,SKU0133,164,156.0,8,170
2025-10-13,SKU0133,77,156.0,8,170
2025-10-20,SKU0133,148,232.0,8,170
2025-10-27,SKU0133,288,0.0,8,170
2025-11-03,SKU0133,182,0.0,8,170
2025-11-10,SKU0133,63,211.0,8,170
2025-11-17,SKU0133,157,233.0,8,170
2025-11-24,SKU0133,36,233.0,8,170
2025-12-01,SKU0133,75,430.0,8,170
2025-12-08,SKU0133,366,0.0,8,170
2025-12-15,SKU0133,218,0.0,8,170
2025-12-22,SKU0133,0,415.0,8,170
2025-12-29,SKU0133,285,0.0,8,170
2024-01-01,SKU0134,138,787.0,27,227
2024-01-08,SKU0134,0,787.0,27,227
2024-01-15,SKU0134,0,,27,227
2024-01-22,SKU0134,0,787.0,27,227
2024-01-29,SKU0134,759,0.0,27,227
2024-02-05,SKU0134,660,,27,227
2024-02-12,SKU0134,566,0.0,27,227
2024-02-19,SKU0134,449,0.0,27,227
2024-02-26,SKU0134,343,0.0,27,227
2024-03-04,SKU0134,256,0.0,27,227
2024-03-11,SKU0134,167,516.0,27,227
2024-03-18,SKU0134,104,516.0,27,227
2024-03-25,SKU0134,34,516.0,27,227
2024-04-01,SKU0134,0,516.0,27,227
2024-04-08,SKU0134,462,0.0,27,227
2024-04-15,SKU0134,370,0.0,27,227
2024-04-22,SKU0134,314,0.0,27,227
2024-04-29,SKU0134,253,0.0,27,227
2024-05-06,SKU0134,214,362.0,27,227
2024-05-13,SKU0134,172,362.0,27,227
2024-05-20,SKU0134,128,362.0,27,227
2024-05-27,SKU0134,89,362.0,27,227
2024-06-03,SKU0134,408,0.0,27,227
2024-06-10,SKU0134,376,0.0,27,227
2024-06-17,SKU0134,345,0.0,27,227
2024-06-24,SKU0134,317,0.0,27,227
2024-07-01,SKU0134,287,0.0,27,227
2024-07-08,SKU0134,257,0.0,27,227
2024-07-15,SKU0134,220,360.0,27,227
2024-07-22,SKU0134,168,360.0,27,227
2024-07-29,SKU0134,138,360.0,27,227
2024-08-05,SKU0134,100,360.0,27,227
2024-08-12,SKU0134,430,0.0,27,227
2024-08-19,SKU0134,382,,27,227
2024-08-26,SKU0134,327,0.0,27,227
2024-09-02,SKU0134,273,0.0,27,227
2024-09-09,SKU0134,175,866.0,27,227
2024-09-16,SKU0134,102,866.0,27,227
2024-09-23,SKU0134,32,,27,227
2024-09-30,SKU0134,0,866.0,27,227
2024-10-07,SKU0134,815,0.0,27,227
2024-10-14,SKU0134,724,0.0,27,227
2024-10-21,SKU0134,631,0.0,27,227
2024-10-28,SKU0134,544,0.0,27,227
2024-11-04,SKU0134,430,0.0,27,227
2024-11-11,SKU0134,345,0.0,27,227
2024-11-18,SKU0134,240,0.0,27,227
2024-11-25,SKU0134,101,634.0,27,227
2024-12-02,SKU0134,0,634.0,27,227
2024-12-09,SKU0134,0,634.0,27,227
2024-12-16,SKU0134,0,634.0,27,227
2024-12-23,SKU0134,462,0.0,27,227
2024-12-30,SKU0134,364,0.0,27,227
2025-01-06,SKU0134,213,1266.0,27,227
2025-01-13,SKU0134,54,1266.0,27,227
2025-01-20,SKU0134,0,1266.0,27,227
2025-01-27,SKU0134,0,1266.0,27,227
2025-02-03,SKU0134,1233,0.0,27,227
2025-02-10,SKU0134,1134,0.0,27,227
2025-02-17,SKU0134,1034,0.0,27,227
2025-02-24,SKU0134,929,0.0,27,227
2025-03-03,SKU0134,836,0.0,27,227
2025-03-10,SKU0134,758,0.0,27,227
2025-03-17,SKU0134,680,0.0,27,227
2025-03-24,SKU0134,598,0.0,27,227
2025-03-31,SKU0134,517,0.0,27,227
2025-04-07,SKU0134,445,0.0,27,227
2025-04-14,SKU0134,330,0.0,27,227
2025-04-21,SKU0134,273,0.0,27,227
2025-04-28,SKU0134,229,0.0,27,227
2025-05-05,SKU0134,184,287.0,27,227
2025-05-12,SKU0134,138,287.0,27,227
2025-05-19,SKU0134,108,287.0,27,227
2025-05-26,SKU0134,369,0.0,27,227
2025-06-02,SKU0134,338,0.0,27,227
2025-06-09,SKU0134,319,0.0,27,227
2025-06-16,SKU0134,284,0.0,27,227
2025-06-23,SKU0134,254,0.0,27,227
2025-06-30,SKU0134,224,172.0,27,227
2025-07-07,SKU0134,205,172.0,27,227
2025-07-14,SKU0134,175,172.0,27,227
2025-07-21,SKU0134,110,172.0,27,227
2025-07-28,SKU0134,243,0.0,27,227
2025-08-04,SKU0134,204,,27,227
2025-08-11,SKU0134,176,289.0,27,227
2025-08-18,SKU0134,138,289.0,27,227
2025-08-25,SKU0134,80,289.0,27,227
2025-09-01,SKU0134,317,0.0,27,227
2025-09-08,SKU0134,244,0.0,27,227
2025-09-15,SKU0134,185,671.0,27,227
2025-09-22,SKU0134,123,671.0,27,227
2025-09-29,SKU0134,55,671.0,27,227
2025-10-06,SKU0134,0,671.0,27,227
2025-10-13,SKU0134,597,0.0,27,227
2025-10-20,SKU0134,515,0.0,27,227
2025-10-27,SKU0134,443,0.0,27,227
2025-11-03,SKU0134,337,0.0,27,227
2025-11-10,SKU0134,237,0.0,27,227
2025-11-17,SKU0134,132,,27,227
2025-11-24,SKU0134,31,602.0,27,227
2025-12-01,SKU0134,0,602.0,27,227
2025-12-08,SKU0134,588,0.0,27,227
2025-12-15,SKU0134,474,0.0,27,227
2025-12-22,SKU0134,284,0.0,27,227
2025-12-29,SKU0134,176,671.0,27,227
2024-01-01,SKU0135,44,790.0,29,455
2024-01-08,SKU0135,0,790.0,29,455
2024-01-15,SKU0135,0,790.0,29,455
2024-01-22,SKU0135,0,790.0,29,455
2024-01-29,SKU0135,0,790.0,29,455
2024-02-05,SKU0135,676,0.0,29,455
2024-02-12,SKU0135,541,0.0,29,455
2024-02-19,SKU0135,402,1059.0,29,455
2024-02-26,SKU0135,270,1059.0,29,455
2024-03-04,SKU0135,144,1059.0,29,455
2024-03-11,SKU0135,18,1059.0,29,455
2024-03-18,SKU0135,1030,0.0,29,455
2024-03-25,SKU0135,917,0.0,29,455
2024-04-01,SKU0135,787,0.0,29,455
2024-04-08,SKU0135,649,0.0,29,455
2024-04-15,SKU0135,406,2020.0,29,455
2024-04-22,SKU0135,271,2020.0,29,455
2024-04-29,SKU0135,161,,29,455
2024-05-06,SKU0135,38,2020.0,29,455
2024-05-13,SKU0135,2005,0.0,29,455
2024-05-20,SKU0135,1887,0.0,29,455
2024-05-27,SKU0135,1778,0.0,29,455
2024-06-03,SKU0135,1666,0.0,29,455
2024-06-10,SKU0135,1568,0.0,29,455
2024-06-17,SKU0135,1467,0.0,29,455
2024-06-24,SKU0135,1374,0.0,29,455
2024-07-01,SKU0135,1285,0.0,29,455
2024-07-08,SKU0135,1192,0.0,29,455
2024-07-15,SKU0135,1085,0.0,29,455
2024-07-22,SKU0135,964,0.0,29,455
2024-07-29,SKU0135,888,0.0,29,455
2024-08-05,SKU0135,799,0.0,29,455
2024-08-12,SKU0135,731,0.0,29,455
2024-08-19,SKU0135,646,0.0,29,455
2024-08-26,SKU0135,581,0.0,29,455
2024-09-02,SKU0135,523,0.0,29,455
2024-09-09,SKU0135,413,980.0,29,455
2024-09-16,SKU0135,331,980.0,29,455
2024-09-23,SKU0135,259,980.0,29,455
2024-09-30,SKU0135,197,980.0,29,455
2024-10-07,SKU0135,1107,0.0,29,455
2024-10-14,SKU0135,1041,0.0,29,455
2024-10-21,SKU0135,979,0.0,29,455
2024-10-28,SKU0135,912,0.0,29,455
2024-11-04,SKU0135,845,0.0,29,455
2024-11-11,SKU0135,757,0.0,29,455
2024-11-18,SKU0135,687,0.0,29,455
2024-11-25,SKU0135,595,0.0,29,455
2024-12-02,SKU0135,477,0.0,29,455
2024-12-09,SKU0135,389,592.0,29,455
2024-12-16,SKU0135,266,592.0,29,455
2024-12-23,SKU0135,121,592.0,29,455
2024-12-30,SKU0135,21,592.0,29,455
2025-01-06,SKU0135,459,0.0,29,455
2025-01-13,SKU0135,309,1374.0,29,455
2025-01-20,SKU0135,190,1374.0,29,455
2025-01-27,SKU0135,69,1374.0,29,455
2025-02-03,SKU0135,0,1374.0,29,455
2025-02-10,SKU0135,1279,0.0,29,455
2025-02-17,SKU0135,1152,0.0,29,455
2025-02-24,SKU0135,1003,0.0,29,455
2025-03-03,SKU0135,881,0.0,29,455
2025-03-10,SKU0135,734,0.0,29,455
2025-03-17,SKU0135,597,0.0,29,455
2025-03-24,SKU0135,466,0.0,29,455
2025-03-31,SKU0135,342,878.0,29,455
2025-04-07,SKU0135,198,878.0,29,455
2025-04-14,SKU0135,0,878.0,29,455
2025-04-21,SKU0135,0,878.0,29,455
2025-04-28,SKU0135,756,0.0,29,455
2025-05-05,SKU0135,627,0.0,29,455
2025-05-12,SKU0135,506,0.0,29,455
2025-05-19,SKU0135,384,775.0,29,455
2025-05-26,SKU0135,245,775.0,29,455
2025-06-02,SKU0135,138,775.0,29,455
2025-06-09,SKU0135,22,775.0,29,455
2025-06-16,SKU0135,725,0.0,29,455
2025-06-23,SKU0135,618,0.0,29,455
2025-06-30,SKU0135,526,0.0,29,455
2025-07-07,SKU0135,438,731.0,29,455
2025-07-14,SKU0135,349,731.0,29,455
2025-07-21,SKU0135,178,731.0,29,455
2025-07-28,SKU0135,105,731.0,29,455
2025-08-04,SKU0135,763,0.0,29,455
2025-08-11,SKU0135,697,0.0,29,455
2025-08-18,SKU0135,628,0.0,29,455
2025-08-25,SKU0135,562,0.0,29,455
2025-09-01,SKU0135,509,0.0,29,455
2025-09-08,SKU0135,393,800.0,29,455
2025-09-15,SKU0135,314,800.0,29,455
2025-09-22,SKU0135,243,800.0,29,455
2025-09-29,SKU0135,189,800.0,29,455
2025-10-06,SKU0135,944,0.0,29,455
2025-10-13,SKU0135,882,0.0,29,455
2025-10-20,SKU0135,813,0.0,29,455
2025-10-27,SKU0135,748,0.0,29,455
2025-11-03,SKU0135,679,0.0,29,455
2025-11-10,SKU0135,611,0.0,29,455
2025-11-17,SKU0135,529,0.0,29,455
2025-11-24,SKU0135,420,708.0,29,455
2025-12-01,SKU0135,274,708.0,29,455
2025-12-08,SKU0135,182,708.0,29,455
2025-12-15,SKU0135,69,708.0,29,455
2025-12-22,SKU0135,664,0.0,29,455
2025-12-29,SKU0135,559,0.0,29,455
2024-01-01,SKU0136,177,0.0,23,105
2024-01-08,SKU0136,140,0.0,23,105
2024-01-15,SKU0136,112,0.0,23,105
2024-01-22,SKU0136,84,147.0,23,105
2024-01-29,SKU0136,51,147.0,23,105
2024-02-05,SKU0136,23,147.0,23,105
2024-02-12,SKU0136,137,0.0,23,105
2024-02-19,SKU0136,90,223.0,23,105
2024-02-26,SKU0136,56,223.0,23,105
2024-03-04,SKU0136,9,223.0,23,105
2024-03-11,SKU0136,215,0.0,23,105
2024-03-18,SKU0136,176,0.0,23,105
2024-03-25,SKU0136,127,0.0,23,105
2024-04-01,SKU0136,74,249.0,23,105
2024-04-08,SKU0136,23,249.0,23,105
2024-04-15,SKU0136,0,249.0,23,105
2024-04-22,SKU0136,232,0.0,23,105
2024-04-29,SKU0136,177,0.0,23,105
2024-05-06,SKU0136,119,0.0,23,105
2024-05-13,SKU0136,63,279.0,23,105
2024-05-20,SKU0136,3,279.0,23,105
2024-05-27,SKU0136,0,279.0,23,105
2024-06-03,SKU0136,249,0.0,23,105
2024-06-10,SKU0136,180,0.0,23,105
2024-06-17,SKU0136,141,0.0,23,105
2024-06-24,SKU0136,105,264.0,23,105
2024-07-01,SKU0136,66,264.0,23,105
2024-07-08,SKU0136,9,264.0,23,105
2024-07-15,SKU0136,0,264.0,23,105
2024-07-22,SKU0136,206,0.0,23,105
2024-07-29,SKU0136,151,0.0,23,105
2024-08-05,SKU0136,99,214.0,23,105
2024-08-12,SKU0136,60,214.0,23,105
2024-08-19,SKU0136,26,214.0,23,105
2024-08-26,SKU0136,0,214.0,23,105
2024-09-02,SKU0136,182,0.0,23,105
2024-09-09,SKU0136,139,0.0,23,105
2024-09-16,SKU0136,104,155.0,23,105
2024-09-23,SKU0136,72,155.0,23,105
2024-09-30,SKU0136,44,155.0,23,105
2024-10-07,SKU0136,25,155.0,23,105
2024-10-14,SKU0136,157,0.0,23,105
2024-10-21,SKU0136,136,0.0,23,105
2024-10-28,SKU0136,114,0.0,23,105
2024-11-04,SKU0136,98,116.0,23,105
2024-11-11,SKU0136,74,116.0,23,105
2024-11-18,SKU0136,43,116.0,23,105
2024-11-25,SKU0136,138,0.0,23,105
2024-12-02,SKU0136,102,117.0,23,105
2024-12-09,SKU0136,74,117.0,23,105
2024-12-16,SKU0136,34,117.0,23,105
2024-12-23,SKU0136,0,117.0,23,105
2024-12-30,SKU0136,92,135.0,23,105
2025-01-06,SKU0136,58,135.0,23,105
2025-01-13,SKU0136,23,135.0,23,105
2025-01-20,SKU0136,125,0.0,23,105
2025-01-27,SKU0136,104,199.0,23,105
2025-02-03,SKU0136,69,199.0,23,105
2025-02-10,SKU0136,20,199.0,23,105
2025-02-17,SKU0136,0,199.0,23,105
2025-02-24,SKU0136,156,0.0,23,105
2025-03-03,SKU0136,113,0.0,23,105
2025-03-10,SKU0136,67,228.0,23,105
2025-03-17,SKU0136,5,228.0,23,105
2025-03-24,SKU0136,0,228.0,23,105
2025-03-31,SKU0136,196,0.0,23,105
2025-04-07,SKU0136,155,0.0,23,105
2025-04-14,SKU0136,75,586.0,23,105
2025-04-21,SKU0136,21,586.0,23,105
2025-04-28,SKU0136,0,586.0,23,105
2025-05-05,SKU0136,0,586.0,23,105
2025-05-12,SKU0136,519,0.0,23,105
2025-05-19,SKU0136,464,0.0,23,105
2025-05-26,SKU0136,395,0.0,23,105
2025-06-02,SKU0136,346,0.0,23,105
2025-06-09,SKU0136,279,0.0,23,105
2025-06-16,SKU0136,225,0.0,23,105
2025-06-23,SKU0136,175,0.0,23,105
2025-06-30,SKU0136,119,0.0,23,105
2025-07-07,SKU0136,66,267.0,23,105
2025-07-14,SKU0136,34,267.0,23,105
2025-07-21,SKU0136,0,267.0,23,105
2025-07-28,SKU0136,235,0.0,23,105
2025-08-04,SKU0136,195,0.0,23,105
2025-08-11,SKU0136,161,0.0,23,105
2025-08-18,SKU0136,121,0.0,23,105
2025-08-25,SKU0136,81,,23,105
2025-09-01,SKU0136,54,201.0,23,105
2025-09-08,SKU0136,0,201.0,23,105
2025-09-15,SKU0136,170,0.0,23,105
2025-09-22,SKU0136,125,0.0,23,105
2025-09-29,SKU0136,85,154.0,23,105
2025-10-06,SKU0136,68,154.0,23,105
2025-10-13,SKU0136,39,154.0,23,105
2025-10-20,SKU0136,166,0.0,23,105
2025-10-27,SKU0136,144,0.0,23,105
2025-11-03,SKU0136,126,0.0,23,105
2025-11-10,SKU0136,104,124.0,23,105
2025-11-17,SKU0136,78,124.0,23,105
2025-11-24,SKU0136,52,124.0,23,105
2025-12-01,SKU0136,16,124.0,23,105
2025-12-08,SKU0136,112,0.0,23,105
2025-12-15,SKU0136,87,131.0,23,105
2025-12-22,SKU0136,52,131.0,23,105
2025-12-29,SKU0136,22,131.0,23,105
2024-01-01,SKU0137,26,179.0,9,72
2024-01-08,SKU0137,0,179.0,9,72
2024-01-15,SKU0137,111,0.0,9,72
2024-01-22,SKU0137,36,166.0,9,72
2024-01-29,SKU0137,149,0.0,9,72
2024-02-05,SKU0137,79,0.0,9,72
2024-02-12,SKU0137,10,174.0,9,72
2024-02-19,SKU0137,121,0.0,9,72
2024-02-26,SKU0137,39,212.0,9,72
2024-03-04,SKU0137,206,0.0,9,72
2024-03-11,SKU0137,105,0.0,9,72
2024-03-18,SKU0137,18,178.0,9,72
2024-03-25,SKU0137,138,0.0,9,72
2024-04-01,SKU0137,62,208.0,9,72
2024-04-08,SKU0137,0,208.0,9,72
2024-04-15,SKU0137,116,0.0,9,72
2024-04-22,SKU0137,45,198.0,9,72
2024-04-29,SKU0137,180,0.0,9,72
2024-05-06,SKU0137,97,0.0,9,72
2024-05-13,SKU0137,28,155.0,9,72
2024-05-20,SKU0137,117,0.0,9,72
2024-05-27,SKU0137,51,171.0,9,72
2024-06-03,SKU0137,0,171.0,9,72
2024-06-10,SKU0137,104,0.0,9,72
2024-06-17,SKU0137,32,130.0,9,72
2024-06-24,SKU0137,108,0.0,9,72
2024-07-01,SKU0137,36,120.0,9,72
2024-07-08,SKU0137,106,0.0,9,72
2024-07-15,SKU0137,63,131.0,9,72
2024-07-22,SKU0137,13,131.0,9,72
2024-07-29,SKU0137,104,0.0,9,72
2024-08-05,SKU0137,70,100.0,9,72
2024-08-12,SKU0137,20,100.0,9,72
2024-08-19,SKU0137,70,96.0,9,72
2024-08-26,SKU0137,21,96.0,9,72
2024-09-02,SKU0137,68,113.0,9,72
2024-09-09,SKU0137,16,113.0,9,72
2024-09-16,SKU0137,88,0.0,9,72
2024-09-23,SKU0137,54,96.0,9,72
2024-09-30,SKU0137,111,0.0,9,72
2024-10-07,SKU0137,66,120.0,9,72
2024-10-14,SKU0137,21,120.0,9,72
2024-10-21,SKU0137,87,0.0,9,72
2024-10-28,SKU0137,35,110.0,9,72
2024-11-04,SKU0137,93,0.0,9,72
2024-11-11,SKU0137,37,119.0,9,72
2024-11-18,SKU0137,99,0.0,9,72
2024-11-25,SKU0137,34,129.0,9,72
2024-12-02,SKU0137,103,0.0,9,72
2024-12-09,SKU0137,35,138.0,9,72
2024-12-16,SKU0137,97,0.0,9,72
2024-12-23,SKU0137,19,198.0,9,72
2024-12-30,SKU0137,158,0.0,9,72
2025-01-06,SKU0137,61,214.0,9,72
2025-01-13,SKU0137,0,214.0,9,72
2025-01-20,SKU0137,152,0.0,9,72
2025-01-27,SKU0137,52,203.0,9,72
2025-02-03,SKU0137,0,203.0,9,72
2025-02-10,SKU0137,117,0.0,9,72
2025-02-17,SKU0137,31,177.0,9,72
2025-02-24,SKU0137,152,0.0,9,72
2025-03-03,SKU0137,71,180.0,9,72
2025-03-10,SKU0137,0,180.0,9,72
2025-03-17,SKU0137,103,0.0,9,72
2025-03-24,SKU0137,18,178.0,9,72
2025-03-31,SKU0137,139,0.0,9,72
2025-04-07,SKU0137,57,206.0,9,72
2025-04-14,SKU0137,0,206.0,9,72
2025-04-21,SKU0137,107,0.0,9,72
2025-04-28,SKU0137,32,165.0,9,72
2025-05-05,SKU0137,147,0.0,9,72
2025-05-12,SKU0137,68,154.0,9,72
2025-05-19,SKU0137,0,154.0,9,72
2025-05-26,SKU0137,89,0.0,9,72
2025-06-02,SKU0137,27,142.0,9,72
2025-06-09,SKU0137,104,0.0,9,72
2025-06-16,SKU0137,35,131.0,9,72
2025-06-23,SKU0137,113,0.0,9,72
2025-06-30,SKU0137,42,144.0,9,72
2025-07-07,SKU0137,131,0.0,9,72
2025-07-14,SKU0137,70,111.0,9,72
2025-07-21,SKU0137,0,111.0,9,72
2025-07-28,SKU0137,67,104.0,9,72
2025-08-04,SKU0137,18,104.0,9,72
2025-08-11,SKU0137,76,0.0,9,72
2025-08-18,SKU0137,26,98.0,9,72
2025-08-25,SKU0137,75,0.0,9,72
2025-09-01,SKU0137,37,96.0,9,72
2025-09-08,SKU0137,69,128.0,9,72
2025-09-15,SKU0137,20,128.0,9,72
2025-09-22,SKU0137,103,0.0,9,72
2025-09-29,SKU0137,54,118.0,9,72
2025-10-06,SKU0137,115,0.0,9,72
2025-10-13,SKU0137,67,105.0,9,72
2025-10-20,SKU0137,16,105.0,9,72
2025-10-27,SKU0137,73,0.0,9,72
2025-11-03,SKU0137,23,113.0,9,72
2025-11-10,SKU0137,93,0.0,9,72
2025-11-17,SKU0137,45,123.0,9,72
2025-11-24,SKU0137,109,0.0,9,72
2025-12-01,SKU0137,16,178.0,9,72
2025-12-08,SKU0137,148,0.0,9,72
2025-12-15,SKU0137,77,0.0,9,72
2025-12-22,SKU0137,0,196.0,9,72
2025-12-29,SKU0137,140,,9,72
2024-12-09,SKU0138,128,426.0,18,154
2024-12-16,SKU0138,25,426.0,18,154
2024-12-23,SKU0138,0,426.0,18,154
2024-12-30,SKU0138,366,0.0,18,154
2025-01-06,SKU0138,257,0.0,18,154
2025-01-13,SKU0138,139,476.0,18,154
2025-01-20,SKU0138,71,476.0,18,154
2025-01-27,SKU0138,0,476.0,18,154
2025-02-03,SKU0138,424,0.0,18,154
2025-02-10,SKU0138,346,0.0,18,154
2025-02-17,SKU0138,275,0.0,18,154
2025-02-24,SKU0138,202,0.0,18,154
2025-03-03,SKU0138,128,460.0,18,154
2025-03-10,SKU0138,67,460.0,18,154
2025-03-17,SKU0138,0,460.0,18,154
2025-03-24,SKU0138,413,0.0,18,154
2025-03-31,SKU0138,354,0.0,18,154
2025-04-07,SKU0138,289,0.0,18,154
2025-04-14,SKU0138,179,0.0,18,154
2025-04-21,SKU0138,110,268.0,18,154
2025-04-28,SKU0138,55,268.0,18,154
2025-05-05,SKU0138,267,0.0,18,154
2025-05-12,SKU0138,207,0.0,18,154
2025-05-19,SKU0138,161,0.0,18,154
2025-05-26,SKU0138,120,203.0,18,154
2025-06-02,SKU0138,79,203.0,18,154
2025-06-09,SKU0138,245,0.0,18,154
2025-06-16,SKU0138,215,0.0,18,154
2025-06-23,SKU0138,182,0.0,18,154
2025-06-30,SKU0138,157,0.0,18,154
2025-07-07,SKU0138,118,145.0,18,154
2025-07-14,SKU0138,88,145.0,18,154
2025-07-21,SKU0138,176,0.0,18,154
2025-07-28,SKU0138,147,179.0,18,154
2025-08-04,SKU0138,116,179.0,18,154
2025-08-11,SKU0138,94,179.0,18,154
2025-08-18,SKU0138,236,0.0,18,154
2025-08-25,SKU0138,197,0.0,18,154
2025-09-01,SKU0138,164,0.0,18,154
2025-09-08,SKU0138,99,150.0,18,154
2025-09-15,SKU0138,51,150.0,18,154
2025-09-22,SKU0138,164,0.0,18,154
2025-09-29,SKU0138,115,177.0,18,154
2025-10-06,SKU0138,77,177.0,18,154
2025-10-13,SKU0138,203,0.0,18,154
2025-10-20,SKU0138,138,301.0,18,154
2025-10-27,SKU0138,92,301.0,18,154
2025-11-03,SKU0138,48,301.0,18,154
2025-11-10,SKU0138,302,0.0,18,154
2025-11-17,SKU0138,241,0.0,18,154
2025-11-24,SKU0138,181,0.0,18,154
2025-12-01,SKU0138,98,613.0,18,154
2025-12-08,SKU0138,27,613.0,18,154
2025-12-15,SKU0138,594,,18,154
2025-12-22,SKU0138,460,0.0,18,154
2025-12-29,SKU0138,381,0.0,18,154
2024-01-01,SKU0139,101,926.0,17,681
2024-01-08,SKU0139,0,926.0,17,681
2024-01-15,SKU0139,0,926.0,17,681
2024-01-22,SKU0139,724,0.0,17,681
2024-01-29,SKU0139,451,875.0,17,681
2024-02-05,SKU0139,168,875.0,17,681
2024-02-12,SKU0139,775,0.0,17,681
2024-02-19,SKU0139,500,914.0,17,681
2024-02-26,SKU0139,229,914.0,17,681
2024-03-04,SKU0139,879,0.0,17,681
2024-03-11,SKU0139,586,1232.0,17,681
2024-03-18,SKU0139,308,1232.0,17,681
2024-03-25,SKU0139,27,1232.0,17,681
2024-04-01,SKU0139,1000,0.0,17,681
2024-04-08,SKU0139,735,0.0,17,681
2024-04-15,SKU0139,370,1337.0,17,681
2024-04-22,SKU0139,99,1337.0,17,681
2024-04-29,SKU0139,1232,0.0,17,681
2024-05-06,SKU0139,985,0.0,17,681
2024-05-13,SKU0139,743,0.0,17,681
2024-05-20,SKU0139,527,,17,681
2024-05-27,SKU0139,293,733.0,17,681
2024-06-03,SKU0139,831,0.0,17,681
2024-06-10,SKU0139,610,852.0,17,681
2024-06-17,SKU0139,424,852.0,17,681
2024-06-24,SKU0139,277,852.0,17,681
2024-07-01,SKU0139,958,0.0,17,681
2024-07-08,SKU0139,793,0.0,17,681
2024-07-15,SKU0139,593,684.0,17,681
2024-07-22,SKU0139,391,684.0,17,681
2024-07-29,SKU0139,252,684.0,17,681
2024-08-05,SKU0139,811,0.0,17,681
2024-08-12,SKU0139,672,443.0,17,681
2024-08-19,SKU0139,520,443.0,17,681
2024-08-26,SKU0139,386,443.0,17,681
2024-09-02,SKU0139,684,0.0,17,681
2024-09-09,SKU0139,481,434.0,17,681
2024-09-16,SKU0139,339,434.0,17,681
2024-09-23,SKU0139,617,609.0,17,681
2024-09-30,SKU0139,478,609.0,17,681
2024-10-07,SKU0139,329,609.0,17,681
2024-10-14,SKU0139,793,0.0,17,681
2024-10-21,SKU0139,635,707.0,17,681
2024-10-28,SKU0139,485,707.0,17,681
2024-11-04,SKU0139,312,707.0,17,681
2024-11-11,SKU0139,868,0.0,17,681
2024-11-18,SKU0139,703,0.0,17,681
2024-11-25,SKU0139,501,640.0,17,681
2024-12-02,SKU0139,246,640.0,17,681
2024-12-09,SKU0139,668,724.0,17,681
2024-12-16,SKU0139,415,724.0,17,681
2024-12-23,SKU0139,124,724.0,17,681
2024-12-30,SKU0139,606,1074.0,17,681
2025-01-06,SKU0139,332,1074.0,17,681
2025-01-13,SKU0139,0,1074.0,17,681
2025-01-20,SKU0139,807,0.0,17,681
2025-01-27,SKU0139,555,1189.0,17,681
2025-02-03,SKU0139,273,1189.0,17,681
2025-02-10,SKU0139,0,1189.0,17,681
2025-02-17,SKU0139,940,0.0,17,681
2025-02-24,SKU0139,659,923.0,17,681
2025-03-03,SKU0139,372,923.0,17,681
2025-03-10,SKU0139,84,923.0,17,681
2025-03-17,SKU0139,720,0.0,17,681
2025-03-24,SKU0139,443,910.0,17,681
2025-03-31,SKU0139,157,910.0,17,681
2025-04-07,SKU0139,780,0.0,17,681
2025-04-14,SKU0139,396,1343.0,17,681
2025-04-21,SKU0139,86,1343.0,17,681
2025-04-28,SKU0139,1263,0.0,17,681
2025-05-05,SKU0139,1025,0.0,17,681
2025-05-12,SKU0139,806,0.0,17,681
2025-05-19,SKU0139,592,737.0,17,681
2025-05-26,SKU0139,385,737.0,17,681
2025-06-02,SKU0139,925,0.0,17,681
2025-06-09,SKU0139,719,0.0,17,681
2025-06-16,SKU0139,540,629.0,17,681
2025-06-23,SKU0139,387,629.0,17,681
2025-06-30,SKU0139,841,0.0,17,681
2025-07-07,SKU0139,666,531.0,17,681
2025-07-14,SKU0139,510,531.0,17,681
2025-07-21,SKU0139,263,531.0,17,681
2025-07-28,SKU0139,658,639.0,17,681
2025-08-04,SKU0139,520,639.0,17,681
2025-08-11,SKU0139,368,639.0,17,681
2025-08-18,SKU0139,876,0.0,17,681
2025-08-25,SKU0139,739,0.0,17,681
2025-09-01,SKU0139,602,437.0,17,681
2025-09-08,SKU0139,456,437.0,17,681
2025-09-15,SKU0139,739,0.0,17,681
2025-09-22,SKU0139,596,452.0,17,681
2025-09-29,SKU0139,438,452.0,17,681
2025-10-06,SKU0139,748,0.0,17,681
2025-10-13,SKU0139,602,499.0,17,681
2025-10-20,SKU0139,448,499.0,17,681
2025-10-27,SKU0139,771,0.0,17,681
2025-11-03,SKU0139,573,769.0,17,681
2025-11-10,SKU0139,405,769.0,17,681
2025-11-17,SKU0139,200,769.0,17,681
2025-11-24,SKU0139,776,0.0,17,681
2025-12-01,SKU0139,491,1053.0,17,681
2025-12-08,SKU0139,267,1053.0,17,681
2025-12-15,SKU0139,1058,0.0,17,681
2025-12-22,SKU0139,734,0.0,17,681
2025-12-29,SKU0139,471,788.0,17,681
2025-07-07,SKU0140,149,0.0,21,148
2025-07-14,SKU0140,119,154.0,21,148
2025-07-21,SKU0140,75,154.0,21,148
2025-07-28,SKU0140,24,154.0,21,148
2025-08-04,SKU0140,152,0.0,21,148
2025-08-11,SKU0140,134,129.0,21,148
2025-08-18,SKU0140,93,129.0,21,148
2025-08-25,SKU0140,70,129.0,21,148
2025-09-01,SKU0140,181,0.0,21,148
2025-09-08,SKU0140,153,0.0,21,148
2025-09-15,SKU0140,122,194.0,21,148
2025-09-22,SKU0140,101,194.0,21,148
2025-09-29,SKU0140,67,194.0,21,148
2025-10-06,SKU0140,236,0.0,21,148
2025-10-13,SKU0140,217,0.0,21,148
2025-10-20,SKU0140,193,0.0,21,148
2025-10-27,SKU0140,178,0.0,21,148
2025-11-03,SKU0140,153,0.0,21,148
2025-11-10,SKU0140,128,108.0,21,148
2025-11-17,SKU0140,97,108.0,21,148
2025-11-24,SKU0140,68,108.0,21,148
2025-12-01,SKU0140,138,256.0,21,148
2025-12-08,SKU0140,106,256.0,21,148
2025-12-15,SKU0140,77,256.0,21,148
2025-12-22,SKU0140,277,0.0,21,148
2025-12-29,SKU0140,258,0.0,21,148
2024-01-01,SKU0141,103,1180.0,27,495
2024-01-08,SKU0141,0,1180.0,27,495
2024-01-15,SKU0141,0,1180.0,27,495
2024-01-22,SKU0141,0,1180.0,27,495
2024-01-29,SKU0141,1124,0.0,27,495
2024-02-05,SKU0141,895,0.0,27,495
2024-02-12,SKU0141,636,0.0,27,495
2024-02-19,SKU0141,382,2172.0,27,495
2024-02-26,SKU0141,80,2172.0,27,495
2024-03-04,SKU0141,0,2172.0,27,495
2024-03-11,SKU0141,0,2172.0,27,495
2024-03-18,SKU0141,1982,0.0,27,495
2024-03-25,SKU0141,1642,0.0,27,495
2024-04-01,SKU0141,1320,0.0,27,495
2024-04-08,SKU0141,971,0.0,27,495
2024-04-15,SKU0141,522,0.0,27,495
2024-04-22,SKU0141,159,2039.0,27,495
2024-04-29,SKU0141,0,2039.0,27,495
2024-05-06,SKU0141,0,2039.0,27,495
2024-05-13,SKU0141,2003,0.0,27,495
2024-05-20,SKU0141,1650,0.0,27,495
2024-05-27,SKU0141,1281,0.0,27,495
2024-06-03,SKU0141,953,0.0,27,495
2024-06-10,SKU0141,640,0.0,27,495
2024-06-17,SKU0141,301,1904.0,27,495
2024-06-24,SKU0141,0,1904.0,27,495
2024-07-01,SKU0141,0,1904.0,27,495
2024-07-08,SKU0141,0,1904.0,27,495
2024-07-15,SKU0141,1695,0.0,27,495
2024-07-22,SKU0141,1335,0.0,27,495
2024-07-29,SKU0141,1038,0.0,27,495
2024-08-05,SKU0141,797,0.0,27,495
2024-08-12,SKU0141,561,0.0,27,495
2024-08-19,SKU0141,363,1246.0,27,495
2024-08-26,SKU0141,159,1246.0,27,495
2024-09-02,SKU0141,0,1246.0,27,495
2024-09-09,SKU0141,0,,27,495
2024-09-16,SKU0141,1110,,27,495
2024-09-23,SKU0141,954,0.0,27,495
2024-09-30,SKU0141,826,0.0,27,495
2024-10-07,SKU0141,689,0.0,27,495
2024-10-14,SKU0141,549,0.0,27,495
2024-10-21,SKU0141,442,1014.0,27,495
2024-10-28,SKU0141,324,1014.0,27,495
2024-11-04,SKU0141,201,1014.0,27,495
2024-11-11,SKU0141,96,1014.0,27,495
2024-11-18,SKU0141,993,0.0,27,495
2024-11-25,SKU0141,864,0.0,27,495
2024-12-02,SKU0141,710,0.0,27,495
2024-12-09,SKU0141,588,0.0,27,495
2024-12-16,SKU0141,398,1226.0,27,495
2024-12-23,SKU0141,198,1226.0,27,495
2024-12-30,SKU0141,15,1226.0,27,495
2025-01-06,SKU0141,0,1226.0,27,495
2025-01-13,SKU0141,1108,0.0,27,495
2025-01-20,SKU0141,873,0.0,27,495
2025-01-27,SKU0141,657,0.0,27,495
2025-02-03,SKU0141,422,1937.0,27,495
2025-02-10,SKU0141,191,1937.0,27,495
2025-02-17,SKU0141,0,1937.0,27,495
2025-02-24,SKU0141,0,1937.0,27,495
2025-03-03,SKU0141,1762,0.0,27,495
2025-03-10,SKU0141,1448,0.0,27,495
2025-03-17,SKU0141,1123,0.0,27,495
2025-03-24,SKU0141,805,0.0,27,495
2025-03-31,SKU0141,455,1965.0,27,495
2025-04-07,SKU0141,109,1965.0,27,495
2025-04-14,SKU0141,0,1965.0,27,495
2025-04-21,SKU0141,0,1965.0,27,495
2025-04-28,SKU0141,1855,0.0,27,495
2025-05-05,SKU0141,1498,0.0,27,495
2025-05-12,SKU0141,1163,0.0,27,495
2025-05-19,SKU0141,789,0.0,27,495
2025-05-26,SKU0141,435,2830.0,27,495
2025-06-02,SKU0141,77,2830.0,27,495
2025-06-09,SKU0141,0,2830.0,27,495
2025-06-16,SKU0141,0,2830.0,27,495
2025-06-23,SKU0141,2674,0.0,27,495
2025-06-30,SKU0141,2357,0.0,27,495
2025-07-07,SKU0141,2047,0.0,27,495
2025-07-14,SKU0141,1737,0.0,27,495
2025-07-21,SKU0141,1315,0.0,27,495
2025-07-28,SKU0141,1037,0.0,27,495
2025-08-04,SKU0141,813,0.0,27,495
2025-08-11,SKU0141,558,0.0,27,495
2025-08-18,SKU0141,327,1264.0,27,495
2025-08-25,SKU0141,138,1264.0,27,495
2025-09-01,SKU0141,0,1264.0,27,495
2025-09-08,SKU0141,0,1264.0,27,495
2025-09-15,SKU0141,1120,0.0,27,495
2025-09-22,SKU0141,982,0.0,27,495
2025-09-29,SKU0141,835,0.0,27,495
2025-10-06,SKU0141,706,0.0,27,495
2025-10-13,SKU0141,555,0.0,27,495
2025-10-20,SKU0141,418,740.0,27,495
2025-10-27,SKU0141,302,740.0,27,495
2025-11-03,SKU0141,192,740.0,27,495
2025-11-10,SKU0141,73,740.0,27,495
2025-11-17,SKU0141,688,,27,495
2025-11-24,SKU0141,561,0.0,27,495
2025-12-01,SKU0141,391,1180.0,27,495
2025-12-08,SKU0141,253,1180.0,27,495
2025-12-15,SKU0141,67,1180.0,27,495
2025-12-22,SKU0141,0,1180.0,27,495
2025-12-29,SKU0141,1026,0.0,27,495
2024-01-01,SKU0142,68,2103.0,23,1334
2024-01-08,SKU0142,0,2103.0,23,1334
2024-01-15,SKU0142,0,2103.0,23,1334
2024-01-22,SKU0142,0,2103.0,23,1334
2024-01-29,SKU0142,1853,0.0,23,1334
2024-02-05,SKU0142,1566,,23,1334
2024-02-12,SKU0142,1299,1619.0,23,1334
2024-02-19,SKU0142,1024,1619.0,23,1334
2024-02-26,SKU0142,761,1619.0,23,1334
2024-03-04,SKU0142,529,1619.0,23,1334
2024-03-11,SKU0142,1906,0.0,23,1334
2024-03-18,SKU0142,1648,0.0,23,1334
2024-03-25,SKU0142,1399,0.0,23,1334
2024-04-01,SKU0142,1189,1442.0,23,1334
2024-04-08,SKU0142,944,,23,1334
2024-04-15,SKU0142,622,1442.0,23,1334
2024-04-22,SKU0142,1792,0.0,23,1334
2024-04-29,SKU0142,1552,0.0,23,1334
2024-05-06,SKU0142,1300,1405.0,23,1334
2024-05-13,SKU0142,1037,1405.0,23,1334
2024-05-20,SKU0142,795,1405.0,23,1334
2024-05-27,SKU0142,575,1405.0,23,1334
2024-06-03,SKU0142,1753,0.0,23,1334
2024-06-10,SKU0142,1483,0.0,23,1334
2024-06-17,SKU0142,1245,1717.0,23,1334
2024-06-24,SKU0142,977,1717.0,23,1334
2024-07-01,SKU0142,723,1717.0,23,1334
2024-07-08,SKU0142,2163,0.0,23,1334
2024-07-15,SKU0142,1874,0.0,23,1334
2024-07-22,SKU0142,1512,0.0,23,1334
2024-07-29,SKU0142,1224,1942.0,23,1334
2024-08-05,SKU0142,948,1942.0,23,1334
2024-08-12,SKU0142,656,1942.0,23,1334
2024-08-19,SKU0142,2297,0.0,23,1334
2024-08-26,SKU0142,1976,0.0,23,1334
2024-09-02,SKU0142,1665,0.0,23,1334
2024-09-09,SKU0142,1271,2970.0,23,1334
2024-09-16,SKU0142,927,2970.0,23,1334
2024-09-23,SKU0142,617,2970.0,23,1334
2024-09-30,SKU0142,309,2970.0,23,1334
2024-10-07,SKU0142,2928,0.0,23,1334
2024-10-14,SKU0142,2590,0.0,23,1334
2024-10-21,SKU0142,2266,0.0,23,1334
2024-10-28,SKU0142,1908,0.0,23,1334
2024-11-04,SKU0142,1565,0.0,23,1334
2024-11-11,SKU0142,1235,2280.0,23,1334
2024-11-18,SKU0142,909,2280.0,23,1334
2024-11-25,SKU0142,570,2280.0,23,1334
2024-12-02,SKU0142,2472,0.0,23,1334
2024-12-09,SKU0142,2134,0.0,23,1334
2024-12-16,SKU0142,1795,0.0,23,1334
2024-12-23,SKU0142,1450,0.0,23,1334
2024-12-30,SKU0142,1146,1853.0,23,1334
2025-01-06,SKU0142,793,1853.0,23,1334
2025-01-13,SKU0142,471,1853.0,23,1334
2025-01-20,SKU0142,2025,0.0,23,1334
2025-01-27,SKU0142,1756,0.0,23,1334
2025-02-03,SKU0142,1464,,23,1334
2025-02-10,SKU0142,1180,1642.0,23,1334
2025-02-17,SKU0142,921,1642.0,23,1334
2025-02-24,SKU0142,626,1642.0,23,1334
2025-03-03,SKU0142,2004,0.0,23,1334
2025-03-10,SKU0142,1758,0.0,23,1334
2025-03-17,SKU0142,1481,0.0,23,1334
2025-03-24,SKU0142,1266,1673.0,23,1334
2025-03-31,SKU0142,1018,1673.0,23,1334
2025-04-07,SKU0142,782,1673.0,23,1334
2025-04-14,SKU0142,2172,0.0,23,1334
2025-04-21,SKU0142,1932,0.0,23,1334
2025-04-28,SKU0142,1714,0.0,23,1334
2025-05-05,SKU0142,1488,0.0,23,1334
2025-05-12,SKU0142,1282,1617.0,23,1334
2025-05-19,SKU0142,1046,1617.0,23,1334
2025-05-26,SKU0142,816,1617.0,23,1334
2025-06-02,SKU0142,549,1617.0,23,1334
2025-06-09,SKU0142,1911,0.0,23,1334
2025-06-16,SKU0142,1645,0.0,23,1334
2025-06-23,SKU0142,1379,0.0,23,1334
2025-06-30,SKU0142,1112,1543.0,23,1334
2025-07-07,SKU0142,836,1543.0,23,1334
2025-07-14,SKU0142,549,1543.0,23,1334
2025-07-21,SKU0142,1748,0.0,23,1334
2025-07-28,SKU0142,1488,0.0,23,1334
2025-08-04,SKU0142,1218,1724.0,23,1334
2025-08-11,SKU0142,904,1724.0,23,1334
2025-08-18,SKU0142,635,1724.0,23,1334
2025-08-25,SKU0142,2031,0.0,23,1334
2025-09-01,SKU0142,1748,0.0,23,1334
2025-09-08,SKU0142,1411,0.0,23,1334
2025-09-15,SKU0142,1068,2607.0,23,1334
2025-09-22,SKU0142,759,2607.0,23,1334
2025-09-29,SKU0142,438,2607.0,23,1334
2025-10-06,SKU0142,2710,0.0,23,1334
2025-10-13,SKU0142,2346,0.0,23,1334
2025-10-20,SKU0142,1979,0.0,23,1334
2025-10-27,SKU0142,1663,0.0,23,1334
2025-11-03,SKU0142,1303,1998.0,23,1334
2025-11-10,SKU0142,1009,1998.0,23,1334
2025-11-17,SKU0142,683,1998.0,23,1334
2025-11-24,SKU0142,383,1998.0,23,1334
2025-12-01,SKU0142,1985,0.0,23,1334
2025-12-08,SKU0142,1662,0.0,23,1334
2025-12-15,SKU0142,1335,0.0,23,1334
2025-12-22,SKU0142,958,2592.0,23,1334
2025-12-29,SKU0142,627,2592.0,23,1334
2024-01-01,SKU0143,35,412.0,9,298
2024-01-08,SKU0143,0,412.0,9,298
2024-01-15,SKU0143,274,342.0,9,298
2024-01-22,SKU0143,96,342.0,9,298
2024-01-29,SKU0143,284,326.0,9,298
2024-02-05,SKU0143,132,326.0,9,298
2024-02-12,SKU0143,306,0.0,9,298
2024-02-19,SKU0143,168,309.0,9,298
2024-02-26,SKU0143,341,0.0,9,298
2024-03-04,SKU0143,201,295.0,9,298
2024-03-11,SKU0143,360,0.0,9,298
2024-03-18,SKU0143,214,284.0,9,298
2024-03-25,SKU0143,365,0.0,9,298
2024-04-01,SKU0143,231,277.0,9,298
2024-04-08,SKU0143,379,0.0,9,298
2024-04-15,SKU0143,189,471.0,9,298
2024-04-22,SKU0143,511,0.0,9,298
2024-04-29,SKU0143,390,0.0,9,298
2024-05-06,SKU0143,251,315.0,9,298
2024-05-13,SKU0143,432,0.0,9,298
2024-05-20,SKU0143,306,0.0,9,298
2024-05-27,SKU0143,192,287.0,9,298
2024-06-03,SKU0143,357,0.0,9,298
2024-06-10,SKU0143,236,301.0,9,298
2024-06-17,SKU0143,393,0.0,9,298
2024-06-24,SKU0143,248,358.0,9,298
2024-07-01,SKU0143,464,0.0,9,298
2024-07-08,SKU0143,295,334.0,9,298
2024-07-15,SKU0143,114,334.0,9,298
2024-07-22,SKU0143,186,595.0,9,298
2024-07-29,SKU0143,617,0.0,9,298
2024-08-05,SKU0143,472,0.0,9,298
2024-08-12,SKU0143,295,374.0,9,298
2024-08-19,SKU0143,122,374.0,9,298
2024-08-26,SKU0143,321,0.0,9,298
2024-09-02,SKU0143,134,389.0,9,298
2024-09-09,SKU0143,233,772.0,9,298
2024-09-16,SKU0143,20,,9,298
2024-09-23,SKU0143,622,0.0,9,298
2024-09-30,SKU0143,434,0.0,9,298
2024-10-07,SKU0143,222,463.0,9,298
2024-10-14,SKU0143,488,0.0,9,298
2024-10-21,SKU0143,247,464.0,9,298
2024-10-28,SKU0143,62,464.0,9,298
2024-11-04,SKU0143,325,0.0,9,298
2024-11-11,SKU0143,120,404.0,9,298
2024-11-18,SKU0143,308,0.0,9,298
2024-11-25,SKU0143,93,397.0,9,298
2024-12-02,SKU0143,266,439.0,9,298
2024-12-09,SKU0143,107,439.0,9,298
2024-12-16,SKU0143,337,0.0,9,298
2024-12-23,SKU0143,81,638.0,9,298
2024-12-30,SKU0143,532,0.0,9,298
2025-01-06,SKU0143,316,0.0,9,298
2025-01-13,SKU0143,110,598.0,9,298
2025-01-20,SKU0143,548,0.0,9,298
2025-01-27,SKU0143,408,0.0,9,298
2025-02-03,SKU0143,247,,9,298
2025-02-10,SKU0143,473,0.0,9,298
2025-02-17,SKU0143,334,0.0,9,298
2025-02-24,SKU0143,184,301.0,9,298
2025-03-03,SKU0143,351,0.0,9,298
2025-03-10,SKU0143,199,288.0,9,298
2025-03-17,SKU0143,343,0.0,9,298
2025-03-24,SKU0143,227,279.0,9,298
2025-03-31,SKU0143,381,,9,298
2025-04-07,SKU0143,245,310.0,9,298
2025-04-14,SKU0143,367,0.0,9,298
2025-04-21,SKU0143,223,273.0,9,298
2025-04-28,SKU0143,371,0.0,9,298
2025-05-05,SKU0143,230,313.0,9,298
2025-05-12,SKU0143,413,0.0,9,298
2025-05-19,SKU0143,296,284.0,9,298
2025-05-26,SKU0143,168,284.0,9,298
2025-06-02,SKU0143,314,0.0,9,298
2025-06-09,SKU0143,169,296.0,9,298
2025-06-16,SKU0143,330,0.0,9,298
2025-06-23,SKU0143,199,310.0,9,298
2025-06-30,SKU0143,362,0.0,9,298
2025-07-07,SKU0143,212,377.0,9,298
2025-07-14,SKU0143,430,0.0,9,298
2025-07-21,SKU0143,132,590.0,9,298
2025-07-28,SKU0143,561,0.0,9,298
2025-08-04,SKU0143,396,0.0,9,298
2025-08-11,SKU0143,222,418.0,9,298
2025-08-18,SKU0143,459,0.0,9,298
2025-08-25,SKU0143,292,384.0,9,298
2025-09-01,SKU0143,113,384.0,9,298
2025-09-08,SKU0143,244,767.0,9,298
2025-09-15,SKU0143,28,767.0,9,298
2025-09-22,SKU0143,589,0.0,9,298
2025-09-29,SKU0143,388,0.0,9,298
2025-10-06,SKU0143,210,406.0,9,298
2025-10-13,SKU0143,396,0.0,9,298
2025-10-20,SKU0143,188,407.0,9,298
2025-10-27,SKU0143,386,0.0,9,298
2025-11-03,SKU0143,189,405.0,9,298
2025-11-10,SKU0143,402,0.0,9,298
2025-11-17,SKU0143,187,398.0,9,298
2025-11-24,SKU0143,415,0.0,9,298
2025-12-01,SKU0143,146,667.0,9,298
2025-12-08,SKU0143,636,0.0,9,298
2025-12-15,SKU0143,453,0.0,9,298
2025-12-22,SKU0143,157,631.0,9,298
2025-12-29,SKU0143,632,0.0,9,298
2024-01-01,SKU0144,109,0.0,11,100
2024-01-08,SKU0144,0,169.0,11,100
2024-01-15,SKU0144,138,0.0,11,100
2024-01-22,SKU0144,58,160.0,11,100
2024-01-29,SKU0144,151,0.0,11,100
2024-02-05,SKU0144,61,,11,100
2024-02-12,SKU0144,0,151.0,11,100
2024-02-19,SKU0144,74,176.0,11,100
2024-02-26,SKU0144,0,176.0,11,100
2024-03-04,SKU0144,105,0.0,11,100
2024-03-11,SKU0144,43,129.0,11,100
2024-03-18,SKU0144,114,0.0,11,100
2024-03-25,SKU0144,54,120.0,11,100
2024-04-01,SKU0144,114,0.0,11,100
2024-04-08,SKU0144,62,112.0,11,100
2024-04-15,SKU0144,104,0.0,11,100
2024-04-22,SKU0144,45,107.0,11,100
2024-04-29,SKU0144,95,103.0,11,100
2024-05-06,SKU0144,27,103.0,11,100
2024-05-13,SKU0144,73,102.0,11,100
2024-05-20,SKU0144,20,102.0,11,100
2024-05-27,SKU0144,63,102.0,11,100
2024-06-03,SKU0144,106,0.0,11,100
2024-06-10,SKU0144,51,103.0,11,100
2024-06-17,SKU0144,99,107.0,11,100
2024-06-24,SKU0144,29,107.0,11,100
2024-07-01,SKU0144,82,139.0,11,100
2024-07-08,SKU0144,23,139.0,11,100
2024-07-15,SKU0144,81,149.0,11,100
2024-07-22,SKU0144,0,149.0,11,100
2024-07-29,SKU0144,88,129.0,11,100
2024-08-05,SKU0144,0,129.0,11,100
2024-08-12,SKU0144,80,,11,100
2024-08-19,SKU0144,11,172.0,11,100
2024-08-26,SKU0144,111,0.0,11,100
2024-09-02,SKU0144,20,149.0,11,100
2024-09-09,SKU0144,71,379.0,11,100
2024-09-16,SKU0144,0,379.0,11,100
2024-09-23,SKU0144,318,0.0,11,100
2024-09-30,SKU0144,210,0.0,11,100
2024-10-07,SKU0144,128,0.0,11,100
2024-10-14,SKU0144,30,175.0,11,100
2024-10-21,SKU0144,168,0.0,11,100
2024-10-28,SKU0144,76,226.0,11,100
2024-11-04,SKU0144,0,226.0,11,100
2024-11-11,SKU0144,165,0.0,11,100
2024-11-18,SKU0144,71,229.0,11,100
2024-11-25,SKU0144,0,229.0,11,100
2024-12-02,SKU0144,154,0.0,11,100
2024-12-09,SKU0144,55,227.0,11,100
2024-12-16,SKU0144,0,227.0,11,100
2024-12-23,SKU0144,101,0.0,11,100
2024-12-30,SKU0144,2,176.0,11,100
2025-01-06,SKU0144,92,330.0,11,100
2025-01-13,SKU0144,0,330.0,11,100
2025-01-20,SKU0144,265,0.0,11,100
2025-01-27,SKU0144,178,0.0,11,100
2025-02-03,SKU0144,99,153.0,11,100
2025-02-10,SKU0144,14,153.0,11,100
2025-02-17,SKU0144,111,0.0,11,100
2025-02-24,SKU0144,31,143.0,11,100
2025-03-03,SKU0144,131,0.0,11,100
2025-03-10,SKU0144,63,132.0,11,100
2025-03-17,SKU0144,0,132.0,11,100
2025-03-24,SKU0144,60,124.0,11,100
2025-03-31,SKU0144,125,0.0,11,100
2025-04-07,SKU0144,66,116.0,11,100
2025-04-14,SKU0144,0,116.0,11,100
2025-04-21,SKU0144,54,111.0,11,100
2025-04-28,SKU0144,107,0.0,11,100
2025-05-05,SKU0144,32,107.0,11,100
2025-05-12,SKU0144,85,132.0,11,100
2025-05-19,SKU0144,33,132.0,11,100
2025-05-26,SKU0144,103,0.0,11,100
2025-06-02,SKU0144,36,106.0,11,100
2025-06-09,SKU0144,79,135.0,11,100
2025-06-16,SKU0144,29,135.0,11,100
2025-06-23,SKU0144,97,113.0,11,100
2025-06-30,SKU0144,31,113.0,11,100
2025-07-07,SKU0144,76,148.0,11,100
2025-07-14,SKU0144,22,148.0,11,100
2025-07-21,SKU0144,28,243.0,11,100
2025-07-28,SKU0144,0,243.0,11,100
2025-08-04,SKU0144,190,0.0,11,100
2025-08-11,SKU0144,120,0.0,11,100
2025-08-18,SKU0144,35,143.0,11,100
2025-08-25,SKU0144,119,0.0,11,100
2025-09-01,SKU0144,26,153.0,11,100
2025-09-08,SKU0144,131,0.0,11,100
2025-09-15,SKU0144,18,314.0,11,100
2025-09-22,SKU0144,292,0.0,11,100
2025-09-29,SKU0144,194,0.0,11,100
2025-10-06,SKU0144,101,0.0,11,100
2025-10-13,SKU0144,0,177.0,11,100
2025-10-20,SKU0144,129,,11,100
2025-10-27,SKU0144,27,183.0,11,100
2025-11-03,SKU0144,169,0.0,11,100
2025-11-10,SKU0144,74,233.0,11,100
2025-11-17,SKU0144,0,233.0,11,100
2025-11-24,SKU0144,164,0.0,11,100
2025-12-01,SKU0144,0,362.0,11,100
2025-12-08,SKU0144,351,0.0,11,100
2025-12-15,SKU0144,240,0.0,11,100
2025-12-22,SKU0144,67,438.0,11,100
2025-12-29,SKU0144,0,438.0,11,100
2025-06-23,SKU0145,49,1452.0,24,612
2025-06-30,SKU0145,0,,24,612
2025-07-07,SKU0145,0,1452.0,24,612
2025-07-14,SKU0145,0,1452.0,24,612
2025-07-21,SKU0145,1181,0.0,24,612
2025-07-28,SKU0145,983,0.0,24,612
2025-08-04,SKU0145,795,0.0,24,612
2025-08-11,SKU0145,595,902.0,24,612
2025-08-18,SKU0145,422,902.0,24,612
2025-08-25,SKU0145,224,902.0,24,612
2025-09-01,SKU0145,74,902.0,24,612
2025-09-08,SKU0145,752,0.0,24,612
2025-09-15,SKU0145,559,1163.0,24,612
2025-09-22,SKU0145,375,1163.0,24,612
2025-09-29,SKU0145,219,1163.0,24,612
2025-10-06,SKU0145,49,1163.0,24,612
2025-10-13,SKU0145,1036,0.0,24,612
2025-10-20,SKU0145,855,0.0,24,612
2025-10-27,SKU0145,664,0.0,24,612
2025-11-03,SKU0145,490,906.0,24,612
2025-11-10,SKU0145,289,906.0,24,612
2025-11-17,SKU0145,103,906.0,24,612
2025-11-24,SKU0145,810,0.0,24,612
2025-12-01,SKU0145,567,1363.0,24,612
2025-12-08,SKU0145,386,1363.0,24,612
2025-12-15,SKU0145,139,1363.0,24,612
2025-12-22,SKU0145,0,1363.0,24,612
2025-12-29,SKU0145,1177,0.0,24,612
2024-01-01,SKU0146,10,,23,523
2024-01-08,SKU0146,0,2043.0,23,523
2024-01-15,SKU0146,0,2043.0,23,523
2024-01-22,SKU0146,0,2043.0,23,523
2024-01-29,SKU0146,1762,0.0,23,523
2024-02-05,SKU0146,1470,0.0,23,523
2024-02-12,SKU0146,1198,0.0,23,523
2024-02-19,SKU0146,899,0.0,23,523
2024-02-26,SKU0146,651,0.0,23,523
2024-03-04,SKU0146,402,1182.0,23,523
2024-03-11,SKU0146,158,1182.0,23,523
2024-03-18,SKU0146,0,1182.0,23,523
2024-03-25,SKU0146,1117,0.0,23,523
2024-04-01,SKU0146,951,0.0,23,523
2024-04-08,SKU0146,786,0.0,23,523
2024-04-15,SKU0146,542,0.0,23,523
2024-04-22,SKU0146,391,850.0,23,523
2024-04-29,SKU0146,241,850.0,23,523
2024-05-06,SKU0146,87,850.0,23,523
2024-05-13,SKU0146,783,0.0,23,523
2024-05-20,SKU0146,615,0.0,23,523
2024-05-27,SKU0146,443,825.0,23,523
2024-06-03,SKU0146,279,825.0,23,523
2024-06-10,SKU0146,87,825.0,23,523
2024-06-17,SKU0146,771,0.0,23,523
2024-06-24,SKU0146,577,0.0,23,523
2024-07-01,SKU0146,369,1001.0,23,523
2024-07-08,SKU0146,129,1001.0,23,523
2024-07-15,SKU0146,0,1001.0,23,523
2024-07-22,SKU0146,787,0.0,23,523
2024-07-29,SKU0146,536,0.0,23,523
2024-08-05,SKU0146,265,1316.0,23,523
2024-08-12,SKU0146,0,1316.0,23,523
2024-08-19,SKU0146,0,1316.0,23,523
2024-08-26,SKU0146,1094,0.0,23,523
2024-09-02,SKU0146,786,0.0,23,523
2024-09-09,SKU0146,298,3510.0,23,523
2024-09-16,SKU0146,0,3510.0,23,523
2024-09-23,SKU0146,0,3510.0,23,523
2024-09-30,SKU0146,3453,0.0,23,523
2024-10-07,SKU0146,3070,0.0,23,523
2024-10-14,SKU0146,2673,0.0,23,523
2024-10-21,SKU0146,2248,0.0,23,523
2024-10-28,SKU0146,1837,0.0,23,523
2024-11-04,SKU0146,1421,0.0,23,523
2024-11-11,SKU0146,1005,0.0,23,523
2024-11-18,SKU0146,618,,23,523
2024-11-25,SKU0146,176,1999.0,23,523
2024-12-02,SKU0146,0,1999.0,23,523
2024-12-09,SKU0146,0,1999.0,23,523
2024-12-16,SKU0146,1687,0.0,23,523
2024-12-23,SKU0146,1162,0.0,23,523
2024-12-30,SKU0146,765,0.0,23,523
2025-01-06,SKU0146,354,2169.0,23,523
2025-01-13,SKU0146,0,2169.0,23,523
2025-01-20,SKU0146,0,2169.0,23,523
2025-01-27,SKU0146,2129,0.0,23,523
2025-02-03,SKU0146,1831,0.0,23,523
2025-02-10,SKU0146,1565,0.0,23,523
2025-02-17,SKU0146,1279,0.0,23,523
2025-02-24,SKU0146,1019,0.0,23,523
2025-03-03,SKU0146,770,0.0,23,523
2025-03-10,SKU0146,563,0.0,23,523
2025-03-17,SKU0146,349,1075.0,23,523
2025-03-24,SKU0146,124,1075.0,23,523
2025-03-31,SKU0146,0,1075.0,23,523
2025-04-07,SKU0146,952,0.0,23,523
2025-04-14,SKU0146,721,0.0,23,523
2025-04-21,SKU0146,540,0.0,23,523
2025-04-28,SKU0146,357,824.0,23,523
2025-05-05,SKU0146,207,824.0,23,523
2025-05-12,SKU0146,57,824.0,23,523
2025-05-19,SKU0146,721,0.0,23,523
2025-05-26,SKU0146,555,0.0,23,523
2025-06-02,SKU0146,401,832.0,23,523
2025-06-09,SKU0146,222,832.0,23,523
2025-06-16,SKU0146,81,832.0,23,523
2025-06-23,SKU0146,714,0.0,23,523
2025-06-30,SKU0146,498,1028.0,23,523
2025-07-07,SKU0146,261,,23,523
2025-07-14,SKU0146,35,1028.0,23,523
2025-07-21,SKU0146,0,1028.0,23,523
2025-07-28,SKU0146,824,0.0,23,523
2025-08-04,SKU0146,535,0.0,23,523
2025-08-11,SKU0146,255,1374.0,23,523
2025-08-18,SKU0146,0,1374.0,23,523
2025-08-25,SKU0146,0,1374.0,23,523
2025-09-01,SKU0146,1097,0.0,23,523
2025-09-08,SKU0146,616,0.0,23,523
2025-09-15,SKU0146,207,2847.0,23,523
2025-09-22,SKU0146,0,2847.0,23,523
2025-09-29,SKU0146,0,2847.0,23,523
2025-10-06,SKU0146,2612,0.0,23,523
2025-10-13,SKU0146,2219,0.0,23,523
2025-10-20,SKU0146,1807,0.0,23,523
2025-10-27,SKU0146,1393,0.0,23,523
2025-11-03,SKU0146,1000,0.0,23,523
2025-11-10,SKU0146,562,0.0,23,523
2025-11-17,SKU0146,160,2008.0,23,523
2025-11-24,SKU0146,0,2008.0,23,523
2025-12-01,SKU0146,0,2008.0,23,523
2025-12-08,SKU0146,1699,0.0,23,523
2025-12-15,SKU0146,1319,0.0,23,523
2025-12-22,SKU0146,734,0.0,23,523
2025-12-29,SKU0146,353,2246.0,23,523
2024-01-01,SKU0147,111,413.0,21,167
2024-01-08,SKU0147,0,413.0,21,167
2024-01-15,SKU0147,0,413.0,21,167
2024-01-22,SKU0147,401,0.0,21,167
2024-01-29,SKU0147,337,0.0,21,167
2024-02-05,SKU0147,271,0.0,21,167
2024-02-12,SKU0147,215,0.0,21,167
2024-02-19,SKU0147,167,226.0,21,167
2024-02-26,SKU0147,108,226.0,21,167
2024-03-04,SKU0147,69,226.0,21,167
2024-03-11,SKU0147,232,0.0,21,167
2024-03-18,SKU0147,173,0.0,21,167
2024-03-25,SKU0147,130,217.0,21,167
2024-04-01,SKU0147,80,217.0,21,167
2024-04-08,SKU0147,31,217.0,21,167
2024-04-15,SKU0147,145,682.0,21,167
2024-04-22,SKU0147,82,682.0,21,167
2024-04-29,SKU0147,12,682.0,21,167
2024-05-06,SKU0147,661,0.0,21,167
2024-05-13,SKU0147,579,0.0,21,167
2024-05-20,SKU0147,496,0.0,21,167
2024-05-27,SKU0147,420,0.0,21,167
2024-06-03,SKU0147,325,0.0,21,167
2024-06-10,SKU0147,225,0.0,21,167
2024-06-17,SKU0147,112,474.0,21,167
2024-06-24,SKU0147,3,474.0,21,167
2024-07-01,SKU0147,0,474.0,21,167
2024-07-08,SKU0147,399,0.0,21,167
2024-07-15,SKU0147,246,0.0,21,167
2024-07-22,SKU0147,8,1190.0,21,167
2024-07-29,SKU0147,0,1190.0,21,167
2024-08-05,SKU0147,0,1190.0,21,167
2024-08-12,SKU0147,1078,0.0,21,167
2024-08-19,SKU0147,932,0.0,21,167
2024-08-26,SKU0147,777,0.0,21,167
2024-09-02,SKU0147,584,0.0,21,167
2024-09-09,SKU0147,302,0.0,21,167
2024-09-16,SKU0147,124,926.0,21,167
2024-09-23,SKU0147,0,926.0,21,167
2024-09-30,SKU0147,0,926.0,21,167
2024-10-07,SKU0147,890,0.0,21,167
2024-10-14,SKU0147,741,0.0,21,167
2024-10-21,SKU0147,588,0.0,21,167
2024-10-28,SKU0147,451,0.0,21,167
2024-11-04,SKU0147,317,0.0,21,167
2024-11-11,SKU0147,191,0.0,21,167
2024-11-18,SKU0147,70,556.0,21,167
2024-11-25,SKU0147,0,556.0,21,167
2024-12-02,SKU0147,0,556.0,21,167
2024-12-09,SKU0147,473,0.0,21,167
2024-12-16,SKU0147,349,0.0,21,167
2024-12-23,SKU0147,221,0.0,21,167
2024-12-30,SKU0147,130,507.0,21,167
2025-01-06,SKU0147,21,507.0,21,167
2025-01-13,SKU0147,0,507.0,21,167
2025-01-20,SKU0147,481,0.0,21,167
2025-01-27,SKU0147,431,0.0,21,167
2025-02-03,SKU0147,377,0.0,21,167
2025-02-10,SKU0147,316,0.0,21,167
2025-02-17,SKU0147,267,0.0,21,167
2025-02-24,SKU0147,236,0.0,21,167
2025-03-03,SKU0147,194,0.0,21,167
2025-03-10,SKU0147,143,220.0,21,167
2025-03-17,SKU0147,86,220.0,21,167
2025-03-24,SKU0147,33,220.0,21,167
2025-03-31,SKU0147,205,0.0,21,167
2025-04-07,SKU0147,149,331.0,21,167
2025-04-14,SKU0147,48,331.0,21,167
2025-04-21,SKU0147,0,331.0,21,167
2025-04-28,SKU0147,308,0.0,21,167
2025-05-05,SKU0147,238,0.0,21,167
2025-05-12,SKU0147,165,349.0,21,167
2025-05-19,SKU0147,72,349.0,21,167
2025-05-26,SKU0147,0,349.0,21,167
2025-06-02,SKU0147,336,0.0,21,167
2025-06-09,SKU0147,210,0.0,21,167
2025-06-16,SKU0147,90,472.0,21,167
2025-06-23,SKU0147,0,472.0,21,167
2025-06-30,SKU0147,0,472.0,21,167
2025-07-07,SKU0147,370,0.0,21,167
2025-07-14,SKU0147,248,0.0,21,167
2025-07-21,SKU0147,0,1197.0,21,167
2025-07-28,SKU0147,0,1197.0,21,167
2025-08-04,SKU0147,0,1197.0,21,167
2025-08-11,SKU0147,1073,0.0,21,167
2025-08-18,SKU0147,929,0.0,21,167
2025-08-25,SKU0147,771,0.0,21,167
2025-09-01,SKU0147,642,0.0,21,167
2025-09-08,SKU0147,394,0.0,21,167
2025-09-15,SKU0147,195,0.0,21,167
2025-09-22,SKU0147,40,696.0,21,167
2025-09-29,SKU0147,0,696.0,21,167
2025-10-06,SKU0147,0,696.0,21,167
2025-10-13,SKU0147,551,0.0,21,167
2025-10-20,SKU0147,391,0.0,21,167
2025-10-27,SKU0147,231,0.0,21,167
2025-11-03,SKU0147,86,607.0,21,167
2025-11-10,SKU0147,0,607.0,21,167
2025-11-17,SKU0147,0,607.0,21,167
2025-11-24,SKU0147,539,0.0,21,167
2025-12-01,SKU0147,362,0.0,21,167
2025-12-08,SKU0147,257,0.0,21,167
2025-12-15,SKU0147,142,862.0,21,167
2025-12-22,SKU0147,0,862.0,21,167
2025-12-29,SKU0147,0,862.0,21,167
2024-09-30,SKU0148,0,330.0,8,381
2024-10-07,SKU0148,192,357.0,8,381
2024-10-14,SKU0148,365,397.0,8,381
2024-10-21,SKU0148,171,397.0,8,381
2024-10-28,SKU0148,384,0.0,8,381
2024-11-04,SKU0148,142,456.0,8,381
2024-11-11,SKU0148,354,508.0,8,381
2024-11-18,SKU0148,84,508.0,8,381
2024-11-25,SKU0148,307,1195.0,8,381
2024-12-02,SKU0148,0,1195.0,8,381
2024-12-09,SKU0148,890,0.0,8,381
2024-12-16,SKU0148,456,0.0,8,381
2024-12-23,SKU0148,0,1349.0,8,381
2024-12-30,SKU0148,1067,0.0,8,381
2025-01-06,SKU0148,592,0.0,8,381
2025-01-13,SKU0148,84,1458.0,8,381
2025-01-20,SKU0148,1263,0.0,8,381
2025-01-27,SKU0148,920,0.0,8,381
2025-02-03,SKU0148,559,0.0,8,381
2025-02-10,SKU0148,182,702.0,8,381
2025-02-17,SKU0148,545,0.0,8,381
2025-02-24,SKU0148,179,690.0,8,381
2025-03-03,SKU0148,521,0.0,8,381
2025-03-10,SKU0148,194,668.0,8,381
2025-03-17,SKU0148,512,0.0,8,381
2025-03-24,SKU0148,181,629.0,8,381
2025-03-31,SKU0148,486,0.0,8,381
2025-04-07,SKU0148,193,588.0,8,381
2025-04-14,SKU0148,277,1424.0,8,381
2025-04-21,SKU0148,1425,0.0,8,381
2025-04-28,SKU0148,1173,0.0,8,381
2025-05-05,SKU0148,917,0.0,8,381
2025-05-12,SKU0148,687,0.0,8,381
2025-05-19,SKU0148,487,0.0,8,381
2025-05-26,SKU0148,286,396.0,8,381
2025-06-02,SKU0148,496,0.0,8,381
2025-06-09,SKU0148,322,416.0,8,381
2025-06-16,SKU0148,576,0.0,8,381
2025-06-23,SKU0148,420,0.0,8,381
2025-06-30,SKU0148,284,289.0,8,381
2025-07-07,SKU0148,443,0.0,8,381
2025-07-14,SKU0148,311,259.0,8,381
2025-07-21,SKU0148,308,644.0,8,381
2025-07-28,SKU0148,848,0.0,8,381
2025-08-04,SKU0148,729,0.0,8,381
2025-08-11,SKU0148,606,0.0,8,381
2025-08-18,SKU0148,480,0.0,8,381
2025-08-25,SKU0148,360,313.0,8,381
2025-09-01,SKU0148,526,0.0,8,381
2025-09-08,SKU0148,270,729.0,8,381
2025-09-15,SKU0148,773,0.0,8,381
2025-09-22,SKU0148,611,0.0,8,381
2025-09-29,SKU0148,436,0.0,8,381
2025-10-06,SKU0148,257,358.0,8,381
2025-10-13,SKU0148,436,0.0,8,381
2025-10-20,SKU0148,215,409.0,8,381
2025-10-27,SKU0148,373,452.0,8,381
2025-11-03,SKU0148,177,452.0,8,381
2025-11-10,SKU0148,368,508.0,8,381
2025-11-17,SKU0148,109,508.0,8,381
2025-11-24,SKU0148,338,677.0,8,381
2025-12-01,SKU0148,633,0.0,8,381
2025-12-08,SKU0148,335,736.0,8,381
2025-12-15,SKU0148,697,0.0,8,381
2025-12-22,SKU0148,9,1370.0,8,381
2025-12-29,SKU0148,1187,0.0,8,381
2024-01-01,SKU0149,92,696.0,11,329
2024-01-08,SKU0149,0,696.0,11,329
2024-01-15,SKU0149,555,0.0,11,329
2024-01-22,SKU0149,307,593.0,11,329
2024-01-29,SKU0149,52,593.0,11,329
2024-02-05,SKU0149,432,0.0,11,329
2024-02-12,SKU0149,182,566.0,11,329
2024-02-19,SKU0149,536,0.0,11,329
2024-02-26,SKU0149,312,525.0,11,329
2024-03-04,SKU0149,114,525.0,11,329
2024-03-11,SKU0149,419,0.0,11,329
2024-03-18,SKU0149,209,474.0,11,329
2024-03-25,SKU0149,14,474.0,11,329
2024-04-01,SKU0149,296,485.0,11,329
2024-04-08,SKU0149,126,485.0,11,329
2024-04-15,SKU0149,302,912.0,11,329
2024-04-22,SKU0149,164,,11,329
2024-04-29,SKU0149,924,0.0,11,329
2024-05-06,SKU0149,783,0.0,11,329
2024-05-13,SKU0149,656,0.0,11,329
2024-05-20,SKU0149,526,0.0,11,329
2024-05-27,SKU0149,393,0.0,11,329
2024-06-03,SKU0149,295,303.0,11,329
2024-06-10,SKU0149,185,303.0,11,329
2024-06-17,SKU0149,377,0.0,11,329
2024-06-24,SKU0149,268,245.0,11,329
2024-07-01,SKU0149,171,245.0,11,329
2024-07-08,SKU0149,308,279.0,11,329
2024-07-15,SKU0149,168,279.0,11,329
2024-07-22,SKU0149,249,528.0,11,329
2024-07-29,SKU0149,138,528.0,11,329
2024-08-05,SKU0149,531,0.0,11,329
2024-08-12,SKU0149,400,0.0,11,329
2024-08-19,SKU0149,259,298.0,11,329
2024-08-26,SKU0149,133,298.0,11,329
2024-09-02,SKU0149,281,387.0,11,329
2024-09-09,SKU0149,10,387.0,11,329
2024-09-16,SKU0149,276,430.0,11,329
2024-09-23,SKU0149,107,430.0,11,329
2024-09-30,SKU0149,380,0.0,11,329
2024-10-07,SKU0149,194,436.0,11,329
2024-10-14,SKU0149,432,0.0,11,329
2024-10-21,SKU0149,230,482.0,11,329
2024-10-28,SKU0149,21,482.0,11,329
2024-11-04,SKU0149,301,601.0,11,329
2024-11-11,SKU0149,97,601.0,11,329
2024-11-18,SKU0149,461,0.0,11,329
2024-11-25,SKU0149,186,653.0,11,329
2024-12-02,SKU0149,0,653.0,11,329
2024-12-09,SKU0149,414,,11,329
2024-12-16,SKU0149,85,599.0,11,329
2024-12-23,SKU0149,561,0.0,11,329
2024-12-30,SKU0149,308,608.0,11,329
2025-01-06,SKU0149,0,608.0,11,329
2025-01-13,SKU0149,461,0.0,11,329
2025-01-20,SKU0149,199,600.0,11,329
2025-01-27,SKU0149,0,600.0,11,329
2025-02-03,SKU0149,364,0.0,11,329
2025-02-10,SKU0149,127,573.0,11,329
2025-02-17,SKU0149,505,0.0,11,329
2025-02-24,SKU0149,276,608.0,11,329
2025-03-03,SKU0149,61,608.0,11,329
2025-03-10,SKU0149,457,0.0,11,329
2025-03-17,SKU0149,253,545.0,11,329
2025-03-24,SKU0149,44,545.0,11,329
2025-03-31,SKU0149,397,0.0,11,329
2025-04-07,SKU0149,212,418.0,11,329
2025-04-14,SKU0149,373,0.0,11,329
2025-04-21,SKU0149,193,799.0,11,329
2025-04-28,SKU0149,853,0.0,11,329
2025-05-05,SKU0149,700,0.0,11,329
2025-05-12,SKU0149,571,0.0,11,329
2025-05-19,SKU0149,441,0.0,11,329
2025-05-26,SKU0149,321,320.0,11,329
2025-06-02,SKU0149,204,320.0,11,329
2025-06-09,SKU0149,417,0.0,11,329
2025-06-16,SKU0149,307,288.0,11,329
2025-06-23,SKU0149,199,288.0,11,329
2025-06-30,SKU0149,367,0.0,11,329
2025-07-07,SKU0149,262,246.0,11,329
2025-07-14,SKU0149,397,0.0,11,329
2025-07-21,SKU0149,142,529.0,11,329
2025-07-28,SKU0149,567,0.0,11,329
2025-08-04,SKU0149,442,,11,329
2025-08-11,SKU0149,335,0.0,11,329
2025-08-18,SKU0149,198,293.0,11,329
2025-08-25,SKU0149,363,0.0,11,329
2025-09-01,SKU0149,216,328.0,11,329
2025-09-08,SKU0149,271,858.0,11,329
2025-09-15,SKU0149,72,858.0,11,329
2025-09-22,SKU0149,761,0.0,11,329
2025-09-29,SKU0149,593,0.0,11,329
2025-10-06,SKU0149,419,0.0,11,329
2025-10-13,SKU0149,231,460.0,11,329
2025-10-20,SKU0149,18,460.0,11,329
2025-10-27,SKU0149,283,580.0,11,329
2025-11-03,SKU0149,73,580.0,11,329
2025-11-10,SKU0149,412,0.0,11,329
2025-11-17,SKU0149,188,554.0,11,329
2025-11-24,SKU0149,521,0.0,11,329
2025-12-01,SKU0149,131,1219.0,11,329
2025-12-08,SKU0149,1190,0.0,11,329
2025-12-15,SKU0149,906,0.0,11,329
2025-12-22,SKU0149,402,0.0,11,329
2025-12-29,SKU0149,146,702.0,11,329
2024-01-01,SKU0150,148,688.0,9,388
2024-01-08,SKU0150,0,688.0,9,388
2024-01-15,SKU0150,419,0.0,9,388
2024-01-22,SKU0150,140,561.0,9,388
2024-01-29,SKU0150,446,0.0,9,388
2024-02-05,SKU0150,203,524.0,9,388
2024-02-12,SKU0150,496,0.0,9,388
2024-02-19,SKU0150,238,486.0,9,388
2024-02-26,SKU0150,511,0.0,9,388
2024-03-04,SKU0150,278,625.0,9,388
2024-03-11,SKU0150,661,0.0,9,388
2024-03-18,SKU0150,465,0.0,9,388
2024-03-25,SKU0150,258,425.0,9,388
2024-04-01,SKU0150,466,0.0,9,388
2024-04-08,SKU0150,201,413.0,9,388
2024-04-15,SKU0150,225,1202.0,9,388
2024-04-22,SKU0150,1223,0.0,9,388
2024-04-29,SKU0150,1005,0.0,9,388
2024-05-06,SKU0150,810,0.0,9,388
2024-05-13,SKU0150,591,0.0,9,388
2024-05-20,SKU0150,394,0.0,9,388
2024-05-27,SKU0150,178,429.0,9,388
2024-06-03,SKU0150,392,0.0,9,388
2024-06-10,SKU0150,159,451.0,9,388
2024-06-17,SKU0150,362,476.0,9,388
2024-06-24,SKU0150,96,476.0,9,388
2024-07-01,SKU0150,336,695.0,9,388
2024-07-08,SKU0150,62,695.0,9,388
2024-07-15,SKU0150,452,0.0,9,388
2024-07-22,SKU0150,0,1170.0,9,388
2024-07-29,SKU0150,963,0.0,9,388
2024-08-05,SKU0150,653,0.0,9,388
2024-08-12,SKU0150,343,612.0,9,388
2024-08-19,SKU0150,71,612.0,9,388
2024-08-26,SKU0150,360,643.0,9,388
2024-09-02,SKU0150,21,643.0,9,388
2024-09-09,SKU0150,86,1960.0,9,388
2024-09-16,SKU0150,1913,0.0,9,388
2024-09-23,SKU0150,1559,0.0,9,388
2024-09-30,SKU0150,1189,0.0,9,388
2024-10-07,SKU0150,795,0.0,9,388
2024-10-14,SKU0150,492,0.0,9,388
2024-10-21,SKU0150,142,702.0,9,388
2024-10-28,SKU0150,539,0.0,9,388
2024-11-04,SKU0150,202,699.0,9,388
2024-11-11,SKU0150,600,0.0,9,388
2024-11-18,SKU0150,259,942.0,9,388
2024-11-25,SKU0150,835,0.0,9,388
2024-12-02,SKU0150,316,912.0,9,388
2024-12-09,SKU0150,0,912.0,9,388
2024-12-16,SKU0150,504,0.0,9,388
2024-12-23,SKU0150,10,1353.0,9,388
2024-12-30,SKU0150,1171,0.0,9,388
2025-01-06,SKU0150,747,0.0,9,388
2025-01-13,SKU0150,355,569.0,9,388
2025-01-20,SKU0150,87,569.0,9,388
2025-01-27,SKU0150,365,534.0,9,388
2025-02-03,SKU0150,100,534.0,9,388
2025-02-10,SKU0150,349,690.0,9,388
2025-02-17,SKU0150,121,690.0,9,388
2025-02-24,SKU0150,580,0.0,9,388
2025-03-03,SKU0150,358,629.0,9,388
2025-03-10,SKU0150,143,629.0,9,388
2025-03-17,SKU0150,542,0.0,9,388
2025-03-24,SKU0150,335,585.0,9,388
2025-03-31,SKU0150,133,585.0,9,388
2025-04-07,SKU0150,504,0.0,9,388
2025-04-14,SKU0150,134,883.0,9,388
2025-04-21,SKU0150,811,0.0,9,388
2025-04-28,SKU0150,617,0.0,9,388
2025-05-05,SKU0150,377,416.0,9,388
2025-05-12,SKU0150,159,416.0,9,388
2025-05-19,SKU0150,362,588.0,9,388
2025-05-26,SKU0150,141,588.0,9,388
2025-06-02,SKU0150,513,0.0,9,388
2025-06-09,SKU0150,287,631.0,9,388
2025-06-16,SKU0150,662,0.0,9,388
2025-06-23,SKU0150,405,0.0,9,388
2025-06-30,SKU0150,147,495.0,9,388
2025-07-07,SKU0150,367,526.0,9,388
2025-07-14,SKU0150,125,526.0,9,388
2025-07-21,SKU0150,20,1188.0,9,388
2025-07-28,SKU0150,1090,0.0,9,388
2025-08-04,SKU0150,794,0.0,9,388
2025-08-11,SKU0150,514,0.0,9,388
2025-08-18,SKU0150,190,622.0,9,388
2025-08-25,SKU0150,515,,9,388
2025-09-01,SKU0150,176,652.0,9,388
2025-09-08,SKU0150,423,0.0,9,388
2025-09-15,SKU0150,0,1441.0,9,388
2025-09-22,SKU0150,1179,0.0,9,388
2025-09-29,SKU0150,851,0.0,9,388
2025-10-06,SKU0150,504,0.0,9,388
2025-10-13,SKU0150,107,703.0,9,388
2025-10-20,SKU0150,533,0.0,9,388
2025-10-27,SKU0150,143,705.0,9,388
2025-11-03,SKU0150,526,0.0,9,388
2025-11-10,SKU0150,163,698.0,9,388
2025-11-17,SKU0150,551,0.0,9,388
2025-11-24,SKU0150,218,682.0,9,388
2025-12-01,SKU0150,570,0.0,9,388
2025-12-08,SKU0150,261,904.0,9,388
2025-12-15,SKU0150,826,0.0,9,388
2025-12-22,SKU0150,217,1854.0,9,388
2025-12-29,SKU0150,1817,0.0,9,388
2024-01-01,SKU0151,159,867.0,29,213
2024-01-08,SKU0151,0,867.0,29,213
2024-01-15,SKU0151,0,867.0,29,213
2024-01-22,SKU0151,0,867.0,29,213
2024-01-29,SKU0151,0,867.0,29,213
2024-02-05,SKU0151,758,0.0,29,213
2024-02-12,SKU0151,639,0.0,29,213
2024-02-19,SKU0151,509,0.0,29,213
2024-02-26,SKU0151,393,0.0,29,213
2024-03-04,SKU0151,283,0.0,29,213
2024-03-11,SKU0151,179,1064.0,29,213
2024-03-18,SKU0151,56,1064.0,29,213
2024-03-25,SKU0151,0,1064.0,29,213
2024-04-01,SKU0151,0,1064.0,29,213
2024-04-08,SKU0151,1035,0.0,29,213
2024-04-15,SKU0151,896,0.0,29,213
2024-04-22,SKU0151,797,0.0,29,213
2024-04-29,SKU0151,690,0.0,29,213
2024-05-06,SKU0151,579,0.0,29,213
2024-05-13,SKU0151,481,0.0,29,213
2024-05-20,SKU0151,382,,29,213
2024-05-27,SKU0151,298,0.0,29,213
2024-06-03,SKU0151,213,572.0,29,213
2024-06-10,SKU0151,126,572.0,29,213
2024-06-17,SKU0151,41,572.0,29,213
2024-06-24,SKU0151,0,572.0,29,213
2024-07-01,SKU0151,0,572.0,29,213
2024-07-08,SKU0151,496,0.0,29,213
2024-07-15,SKU0151,411,0.0,29,213
2024-07-22,SKU0151,289,0.0,29,213
2024-07-29,SKU0151,211,487.0,29,213
2024-08-05,SKU0151,142,487.0,29,213
2024-08-12,SKU0151,65,487.0,29,213
2024-08-19,SKU0151,0,487.0,29,213
2024-08-26,SKU0151,0,487.0,29,213
2024-09-02,SKU0151,408,0.0,29,213
2024-09-09,SKU0151,289,0.0,29,213
2024-09-16,SKU0151,210,518.0,29,213
2024-09-23,SKU0151,141,518.0,29,213
2024-09-30,SKU0151,60,518.0,29,213
2024-10-07,SKU0151,0,518.0,29,213
2024-10-14,SKU0151,0,518.0,29,213
2024-10-21,SKU0151,429,0.0,29,213
2024-10-28,SKU0151,332,0.0,29,213
2024-11-04,SKU0151,237,0.0,29,213
2024-11-11,SKU0151,155,634.0,29,213
2024-11-18,SKU0151,65,634.0,29,213
2024-11-25,SKU0151,0,634.0,29,213
2024-12-02,SKU0151,0,634.0,29,213
2024-12-09,SKU0151,562,0.0,29,213
2024-12-16,SKU0151,418,0.0,29,213
2024-12-23,SKU0151,273,0.0,29,213
2024-12-30,SKU0151,168,1048.0,29,213
2025-01-06,SKU0151,19,1048.0,29,213
2025-01-13,SKU0151,0,1048.0,29,213
2025-01-20,SKU0151,0,1048.0,29,213
2025-01-27,SKU0151,1024,0.0,29,213
2025-02-03,SKU0151,906,0.0,29,213
2025-02-10,SKU0151,788,0.0,29,213
2025-02-17,SKU0151,669,0.0,29,213
2025-02-24,SKU0151,524,0.0,29,213
2025-03-03,SKU0151,402,0.0,29,213
2025-03-10,SKU0151,292,0.0,29,213
2025-03-17,SKU0151,174,1059.0,29,213
2025-03-24,SKU0151,61,1059.0,29,213
2025-03-31,SKU0151,0,1059.0,29,213
2025-04-07,SKU0151,0,1059.0,29,213
2025-04-14,SKU0151,993,0.0,29,213
2025-04-21,SKU0151,883,0.0,29,213
2025-04-28,SKU0151,766,0.0,29,213
2025-05-05,SKU0151,660,0.0,29,213
2025-05-12,SKU0151,550,,29,213
2025-05-19,SKU0151,469,0.0,29,213
2025-05-26,SKU0151,376,0.0,29,213
2025-06-02,SKU0151,296,0.0,29,213
2025-06-09,SKU0151,205,563.0,29,213
2025-06-16,SKU0151,114,563.0,29,213
2025-06-23,SKU0151,20,563.0,29,213
2025-06-30,SKU0151,0,563.0,29,213
2025-07-07,SKU0151,0,563.0,29,213
2025-07-14,SKU0151,505,0.0,29,213
2025-07-21,SKU0151,374,0.0,29,213
2025-07-28,SKU0151,311,0.0,29,213
2025-08-04,SKU0151,238,0.0,29,213
2025-08-11,SKU0151,155,489.0,29,213
2025-08-18,SKU0151,85,489.0,29,213
2025-08-25,SKU0151,12,489.0,29,213
2025-09-01,SKU0151,0,489.0,29,213
2025-09-08,SKU0151,408,0.0,29,213
2025-09-15,SKU0151,318,0.0,29,213
2025-09-22,SKU0151,240,0.0,29,213
2025-09-29,SKU0151,165,539.0,29,213
2025-10-06,SKU0151,86,539.0,29,213
2025-10-13,SKU0151,2,539.0,29,213
2025-10-20,SKU0151,0,539.0,29,213
2025-10-27,SKU0151,480,0.0,29,213
2025-11-03,SKU0151,376,0.0,29,213
2025-11-10,SKU0151,279,0.0,29,213
2025-11-17,SKU0151,169,921.0,29,213
2025-11-24,SKU0151,50,921.0,29,213
2025-12-01,SKU0151,0,921.0,29,213
2025-12-08,SKU0151,0,921.0,29,213
2025-12-15,SKU0151,875,0.0,29,213
2025-12-22,SKU0151,708,0.0,29,213
2025-12-29,SKU0151,593,0.0,29,213
2024-01-01,SKU0152,115,222.0,8,121
2024-01-08,SKU0152,0,222.0,8,121
2024-01-15,SKU0152,66,223.0,8,121
2024-01-22,SKU0152,190,0.0,8,121
2024-01-29,SKU0152,96,201.0,8,121
2024-02-05,SKU0152,191,0.0,8,121
2024-02-12,SKU0152,88,181.0,8,121
2024-02-19,SKU0152,186,0.0,8,121
2024-02-26,SKU0152,104,157.0,8,121
2024-03-04,SKU0152,179,0.0,8,121
2024-03-11,SKU0152,118,108.0,8,121
2024-03-18,SKU0152,38,108.0,8,121
2024-03-25,SKU0152,88,95.0,8,121
2024-04-01,SKU0152,128,0.0,8,121
2024-04-08,SKU0152,72,84.0,8,121
2024-04-15,SKU0152,87,142.0,8,121
2024-04-22,SKU0152,185,0.0,8,121
2024-04-29,SKU0152,128,0.0,8,121
2024-05-06,SKU0152,82,65.0,8,121
2024-05-13,SKU0152,111,77.0,8,121
2024-05-20,SKU0152,143,0.0,8,121
2024-05-27,SKU0152,97,63.0,8,121
2024-06-03,SKU0152,116,81.0,8,121
2024-06-10,SKU0152,151,0.0,8,121
2024-06-17,SKU0152,107,89.0,8,121
2024-06-24,SKU0152,141,0.0,8,121
2024-07-01,SKU0152,90,81.0,8,121
2024-07-08,SKU0152,93,110.0,8,121
2024-07-15,SKU0152,124,0.0,8,121
2024-07-22,SKU0152,36,153.0,8,121
2024-07-29,SKU0152,101,141.0,8,121
2024-08-05,SKU0152,176,0.0,8,121
2024-08-12,SKU0152,75,129.0,8,121
2024-08-19,SKU0152,105,143.0,8,121
2024-08-26,SKU0152,12,143.0,8,121
2024-09-02,SKU0152,61,156.0,8,121
2024-09-09,SKU0152,61,315.0,8,121
2024-09-16,SKU0152,273,0.0,8,121
2024-09-23,SKU0152,149,0.0,8,121
2024-09-30,SKU0152,24,,8,121
2024-10-07,SKU0152,91,244.0,8,121
2024-10-14,SKU0152,227,0.0,8,121
2024-10-21,SKU0152,99,208.0,8,121
2024-10-28,SKU0152,0,208.0,8,121
2024-11-04,SKU0152,36,213.0,8,121
2024-11-11,SKU0152,157,0.0,8,121
2024-11-18,SKU0152,20,216.0,8,121
2024-11-25,SKU0152,90,329.0,8,121
2024-12-02,SKU0152,0,329.0,8,121
2024-12-09,SKU0152,184,0.0,8,121
2024-12-16,SKU0152,19,208.0,8,121
2024-12-23,SKU0152,110,200.0,8,121
2024-12-30,SKU0152,0,200.0,8,121
2025-01-06,SKU0152,40,234.0,8,121
2025-01-13,SKU0152,197,0.0,8,121
2025-01-20,SKU0152,62,,8,121
2025-01-27,SKU0152,136,0.0,8,121
2025-02-03,SKU0152,33,161.0,8,121
2025-02-10,SKU0152,106,182.0,8,121
2025-02-17,SKU0152,190,0.0,8,121
2025-02-24,SKU0152,92,160.0,8,121
2025-03-03,SKU0152,184,0.0,8,121
2025-03-10,SKU0152,91,138.0,8,121
2025-03-17,SKU0152,149,0.0,8,121
2025-03-24,SKU0152,80,98.0,8,121
2025-03-31,SKU0152,137,0.0,8,121
2025-04-07,SKU0152,81,85.0,8,121
2025-04-14,SKU0152,96,118.0,8,121
2025-04-21,SKU0152,159,0.0,8,121
2025-04-28,SKU0152,115,67.0,8,121
2025-05-05,SKU0152,76,67.0,8,121
2025-05-12,SKU0152,102,64.0,8,121
2025-05-19,SKU0152,125,0.0,8,121
2025-05-26,SKU0152,85,63.0,8,121
2025-06-02,SKU0152,102,80.0,8,121
2025-06-09,SKU0152,147,0.0,8,121
2025-06-16,SKU0152,93,70.0,8,121
2025-06-23,SKU0152,114,95.0,8,121
2025-06-30,SKU0152,144,0.0,8,121
2025-07-07,SKU0152,77,87.0,8,121
2025-07-14,SKU0152,93,118.0,8,121
2025-07-21,SKU0152,131,0.0,8,121
2025-07-28,SKU0152,62,107.0,8,121
2025-08-04,SKU0152,97,149.0,8,121
2025-08-11,SKU0152,169,0.0,8,121
2025-08-18,SKU0152,79,172.0,8,121
2025-08-25,SKU0152,152,0.0,8,121
2025-09-01,SKU0152,48,155.0,8,121
2025-09-08,SKU0152,66,314.0,8,121
2025-09-15,SKU0152,276,0.0,8,121
2025-09-22,SKU0152,152,0.0,8,121
2025-09-29,SKU0152,26,187.0,8,121
2025-10-06,SKU0152,91,244.0,8,121
2025-10-13,SKU0152,232,0.0,8,121
2025-10-20,SKU0152,93,256.0,8,121
2025-10-27,SKU0152,243,0.0,8,121
2025-11-03,SKU0152,105,214.0,8,121
2025-11-10,SKU0152,0,214.0,8,121
2025-11-17,SKU0152,65,267.0,8,121
2025-11-24,SKU0152,222,0.0,8,121
2025-12-01,SKU0152,31,377.0,8,121
2025-12-08,SKU0152,318,0.0,8,121
2025-12-15,SKU0152,173,0.0,8,121
2025-12-22,SKU0152,0,314.0,8,121
2025-12-29,SKU0152,214,0.0,8,121
2024-01-01,SKU0153,85,0.0,12,67
2024-01-08,SKU0153,26,214.0,12,67
2024-01-15,SKU0153,0,214.0,12,67
2024-01-22,SKU0153,179,0.0,12,67
2024-01-29,SKU0153,131,0.0,12,67
2024-02-05,SKU0153,80,0.0,12,67
2024-02-12,SKU0153,29,161.0,12,67
2024-02-19,SKU0153,0,161.0,12,67
2024-02-26,SKU0153,107,0.0,12,67
2024-03-04,SKU0153,62,156.0,12,67
2024-03-11,SKU0153,22,156.0,12,67
2024-03-18,SKU0153,141,0.0,12,67
2024-03-25,SKU0153,99,,12,67
2024-04-01,SKU0153,57,172.0,12,67
2024-04-08,SKU0153,11,172.0,12,67
2024-04-15,SKU0153,133,0.0,12,67
2024-04-22,SKU0153,90,0.0,12,67
2024-04-29,SKU0153,42,161.0,12,67
2024-05-06,SKU0153,0,161.0,12,67
2024-05-13,SKU0153,125,0.0,12,67
2024-05-20,SKU0153,91,0.0,12,67
2024-05-27,SKU0153,52,132.0,12,67
2024-06-03,SKU0153,6,132.0,12,67
2024-06-10,SKU0153,106,0.0,12,67
2024-06-17,SKU0153,59,146.0,12,67
2024-06-24,SKU0153,14,146.0,12,67
2024-07-01,SKU0153,119,0.0,12,67
2024-07-08,SKU0153,80,0.0,12,67
2024-07-15,SKU0153,39,124.0,12,67
2024-07-22,SKU0153,0,124.0,12,67
2024-07-29,SKU0153,85,0.0,12,67
2024-08-05,SKU0153,36,124.0,12,67
2024-08-12,SKU0153,0,124.0,12,67
2024-08-19,SKU0153,87,0.0,12,67
2024-08-26,SKU0153,42,127.0,12,67
2024-09-02,SKU0153,0,127.0,12,67
2024-09-09,SKU0153,68,0.0,12,67
2024-09-16,SKU0153,31,174.0,12,67
2024-09-23,SKU0153,161,0.0,12,67
2024-09-30,SKU0153,121,0.0,12,67
2024-10-07,SKU0153,63,140.0,12,67
2024-10-14,SKU0153,26,140.0,12,67
2024-10-21,SKU0153,120,0.0,12,67
2024-10-28,SKU0153,71,0.0,12,67
2024-11-04,SKU0153,26,147.0,12,67
2024-11-11,SKU0153,135,0.0,12,67
2024-11-18,SKU0153,88,0.0,12,67
2024-11-25,SKU0153,45,178.0,12,67
2024-12-02,SKU0153,0,,12,67
2024-12-09,SKU0153,144,0.0,12,67
2024-12-16,SKU0153,87,0.0,12,67
2024-12-23,SKU0153,20,210.0,12,67
2024-12-30,SKU0153,201,0.0,12,67
2025-01-06,SKU0153,149,0.0,12,67
2025-01-13,SKU0153,88,0.0,12,67
2025-01-20,SKU0153,36,162.0,12,67
2025-01-27,SKU0153,0,162.0,12,67
2025-02-03,SKU0153,104,0.0,12,67
2025-02-10,SKU0153,57,184.0,12,67
2025-02-17,SKU0153,9,184.0,12,67
2025-02-24,SKU0153,142,0.0,12,67
2025-03-03,SKU0153,93,0.0,12,67
2025-03-10,SKU0153,52,178.0,12,67
2025-03-17,SKU0153,13,178.0,12,67
2025-03-24,SKU0153,148,0.0,12,67
2025-03-31,SKU0153,100,0.0,12,67
2025-04-07,SKU0153,59,168.0,12,67
2025-04-14,SKU0153,0,168.0,12,67
2025-04-21,SKU0153,150,0.0,12,67
2025-04-28,SKU0153,100,0.0,12,67
2025-05-05,SKU0153,53,157.0,12,67
2025-05-12,SKU0153,2,157.0,12,67
2025-05-19,SKU0153,121,0.0,12,67
2025-05-26,SKU0153,79,0.0,12,67
2025-06-02,SKU0153,37,129.0,12,67
2025-06-09,SKU0153,0,129.0,12,67
2025-06-16,SKU0153,84,0.0,12,67
2025-06-23,SKU0153,42,125.0,12,67
2025-06-30,SKU0153,7,125.0,12,67
2025-07-07,SKU0153,93,0.0,12,67
2025-07-14,SKU0153,41,123.0,12,67
2025-07-21,SKU0153,0,123.0,12,67
2025-07-28,SKU0153,85,0.0,12,67
2025-08-04,SKU0153,43,123.0,12,67
2025-08-11,SKU0153,0,123.0,12,67
2025-08-18,SKU0153,76,0.0,12,67
2025-08-25,SKU0153,32,126.0,12,67
2025-09-01,SKU0153,120,0.0,12,67
2025-09-08,SKU0153,84,0.0,12,67
2025-09-15,SKU0153,37,131.0,12,67
2025-09-22,SKU0153,0,131.0,12,67
2025-09-29,SKU0153,94,0.0,12,67
2025-10-06,SKU0153,44,159.0,12,67
2025-10-13,SKU0153,11,159.0,12,67
2025-10-20,SKU0153,129,0.0,12,67
2025-10-27,SKU0153,88,0.0,12,67
2025-11-03,SKU0153,38,146.0,12,67
2025-11-10,SKU0153,0,146.0,12,67
2025-11-17,SKU0153,95,0.0,12,67
2025-11-24,SKU0153,51,176.0,12,67
2025-12-01,SKU0153,0,176.0,12,67
2025-12-08,SKU0153,138,0.0,12,67
2025-12-15,SKU0153,86,0.0,12,67
2025-12-22,SKU0153,20,209.0,12,67
2025-12-29,SKU0153,203,0.0,12,67
2024-01-01,SKU0154,111,718.0,9,411
2024-01-08,SKU0154,0,718.0,9,411
2024-01-15,SKU0154,371,631.0,9,411
2024-01-22,SKU0154,0,631.0,9,411
2024-01-29,SKU0154,302,799.0,9,411
2024-02-05,SKU0154,0,799.0,9,411
2024-02-12,SKU0154,428,0.0,9,411
2024-02-19,SKU0154,59,616.0,9,411
2024-02-26,SKU0154,356,762.0,9,411
2024-03-04,SKU0154,0,762.0,9,411
2024-03-11,SKU0154,401,571.0,9,411
2024-03-18,SKU0154,60,571.0,9,411
2024-03-25,SKU0154,291,692.0,9,411
2024-04-01,SKU0154,644,0.0,9,411
2024-04-08,SKU0154,341,647.0,9,411
2024-04-15,SKU0154,611,0.0,9,411
2024-04-22,SKU0154,315,597.0,9,411
2024-04-29,SKU0154,23,597.0,9,411
2024-05-06,SKU0154,333,554.0,9,411
2024-05-13,SKU0154,634,0.0,9,411
2024-05-20,SKU0154,398,397.0,9,411
2024-05-27,SKU0154,149,397.0,9,411
2024-06-03,SKU0154,313,472.0,9,411
2024-06-10,SKU0154,576,0.0,9,411
2024-06-17,SKU0154,372,440.0,9,411
2024-06-24,SKU0154,177,440.0,9,411
2024-07-01,SKU0154,405,329.0,9,411
2024-07-08,SKU0154,206,329.0,9,411
2024-07-15,SKU0154,286,411.0,9,411
2024-07-22,SKU0154,380,322.0,9,411
2024-07-29,SKU0154,178,322.0,9,411
2024-08-05,SKU0154,301,327.0,9,411
2024-08-12,SKU0154,415,0.0,9,411
2024-08-19,SKU0154,211,337.0,9,411
2024-08-26,SKU0154,323,447.0,9,411
2024-09-02,SKU0154,538,0.0,9,411
2024-09-09,SKU0154,121,756.0,9,411
2024-09-16,SKU0154,681,0.0,9,411
2024-09-23,SKU0154,463,0.0,9,411
2024-09-30,SKU0154,205,417.0,9,411
2024-10-07,SKU0154,341,566.0,9,411
2024-10-14,SKU0154,81,566.0,9,411
2024-10-21,SKU0154,351,613.0,9,411
2024-10-28,SKU0154,58,613.0,9,411
2024-11-04,SKU0154,356,660.0,9,411
2024-11-11,SKU0154,43,660.0,9,411
2024-11-18,SKU0154,387,555.0,9,411
2024-11-25,SKU0154,0,555.0,9,411
2024-12-02,SKU0154,149,1338.0,9,411
2024-12-09,SKU0154,1186,0.0,9,411
2024-12-16,SKU0154,759,0.0,9,411
2024-12-23,SKU0154,188,1236.0,9,411
2024-12-30,SKU0154,1116,0.0,9,411
2025-01-06,SKU0154,606,0.0,9,411
2025-01-13,SKU0154,52,1268.0,9,411
2025-01-20,SKU0154,1042,0.0,9,411
2025-01-27,SKU0154,668,0.0,9,411
2025-02-03,SKU0154,312,795.0,9,411
2025-02-10,SKU0154,0,795.0,9,411
2025-02-17,SKU0154,426,0.0,9,411
2025-02-24,SKU0154,45,608.0,9,411
2025-03-03,SKU0154,318,749.0,9,411
2025-03-10,SKU0154,0,749.0,9,411
2025-03-17,SKU0154,425,0.0,9,411
2025-03-24,SKU0154,64,556.0,9,411
2025-03-31,SKU0154,330,670.0,9,411
2025-04-07,SKU0154,28,670.0,9,411
2025-04-14,SKU0154,136,1265.0,9,411
2025-04-21,SKU0154,1221,0.0,9,411
2025-04-28,SKU0154,936,0.0,9,411
2025-05-05,SKU0154,661,0.0,9,411
2025-05-12,SKU0154,425,0.0,9,411
2025-05-19,SKU0154,185,413.0,9,411
2025-05-26,SKU0154,387,384.0,9,411
2025-06-02,SKU0154,166,384.0,9,411
2025-06-09,SKU0154,309,458.0,9,411
2025-06-16,SKU0154,546,0.0,9,411
2025-06-23,SKU0154,339,432.0,9,411
2025-06-30,SKU0154,574,0.0,9,411
2025-07-07,SKU0154,388,325.0,9,411
2025-07-14,SKU0154,183,325.0,9,411
2025-07-21,SKU0154,123,651.0,9,411
2025-07-28,SKU0154,580,0.0,9,411
2025-08-04,SKU0154,383,328.0,9,411
2025-08-11,SKU0154,183,328.0,9,411
2025-08-18,SKU0154,302,339.0,9,411
2025-08-25,SKU0154,417,0.0,9,411
2025-09-01,SKU0154,217,355.0,9,411
2025-09-08,SKU0154,223,961.0,9,411
2025-09-15,SKU0154,934,0.0,9,411
2025-09-22,SKU0154,703,0.0,9,411
2025-09-29,SKU0154,443,0.0,9,411
2025-10-06,SKU0154,199,433.0,9,411
2025-10-13,SKU0154,379,586.0,9,411
2025-10-20,SKU0154,124,586.0,9,411
2025-10-27,SKU0154,412,0.0,9,411
2025-11-03,SKU0154,95,504.0,9,411
2025-11-10,SKU0154,303,676.0,9,411
2025-11-17,SKU0154,659,0.0,9,411
2025-11-24,SKU0154,303,718.0,9,411
2025-12-01,SKU0154,677,0.0,9,411
2025-12-08,SKU0154,348,755.0,9,411
2025-12-15,SKU0154,0,755.0,9,411
2025-12-22,SKU0154,0,1234.0,9,411
2025-12-29,SKU0154,1135,0.0,9,411
2024-01-01,SKU0155,21,897.0,26,1166
2024-01-08,SKU0155,0,897.0,26,1166
2024-01-15,SKU0155,0,897.0,26,1166
2024-01-22,SKU0155,0,897.0,26,1166
2024-01-29,SKU0155,813,1115.0,26,1166
2024-02-05,SKU0155,591,1115.0,26,1166
2024-02-12,SKU0155,378,1115.0,26,1166
2024-02-19,SKU0155,149,1115.0,26,1166
2024-02-26,SKU0155,1010,1353.0,26,1166
2024-03-04,SKU0155,734,1353.0,26,1166
2024-03-11,SKU0155,452,1353.0,26,1166
2024-03-18,SKU0155,120,1353.0,26,1166
2024-03-25,SKU0155,1166,1773.0,26,1166
2024-04-01,SKU0155,834,1773.0,26,1166
2024-04-08,SKU0155,485,1773.0,26,1166
2024-04-15,SKU0155,0,1773.0,26,1166
2024-04-22,SKU0155,1609,0.0,26,1166
2024-04-29,SKU0155,1186,0.0,26,1166
2024-05-06,SKU0155,795,,26,1166
2024-05-13,SKU0155,377,2125.0,26,1166
2024-05-20,SKU0155,0,2125.0,26,1166
2024-05-27,SKU0155,1999,0.0,26,1166
2024-06-03,SKU0155,1585,0.0,26,1166
2024-06-10,SKU0155,1145,2214.0,26,1166
2024-06-17,SKU0155,713,2214.0,26,1166
2024-06-24,SKU0155,307,2214.0,26,1166
2024-07-01,SKU0155,0,2214.0,26,1166
2024-07-08,SKU0155,2073,0.0,26,1166
2024-07-15,SKU0155,1626,0.0,26,1166
2024-07-22,SKU0155,976,4510.0,26,1166
2024-07-29,SKU0155,637,4510.0,26,1166
2024-08-05,SKU0155,320,4510.0,26,1166
2024-08-12,SKU0155,0,4510.0,26,1166
2024-08-19,SKU0155,4322,0.0,26,1166
2024-08-26,SKU0155,4045,0.0,26,1166
2024-09-02,SKU0155,3776,0.0,26,1166
2024-09-09,SKU0155,3328,0.0,26,1166
2024-09-16,SKU0155,3069,0.0,26,1166
2024-09-23,SKU0155,2873,0.0,26,1166
2024-09-30,SKU0155,2673,0.0,26,1166
2024-10-07,SKU0155,2452,0.0,26,1166
2024-10-14,SKU0155,2283,0.0,26,1166
2024-10-21,SKU0155,2114,0.0,26,1166
2024-10-28,SKU0155,1977,0.0,26,1166
2024-11-04,SKU0155,1828,0.0,26,1166
2024-11-11,SKU0155,1700,0.0,26,1166
2024-11-18,SKU0155,1558,0.0,26,1166
2024-11-25,SKU0155,1420,0.0,26,1166
2024-12-02,SKU0155,1223,0.0,26,1166
2024-12-09,SKU0155,1089,668.0,26,1166
2024-12-16,SKU0155,920,668.0,26,1166
2024-12-23,SKU0155,701,668.0,26,1166
2024-12-30,SKU0155,555,668.0,26,1166
2025-01-06,SKU0155,1029,,26,1166
2025-01-13,SKU0155,798,797.0,26,1166
2025-01-20,SKU0155,645,797.0,26,1166
2025-01-27,SKU0155,472,797.0,26,1166
2025-02-03,SKU0155,1074,1086.0,26,1166
2025-02-10,SKU0155,854,1086.0,26,1166
2025-02-17,SKU0155,605,1086.0,26,1166
2025-02-24,SKU0155,331,1086.0,26,1166
2025-03-03,SKU0155,1138,1489.0,26,1166
2025-03-10,SKU0155,844,1489.0,26,1166
2025-03-17,SKU0155,548,1489.0,26,1166
2025-03-24,SKU0155,227,1489.0,26,1166
2025-03-31,SKU0155,1374,0.0,26,1166
2025-04-07,SKU0155,1022,2070.0,26,1166
2025-04-14,SKU0155,331,2070.0,26,1166
2025-04-21,SKU0155,0,2070.0,26,1166
2025-04-28,SKU0155,0,2070.0,26,1166
2025-05-05,SKU0155,1776,0.0,26,1166
2025-05-12,SKU0155,1363,0.0,26,1166
2025-05-19,SKU0155,945,2207.0,26,1166
2025-05-26,SKU0155,553,2207.0,26,1166
2025-06-02,SKU0155,134,2207.0,26,1166
2025-06-09,SKU0155,0,2207.0,26,1166
2025-06-16,SKU0155,1844,0.0,26,1166
2025-06-23,SKU0155,1426,0.0,26,1166
2025-06-30,SKU0155,1035,2321.0,26,1166
2025-07-07,SKU0155,657,2321.0,26,1166
2025-07-14,SKU0155,286,2321.0,26,1166
2025-07-21,SKU0155,0,2321.0,26,1166
2025-07-28,SKU0155,2086,0.0,26,1166
2025-08-04,SKU0155,1771,,26,1166
2025-08-11,SKU0155,1476,0.0,26,1166
2025-08-18,SKU0155,1166,1599.0,26,1166
2025-08-25,SKU0155,872,1599.0,26,1166
2025-09-01,SKU0155,608,1599.0,26,1166
2025-09-08,SKU0155,194,1599.0,26,1166
2025-09-15,SKU0155,1506,0.0,26,1166
2025-09-22,SKU0155,1280,0.0,26,1166
2025-09-29,SKU0155,1091,1171.0,26,1166
2025-10-06,SKU0155,926,1171.0,26,1166
2025-10-13,SKU0155,736,1171.0,26,1166
2025-10-20,SKU0155,580,1171.0,26,1166
2025-10-27,SKU0155,1583,0.0,26,1166
2025-11-03,SKU0155,1436,0.0,26,1166
2025-11-10,SKU0155,1312,0.0,26,1166
2025-11-17,SKU0155,1178,0.0,26,1166
2025-11-24,SKU0155,1068,676.0,26,1166
2025-12-01,SKU0155,886,676.0,26,1166
2025-12-08,SKU0155,763,676.0,26,1166
2025-12-15,SKU0155,1304,0.0,26,1166
2025-12-22,SKU0155,1049,1521.0,26,1166
2025-12-29,SKU0155,908,1521.0,26,1166
2024-01-01,SKU0156,129,1067.0,21,934
2024-01-08,SKU0156,0,1067.0,21,934
2024-01-15,SKU0156,0,1067.0,21,934
2024-01-22,SKU0156,1035,0.0,21,934
2024-01-29,SKU0156,888,1194.0,21,934
2024-02-05,SKU0156,725,1194.0,21,934
2024-02-12,SKU0156,535,1194.0,21,934
2024-02-19,SKU0156,1522,0.0,21,934
2024-02-26,SKU0156,1303,0.0,21,934
2024-03-04,SKU0156,1150,0.0,21,934
2024-03-11,SKU0156,962,0.0,21,934
2024-03-18,SKU0156,769,1039.0,21,934
2024-03-25,SKU0156,562,1039.0,21,934
2024-04-01,SKU0156,338,1039.0,21,934
2024-04-08,SKU0156,1142,0.0,21,934
2024-04-15,SKU0156,861,2083.0,21,934
2024-04-22,SKU0156,633,2083.0,21,934
2024-04-29,SKU0156,386,2083.0,21,934
2024-05-06,SKU0156,2245,0.0,21,934
2024-05-13,SKU0156,2000,0.0,21,934
2024-05-20,SKU0156,1749,0.0,21,934
2024-05-27,SKU0156,1517,0.0,21,934
2024-06-03,SKU0156,1272,0.0,21,934
2024-06-10,SKU0156,1017,0.0,21,934
2024-06-17,SKU0156,784,,21,934
2024-06-24,SKU0156,516,1349.0,21,934
2024-07-01,SKU0156,248,1349.0,21,934
2024-07-08,SKU0156,1325,0.0,21,934
2024-07-15,SKU0156,1051,0.0,21,934
2024-07-22,SKU0156,726,1932.0,21,934
2024-07-29,SKU0156,482,1932.0,21,934
2024-08-05,SKU0156,223,1932.0,21,934
2024-08-12,SKU0156,1860,0.0,21,934
2024-08-19,SKU0156,1608,0.0,21,934
2024-08-26,SKU0156,1364,0.0,21,934
2024-09-02,SKU0156,1099,0.0,21,934
2024-09-09,SKU0156,775,2303.0,21,934
2024-09-16,SKU0156,534,2303.0,21,934
2024-09-23,SKU0156,299,2303.0,21,934
2024-09-30,SKU0156,2389,0.0,21,934
2024-10-07,SKU0156,2137,0.0,21,934
2024-10-14,SKU0156,1897,0.0,21,934
2024-10-21,SKU0156,1670,0.0,21,934
2024-10-28,SKU0156,1460,0.0,21,934
2024-11-04,SKU0156,1260,0.0,21,934
2024-11-11,SKU0156,1067,0.0,21,934
2024-11-18,SKU0156,848,1317.0,21,934
2024-11-25,SKU0156,628,1317.0,21,934
2024-12-02,SKU0156,382,1317.0,21,934
2024-12-09,SKU0156,1522,0.0,21,934
2024-12-16,SKU0156,1303,0.0,21,934
2024-12-23,SKU0156,1098,0.0,21,934
2024-12-30,SKU0156,901,1203.0,21,934
2025-01-06,SKU0156,684,1203.0,21,934
2025-01-13,SKU0156,470,1203.0,21,934
2025-01-20,SKU0156,1511,0.0,21,934
2025-01-27,SKU0156,1335,0.0,21,934
2025-02-03,SKU0156,1171,0.0,21,934
2025-02-10,SKU0156,979,0.0,21,934
2025-02-17,SKU0156,807,968.0,21,934
2025-02-24,SKU0156,590,968.0,21,934
2025-03-03,SKU0156,401,968.0,21,934
2025-03-10,SKU0156,1165,0.0,21,934
2025-03-17,SKU0156,960,0.0,21,934
2025-03-24,SKU0156,736,1066.0,21,934
2025-03-31,SKU0156,552,1066.0,21,934
2025-04-07,SKU0156,339,1066.0,21,934
2025-04-14,SKU0156,1115,0.0,21,934
2025-04-21,SKU0156,862,1526.0,21,934
2025-04-28,SKU0156,622,1526.0,21,934
2025-05-05,SKU0156,380,1526.0,21,934
2025-05-12,SKU0156,1662,0.0,21,934
2025-05-19,SKU0156,1390,0.0,21,934
2025-05-26,SKU0156,1160,0.0,21,934
2025-06-02,SKU0156,895,1706.0,21,934
2025-06-09,SKU0156,614,1706.0,21,934
2025-06-16,SKU0156,369,1706.0,21,934
2025-06-23,SKU0156,1800,0.0,21,934
2025-06-30,SKU0156,1523,0.0,21,934
2025-07-07,SKU0156,1245,0.0,21,934
2025-07-14,SKU0156,966,0.0,21,934
2025-07-21,SKU0156,580,1946.0,21,934
2025-07-28,SKU0156,316,1946.0,21,934
2025-08-04,SKU0156,72,1946.0,21,934
2025-08-11,SKU0156,1734,0.0,21,934
2025-08-18,SKU0156,1487,0.0,21,934
2025-08-25,SKU0156,1223,0.0,21,934
2025-09-01,SKU0156,952,0.0,21,934
2025-09-08,SKU0156,668,1305.0,21,934
2025-09-15,SKU0156,402,1305.0,21,934
2025-09-22,SKU0156,168,1305.0,21,934
2025-09-29,SKU0156,1214,0.0,21,934
2025-10-06,SKU0156,963,0.0,21,934
2025-10-13,SKU0156,744,1179.0,21,934
2025-10-20,SKU0156,536,1179.0,21,934
2025-10-27,SKU0156,331,1179.0,21,934
2025-11-03,SKU0156,1288,0.0,21,934
2025-11-10,SKU0156,1084,0.0,21,934
2025-11-17,SKU0156,894,1329.0,21,934
2025-11-24,SKU0156,689,1329.0,21,934
2025-12-01,SKU0156,439,1329.0,21,934
2025-12-08,SKU0156,1575,0.0,21,934
2025-12-15,SKU0156,1388,0.0,21,934
2025-12-22,SKU0156,1133,0.0,21,934
2025-12-29,SKU0156,934,948.0,21,934
2024-01-01,SKU0157,124,908.0,29,782
2024-01-08,SKU0157,0,908.0,29,782
2024-01-15,SKU0157,0,908.0,29,782
2024-01-22,SKU0157,0,908.0,29,782
2024-01-29,SKU0157,0,908.0,29,782
2024-02-05,SKU0157,757,1341.0,29,782
2024-02-12,SKU0157,599,1341.0,29,782
2024-02-19,SKU0157,427,1341.0,29,782
2024-02-26,SKU0157,239,1341.0,29,782
2024-03-04,SKU0157,1375,0.0,29,782
2024-03-11,SKU0157,1157,0.0,29,782
2024-03-18,SKU0157,945,0.0,29,782
2024-03-25,SKU0157,712,2108.0,29,782
2024-04-01,SKU0157,450,2108.0,29,782
2024-04-08,SKU0157,176,2108.0,29,782
2024-04-15,SKU0157,0,2108.0,29,782
2024-04-22,SKU0157,2075,0.0,29,782
2024-04-29,SKU0157,1767,0.0,29,782
2024-05-06,SKU0157,1470,0.0,29,782
2024-05-13,SKU0157,1148,0.0,29,782
2024-05-20,SKU0157,813,0.0,29,782
2024-05-27,SKU0157,496,2197.0,29,782
2024-06-03,SKU0157,146,2197.0,29,782
2024-06-10,SKU0157,0,2197.0,29,782
2024-06-17,SKU0157,0,2197.0,29,782
2024-06-24,SKU0157,1926,0.0,29,782
2024-07-01,SKU0157,1563,0.0,29,782
2024-07-08,SKU0157,1212,0.0,29,782
2024-07-15,SKU0157,858,0.0,29,782
2024-07-22,SKU0157,276,4267.0,29,782
2024-07-29,SKU0157,0,4267.0,29,782
2024-08-05,SKU0157,0,4267.0,29,782
2024-08-12,SKU0157,0,4267.0,29,782
2024-08-19,SKU0157,4027,0.0,29,782
2024-08-26,SKU0157,3772,0.0,29,782
2024-09-02,SKU0157,3530,0.0,29,782
2024-09-09,SKU0157,3098,0.0,29,782
2024-09-16,SKU0157,2852,0.0,29,782
2024-09-23,SKU0157,2643,0.0,29,782
2024-09-30,SKU0157,2442,0.0,29,782
2024-10-07,SKU0157,2253,0.0,29,782
2024-10-14,SKU0157,2085,0.0,29,782
2024-10-21,SKU0157,1948,0.0,29,782
2024-10-28,SKU0157,1799,0.0,29,782
2024-11-04,SKU0157,1657,0.0,29,782
2024-11-11,SKU0157,1533,0.0,29,782
2024-11-18,SKU0157,1410,0.0,29,782
2024-11-25,SKU0157,1267,0.0,29,782
2024-12-02,SKU0157,1099,0.0,29,782
2024-12-09,SKU0157,987,0.0,29,782
2024-12-16,SKU0157,846,0.0,29,782
2024-12-23,SKU0157,665,1501.0,29,782
2024-12-30,SKU0157,528,1501.0,29,782
2025-01-06,SKU0157,364,1501.0,29,782
2025-01-13,SKU0157,198,1501.0,29,782
2025-01-20,SKU0157,1567,0.0,29,782
2025-01-27,SKU0157,1414,0.0,29,782
2025-02-03,SKU0157,1247,0.0,29,782
2025-02-10,SKU0157,1073,0.0,29,782
2025-02-17,SKU0157,885,0.0,29,782
2025-02-24,SKU0157,687,1256.0,29,782
2025-03-03,SKU0157,498,1256.0,29,782
2025-03-10,SKU0157,259,1256.0,29,782
2025-03-17,SKU0157,17,1256.0,29,782
2025-03-24,SKU0157,1143,0.0,29,782
2025-03-31,SKU0157,876,0.0,29,782
2025-04-07,SKU0157,614,1775.0,29,782
2025-04-14,SKU0157,120,1775.0,29,782
2025-04-21,SKU0157,0,1775.0,29,782
2025-04-28,SKU0157,0,1775.0,29,782
2025-05-05,SKU0157,1566,0.0,29,782
2025-05-12,SKU0157,1247,0.0,29,782
2025-05-19,SKU0157,932,0.0,29,782
2025-05-26,SKU0157,599,2197.0,29,782
2025-06-02,SKU0157,273,2197.0,29,782
2025-06-09,SKU0157,0,2197.0,29,782
2025-06-16,SKU0157,0,2197.0,29,782
2025-06-23,SKU0157,2037,0.0,29,782
2025-06-30,SKU0157,1731,0.0,29,782
2025-07-07,SKU0157,1371,0.0,29,782
2025-07-14,SKU0157,1042,0.0,29,782
2025-07-21,SKU0157,414,4219.0,29,782
2025-07-28,SKU0157,115,4219.0,29,782
2025-08-04,SKU0157,0,4219.0,29,782
2025-08-11,SKU0157,0,4219.0,29,782
2025-08-18,SKU0157,4085,0.0,29,782
2025-08-25,SKU0157,3828,0.0,29,782
2025-09-01,SKU0157,3580,0.0,29,782
2025-09-08,SKU0157,3203,0.0,29,782
2025-09-15,SKU0157,2949,0.0,29,782
2025-09-22,SKU0157,2740,0.0,29,782
2025-09-29,SKU0157,2539,0.0,29,782
2025-10-06,SKU0157,2371,0.0,29,782
2025-10-13,SKU0157,2195,0.0,29,782
2025-10-20,SKU0157,2040,0.0,29,782
2025-10-27,SKU0157,1905,0.0,29,782
2025-11-03,SKU0157,1762,0.0,29,782
2025-11-10,SKU0157,1656,0.0,29,782
2025-11-17,SKU0157,1524,0.0,29,782
2025-11-24,SKU0157,1402,0.0,29,782
2025-12-01,SKU0157,1241,0.0,29,782
2025-12-08,SKU0157,1142,0.0,29,782
2025-12-15,SKU0157,987,0.0,29,782
2025-12-22,SKU0157,801,0.0,29,782
2025-12-29,SKU0157,702,745.0,29,782
2024-01-01,SKU0158,143,539.0,14,669
2024-01-08,SKU0158,0,539.0,14,669
2024-01-15,SKU0158,515,509.0,14,669
2024-01-22,SKU0158,294,509.0,14,669
2024-01-29,SKU0158,588,555.0,14,669
2024-02-05,SKU0158,362,555.0,14,669
2024-02-12,SKU0158,675,0.0,14,669
2024-02-19,SKU0158,420,607.0,14,669
2024-02-26,SKU0158,173,607.0,14,669
2024-03-04,SKU0158,508,662.0,14,669
2024-03-11,SKU0158,203,662.0,14,669
2024-03-18,SKU0158,557,942.0,14,669
2024-03-25,SKU0158,258,942.0,14,669
2024-04-01,SKU0158,901,0.0,14,669
2024-04-08,SKU0158,592,1016.0,14,669
2024-04-15,SKU0158,70,1016.0,14,669
2024-04-22,SKU0158,913,0.0,14,669
2024-04-29,SKU0158,590,1059.0,14,669
2024-05-06,SKU0158,264,1059.0,14,669
2024-05-13,SKU0158,1010,0.0,14,669
2024-05-20,SKU0158,657,807.0,14,669
2024-05-27,SKU0158,340,807.0,14,669
2024-06-03,SKU0158,861,0.0,14,669
2024-06-10,SKU0158,535,1043.0,14,669
2024-06-17,SKU0158,232,1043.0,14,669
2024-06-24,SKU0158,960,0.0,14,669
2024-07-01,SKU0158,649,742.0,14,669
2024-07-08,SKU0158,374,742.0,14,669
2024-07-15,SKU0158,779,0.0,14,669
2024-07-22,SKU0158,312,1381.0,14,669
2024-07-29,SKU0158,52,1381.0,14,669
2024-08-05,SKU0158,1182,0.0,14,669
2024-08-12,SKU0158,922,0.0,14,669
2024-08-19,SKU0158,700,0.0,14,669
2024-08-26,SKU0158,429,579.0,14,669
2024-09-02,SKU0158,207,579.0,14,669
2024-09-09,SKU0158,452,1036.0,14,669
2024-09-16,SKU0158,206,1036.0,14,669
2024-09-23,SKU0158,1049,0.0,14,669
2024-09-30,SKU0158,846,,14,669
2024-10-07,SKU0158,667,438.0,14,669
2024-10-14,SKU0158,470,438.0,14,669
2024-10-21,SKU0158,731,0.0,14,669
2024-10-28,SKU0158,584,409.0,14,669
2024-11-04,SKU0158,414,409.0,14,669
2024-11-11,SKU0158,654,399.0,14,669
2024-11-18,SKU0158,484,399.0,14,669
2024-11-25,SKU0158,697,0.0,14,669
2024-12-02,SKU0158,465,804.0,14,669
2024-12-09,SKU0158,283,804.0,14,669
2024-12-16,SKU0158,883,0.0,14,669
2024-12-23,SKU0158,611,585.0,14,669
2024-12-30,SKU0158,421,585.0,14,669
2025-01-06,SKU0158,716,0.0,14,669
2025-01-13,SKU0158,429,966.0,14,669
2025-01-20,SKU0158,213,966.0,14,669
2025-01-27,SKU0158,956,0.0,14,669
2025-02-03,SKU0158,713,0.0,14,669
2025-02-10,SKU0158,444,581.0,14,669
2025-02-17,SKU0158,155,581.0,14,669
2025-02-24,SKU0158,477,630.0,14,669
2025-03-03,SKU0158,199,630.0,14,669
2025-03-10,SKU0158,522,907.0,14,669
2025-03-17,SKU0158,272,907.0,14,669
2025-03-24,SKU0158,905,0.0,14,669
2025-03-31,SKU0158,619,990.0,14,669
2025-04-07,SKU0158,289,990.0,14,669
2025-04-14,SKU0158,808,0.0,14,669
2025-04-21,SKU0158,461,786.0,14,669
2025-04-28,SKU0158,129,786.0,14,669
2025-05-05,SKU0158,590,1062.0,14,669
2025-05-12,SKU0158,240,1062.0,14,669
2025-05-19,SKU0158,959,0.0,14,669
2025-05-26,SKU0158,641,802.0,14,669
2025-06-02,SKU0158,340,802.0,14,669
2025-06-09,SKU0158,822,0.0,14,669
2025-06-16,SKU0158,515,780.0,14,669
2025-06-23,SKU0158,198,780.0,14,669
2025-06-30,SKU0158,662,743.0,14,669
2025-07-07,SKU0158,350,743.0,14,669
2025-07-14,SKU0158,766,0.0,14,669
2025-07-21,SKU0158,238,1383.0,14,669
2025-07-28,SKU0158,0,1383.0,14,669
2025-08-04,SKU0158,1156,0.0,14,669
2025-08-11,SKU0158,949,0.0,14,669
2025-08-18,SKU0158,727,0.0,14,669
2025-08-25,SKU0158,477,577.0,14,669
2025-09-01,SKU0158,266,577.0,14,669
2025-09-08,SKU0158,505,1363.0,14,669
2025-09-15,SKU0158,254,1363.0,14,669
2025-09-22,SKU0158,1440,0.0,14,669
2025-09-29,SKU0158,1256,0.0,14,669
2025-10-06,SKU0158,1064,0.0,14,669
2025-10-13,SKU0158,882,0.0,14,669
2025-10-20,SKU0158,695,0.0,14,669
2025-10-27,SKU0158,517,411.0,14,669
2025-11-03,SKU0158,362,411.0,14,669
2025-11-10,SKU0158,605,526.0,14,669
2025-11-17,SKU0158,457,526.0,14,669
2025-11-24,SKU0158,831,0.0,14,669
2025-12-01,SKU0158,538,925.0,14,669
2025-12-08,SKU0158,351,925.0,14,669
2025-12-15,SKU0158,1078,0.0,14,669
2025-12-22,SKU0158,756,0.0,14,669
2025-12-29,SKU0158,579,453.0,14,669
2024-01-01,SKU0159,112,510.0,11,210
2024-01-08,SKU0159,0,510.0,11,210
2024-01-15,SKU0159,403,0.0,11,210
2024-01-22,SKU0159,212,0.0,11,210
2024-01-29,SKU0159,50,483.0,11,210
2024-02-05,SKU0159,399,0.0,11,210
2024-02-12,SKU0159,210,514.0,11,210
2024-02-19,SKU0159,26,514.0,11,210
2024-02-26,SKU0159,393,0.0,11,210
2024-03-04,SKU0159,211,0.0,11,210
2024-03-11,SKU0159,48,539.0,11,210
2024-03-18,SKU0159,457,0.0,11,210
2024-03-25,SKU0159,254,0.0,11,210
2024-04-01,SKU0159,46,551.0,11,210
2024-04-08,SKU0159,478,0.0,11,210
2024-04-15,SKU0159,147,1359.0,11,210
2024-04-22,SKU0159,0,1359.0,11,210
2024-04-29,SKU0159,1197,0.0,11,210
2024-05-06,SKU0159,1033,0.0,11,210
2024-05-13,SKU0159,816,0.0,11,210
2024-05-20,SKU0159,634,0.0,11,210
2024-05-27,SKU0159,416,0.0,11,210
2024-06-03,SKU0159,254,0.0,11,210
2024-06-10,SKU0159,78,496.0,11,210
2024-06-17,SKU0159,447,0.0,11,210
2024-06-24,SKU0159,262,0.0,11,210
2024-07-01,SKU0159,82,,11,210
2024-07-08,SKU0159,417,0.0,11,210
2024-07-15,SKU0159,233,0.0,11,210
2024-07-22,SKU0159,0,779.0,11,210
2024-07-29,SKU0159,707,0.0,11,210
2024-08-05,SKU0159,571,0.0,11,210
2024-08-12,SKU0159,433,0.0,11,210
2024-08-19,SKU0159,290,0.0,11,210
2024-08-26,SKU0159,150,365.0,11,210
2024-09-02,SKU0159,21,365.0,11,210
2024-09-09,SKU0159,172,864.0,11,210
2024-09-16,SKU0159,40,864.0,11,210
2024-09-23,SKU0159,777,0.0,11,210
2024-09-30,SKU0159,657,0.0,11,210
2024-10-07,SKU0159,529,0.0,11,210
2024-10-14,SKU0159,390,0.0,11,210
2024-10-21,SKU0159,259,0.0,11,210
2024-10-28,SKU0159,122,348.0,11,210
2024-11-04,SKU0159,367,0.0,11,210
2024-11-11,SKU0159,247,0.0,11,210
2024-11-18,SKU0159,117,367.0,11,210
2024-11-25,SKU0159,325,0.0,11,210
2024-12-02,SKU0159,103,819.0,11,210
2024-12-09,SKU0159,800,0.0,11,210
2024-12-16,SKU0159,608,0.0,11,210
2024-12-23,SKU0159,380,0.0,11,210
2024-12-30,SKU0159,234,0.0,11,210
2025-01-06,SKU0159,24,512.0,11,210
2025-01-13,SKU0159,461,0.0,11,210
2025-01-20,SKU0159,290,0.0,11,210
2025-01-27,SKU0159,123,486.0,11,210
2025-02-03,SKU0159,0,486.0,11,210
2025-02-10,SKU0159,293,0.0,11,210
2025-02-17,SKU0159,91,518.0,11,210
2025-02-24,SKU0159,0,518.0,11,210
2025-03-03,SKU0159,303,0.0,11,210
2025-03-10,SKU0159,72,541.0,11,210
2025-03-17,SKU0159,0,541.0,11,210
2025-03-24,SKU0159,355,0.0,11,210
2025-03-31,SKU0159,127,740.0,11,210
2025-04-07,SKU0159,0,740.0,11,210
2025-04-14,SKU0159,432,0.0,11,210
2025-04-21,SKU0159,219,0.0,11,210
2025-04-28,SKU0159,9,546.0,11,210
2025-05-05,SKU0159,459,0.0,11,210
2025-05-12,SKU0159,267,0.0,11,210
2025-05-19,SKU0159,81,525.0,11,210
2025-05-26,SKU0159,502,0.0,11,210
2025-06-02,SKU0159,302,0.0,11,210
2025-06-09,SKU0159,133,660.0,11,210
2025-06-16,SKU0159,0,660.0,11,210
2025-06-23,SKU0159,516,0.0,11,210
2025-06-30,SKU0159,361,0.0,11,210
2025-07-07,SKU0159,202,439.0,11,210
2025-07-14,SKU0159,40,439.0,11,210
2025-07-21,SKU0159,251,0.0,11,210
2025-07-28,SKU0159,98,410.0,11,210
2025-08-04,SKU0159,373,0.0,11,210
2025-08-11,SKU0159,205,380.0,11,210
2025-08-18,SKU0159,52,380.0,11,210
2025-08-25,SKU0159,293,0.0,11,210
2025-09-01,SKU0159,163,479.0,11,210
2025-09-08,SKU0159,0,479.0,11,210
2025-09-15,SKU0159,354,0.0,11,210
2025-09-22,SKU0159,228,0.0,11,210
2025-09-29,SKU0159,103,342.0,11,210
2025-10-06,SKU0159,312,0.0,11,210
2025-10-13,SKU0159,200,342.0,11,210
2025-10-20,SKU0159,57,342.0,11,210
2025-10-27,SKU0159,286,0.0,11,210
2025-11-03,SKU0159,180,476.0,11,210
2025-11-10,SKU0159,54,476.0,11,210
2025-11-17,SKU0159,400,0.0,11,210
2025-11-24,SKU0159,260,0.0,11,210
2025-12-01,SKU0159,52,706.0,11,210
2025-12-08,SKU0159,661,0.0,11,210
2025-12-15,SKU0159,500,0.0,11,210
2025-12-22,SKU0159,234,0.0,11,210
2025-12-29,SKU0159,83,430.0,11,210
2025-03-24,SKU0160,65,936.0,29,1269
2025-03-31,SKU0160,0,936.0,29,1269
2025-04-07,SKU0160,0,936.0,29,1269
2025-04-14,SKU0160,0,936.0,29,1269
2025-04-21,SKU0160,810,1052.0,29,1269
2025-04-28,SKU0160,618,1052.0,29,1269
2025-05-05,SKU0160,422,1052.0,29,1269
2025-05-12,SKU0160,193,1052.0,29,1269
2025-05-19,SKU0160,1005,1370.0,29,1269
2025-05-26,SKU0160,749,1370.0,29,1269
2025-06-02,SKU0160,467,1370.0,29,1269
2025-06-09,SKU0160,208,1370.0,29,1269
2025-06-16,SKU0160,1300,0.0,29,1269
2025-06-23,SKU0160,1015,1532.0,29,1269
2025-06-30,SKU0160,696,1532.0,29,1269
2025-07-07,SKU0160,355,1532.0,29,1269
2025-07-14,SKU0160,23,1532.0,29,1269
2025-07-21,SKU0160,974,3727.0,29,1269
2025-07-28,SKU0160,669,3727.0,29,1269
2025-08-04,SKU0160,332,3727.0,29,1269
2025-08-11,SKU0160,19,3727.0,29,1269
2025-08-18,SKU0160,3584,0.0,29,1269
2025-08-25,SKU0160,3217,0.0,29,1269
2025-09-01,SKU0160,2852,0.0,29,1269
2025-09-08,SKU0160,2292,0.0,29,1269
2025-09-15,SKU0160,1818,0.0,29,1269
2025-09-22,SKU0160,1485,0.0,29,1269
2025-09-29,SKU0160,1152,2071.0,29,1269
2025-10-06,SKU0160,786,2071.0,29,1269
2025-10-13,SKU0160,444,2071.0,29,1269
2025-10-20,SKU0160,73,2071.0,29,1269
2025-10-27,SKU0160,1973,0.0,29,1269
2025-11-03,SKU0160,1692,0.0,29,1269
2025-11-10,SKU0160,1347,0.0,29,1269
2025-11-17,SKU0160,1020,1624.0,29,1269
2025-11-24,SKU0160,753,1624.0,29,1269
2025-12-01,SKU0160,305,1624.0,29,1269
2025-12-08,SKU0160,14,1624.0,29,1269
2025-12-15,SKU0160,1447,0.0,29,1269
2025-12-22,SKU0160,1013,2773.0,29,1269
2025-12-29,SKU0160,787,2773.0,29,1269
2024-01-01,SKU0161,26,1246.0,19,569
2024-01-08,SKU0161,0,1246.0,19,569
2024-01-15,SKU0161,0,1246.0,19,569
2024-01-22,SKU0161,1090,0.0,19,569
2024-01-29,SKU0161,758,0.0,19,569
2024-02-05,SKU0161,379,1291.0,19,569
2024-02-12,SKU0161,13,1291.0,19,569
2024-02-19,SKU0161,0,1291.0,19,569
2024-02-26,SKU0161,948,0.0,19,569
2024-03-04,SKU0161,588,0.0,19,569
2024-03-11,SKU0161,191,1371.0,19,569
2024-03-18,SKU0161,0,1371.0,19,569
2024-03-25,SKU0161,1257,0.0,19,569
2024-04-01,SKU0161,917,0.0,19,569
2024-04-08,SKU0161,527,1291.0,19,569
2024-04-15,SKU0161,97,1291.0,19,569
2024-04-22,SKU0161,0,1291.0,19,569
2024-04-29,SKU0161,1152,0.0,19,569
2024-05-06,SKU0161,853,0.0,19,569
2024-05-13,SKU0161,566,1058.0,19,569
2024-05-20,SKU0161,263,1058.0,19,569
2024-05-27,SKU0161,3,1058.0,19,569
2024-06-03,SKU0161,943,0.0,19,569
2024-06-10,SKU0161,719,0.0,19,569
2024-06-17,SKU0161,543,830.0,19,569
2024-06-24,SKU0161,357,830.0,19,569
2024-07-01,SKU0161,163,830.0,19,569
2024-07-08,SKU0161,841,0.0,19,569
2024-07-15,SKU0161,664,0.0,19,569
2024-07-22,SKU0161,488,752.0,19,569
2024-07-29,SKU0161,356,752.0,19,569
2024-08-05,SKU0161,237,752.0,19,569
2024-08-12,SKU0161,885,0.0,19,569
2024-08-19,SKU0161,764,0.0,19,569
2024-08-26,SKU0161,675,0.0,19,569
2024-09-02,SKU0161,576,0.0,19,569
2024-09-09,SKU0161,465,345.0,19,569
2024-09-16,SKU0161,356,345.0,19,569
2024-09-23,SKU0161,595,0.0,19,569
2024-09-30,SKU0161,500,377.0,19,569
2024-10-07,SKU0161,382,377.0,19,569
2024-10-14,SKU0161,649,0.0,19,569
2024-10-21,SKU0161,510,530.0,19,569
2024-10-28,SKU0161,363,530.0,19,569
2024-11-04,SKU0161,192,530.0,19,569
2024-11-11,SKU0161,560,653.0,19,569
2024-11-18,SKU0161,368,653.0,19,569
2024-11-25,SKU0161,152,653.0,19,569
2024-12-02,SKU0161,558,832.0,19,569
2024-12-09,SKU0161,316,832.0,19,569
2024-12-16,SKU0161,29,832.0,19,569
2024-12-23,SKU0161,710,0.0,19,569
2024-12-30,SKU0161,421,1048.0,19,569
2025-01-06,SKU0161,75,1048.0,19,569
2025-01-13,SKU0161,0,1048.0,19,569
2025-01-20,SKU0161,737,0.0,19,569
2025-01-27,SKU0161,366,1240.0,19,569
2025-02-03,SKU0161,0,1240.0,19,569
2025-02-10,SKU0161,0,,19,569
2025-02-17,SKU0161,891,0.0,19,569
2025-02-24,SKU0161,538,1361.0,19,569
2025-03-03,SKU0161,152,1361.0,19,569
2025-03-10,SKU0161,0,1361.0,19,569
2025-03-17,SKU0161,1196,,19,569
2025-03-24,SKU0161,835,0.0,19,569
2025-03-31,SKU0161,457,1438.0,19,569
2025-04-07,SKU0161,90,1438.0,19,569
2025-04-14,SKU0161,0,1438.0,19,569
2025-04-21,SKU0161,1227,0.0,19,569
2025-04-28,SKU0161,889,0.0,19,569
2025-05-05,SKU0161,574,0.0,19,569
2025-05-12,SKU0161,257,1110.0,19,569
2025-05-19,SKU0161,0,1110.0,19,569
2025-05-26,SKU0161,1034,0.0,19,569
2025-06-02,SKU0161,798,0.0,19,569
2025-06-09,SKU0161,566,822.0,19,569
2025-06-16,SKU0161,372,822.0,19,569
2025-06-23,SKU0161,152,822.0,19,569
2025-06-30,SKU0161,784,0.0,19,569
2025-07-07,SKU0161,603,0.0,19,569
2025-07-14,SKU0161,457,574.0,19,569
2025-07-21,SKU0161,243,574.0,19,569
2025-07-28,SKU0161,695,0.0,19,569
2025-08-04,SKU0161,585,0.0,19,569
2025-08-11,SKU0161,471,411.0,19,569
2025-08-18,SKU0161,349,411.0,19,569
2025-08-25,SKU0161,642,0.0,19,569
2025-09-01,SKU0161,530,374.0,19,569
2025-09-08,SKU0161,407,374.0,19,569
2025-09-15,SKU0161,306,374.0,19,569
2025-09-22,SKU0161,584,0.0,19,569
2025-09-29,SKU0161,481,367.0,19,569
2025-10-06,SKU0161,368,367.0,19,569
2025-10-13,SKU0161,598,0.0,19,569
2025-10-20,SKU0161,467,461.0,19,569
2025-10-27,SKU0161,327,461.0,19,569
2025-11-03,SKU0161,615,0.0,19,569
2025-11-10,SKU0161,456,602.0,19,569
2025-11-17,SKU0161,265,602.0,19,569
2025-11-24,SKU0161,653,0.0,19,569
2025-12-01,SKU0161,390,1084.0,19,569
2025-12-08,SKU0161,147,1084.0,19,569
2025-12-15,SKU0161,0,1084.0,19,569
2025-12-22,SKU0161,726,0.0,19,569
2025-12-29,SKU0161,437,1036.0,19,569
2024-01-01,SKU0162,107,855.0,28,814
2024-01-08,SKU0162,0,,28,814
2024-01-15,SKU0162,0,855.0,28,814
2024-01-22,SKU0162,0,855.0,28,814
2024-01-29,SKU0162,832,0.0,28,814
2024-02-05,SKU0162,680,693.0,28,814
2024-02-12,SKU0162,550,693.0,28,814
2024-02-19,SKU0162,416,693.0,28,814
2024-02-26,SKU0162,266,693.0,28,814
2024-03-04,SKU0162,825,0.0,28,814
2024-03-11,SKU0162,668,696.0,28,814
2024-03-18,SKU0162,528,696.0,28,814
2024-03-25,SKU0162,377,696.0,28,814
2024-04-01,SKU0162,227,696.0,28,814
2024-04-08,SKU0162,773,935.0,28,814
2024-04-15,SKU0162,566,935.0,28,814
2024-04-22,SKU0162,407,935.0,28,814
2024-04-29,SKU0162,253,935.0,28,814
2024-05-06,SKU0162,993,0.0,28,814
2024-05-13,SKU0162,813,877.0,28,814
2024-05-20,SKU0162,640,877.0,28,814
2024-05-27,SKU0162,421,877.0,28,814
2024-06-03,SKU0162,221,877.0,28,814
2024-06-10,SKU0162,902,0.0,28,814
2024-06-17,SKU0162,711,985.0,28,814
2024-06-24,SKU0162,498,985.0,28,814
2024-07-01,SKU0162,288,985.0,28,814
2024-07-08,SKU0162,62,985.0,28,814
2024-07-15,SKU0162,852,0.0,28,814
2024-07-22,SKU0162,565,1480.0,28,814
2024-07-29,SKU0162,322,1480.0,28,814
2024-08-05,SKU0162,99,1480.0,28,814
2024-08-12,SKU0162,0,1480.0,28,814
2024-08-19,SKU0162,1260,0.0,28,814
2024-08-26,SKU0162,1037,0.0,28,814
2024-09-02,SKU0162,811,1084.0,28,814
2024-09-09,SKU0162,509,1084.0,28,814
2024-09-16,SKU0162,248,1084.0,28,814
2024-09-23,SKU0162,57,1084.0,28,814
2024-09-30,SKU0162,1061,0.0,28,814
2024-10-07,SKU0162,855,0.0,28,814
2024-10-14,SKU0162,652,1010.0,28,814
2024-10-21,SKU0162,447,1010.0,28,814
2024-10-28,SKU0162,270,1010.0,28,814
2024-11-04,SKU0162,82,1010.0,28,814
2024-11-11,SKU0162,895,0.0,28,814
2024-11-18,SKU0162,709,889.0,28,814
2024-11-25,SKU0162,521,889.0,28,814
2024-12-02,SKU0162,313,889.0,28,814
2024-12-09,SKU0162,157,889.0,28,814
2024-12-16,SKU0162,839,0.0,28,814
2024-12-23,SKU0162,638,1083.0,28,814
2024-12-30,SKU0162,482,1083.0,28,814
2025-01-06,SKU0162,321,1083.0,28,814
2025-01-13,SKU0162,144,1083.0,28,814
2025-01-20,SKU0162,1080,0.0,28,814
2025-01-27,SKU0162,943,0.0,28,814
2025-02-03,SKU0162,786,848.0,28,814
2025-02-10,SKU0162,663,848.0,28,814
2025-02-17,SKU0162,526,848.0,28,814
2025-02-24,SKU0162,386,848.0,28,814
2025-03-03,SKU0162,1087,0.0,28,814
2025-03-10,SKU0162,938,0.0,28,814
2025-03-17,SKU0162,799,714.0,28,814
2025-03-24,SKU0162,665,714.0,28,814
2025-03-31,SKU0162,529,714.0,28,814
2025-04-07,SKU0162,375,714.0,28,814
2025-04-14,SKU0162,881,0.0,28,814
2025-04-21,SKU0162,713,794.0,28,814
2025-04-28,SKU0162,555,794.0,28,814
2025-05-05,SKU0162,365,794.0,28,814
2025-05-12,SKU0162,200,794.0,28,814
2025-05-19,SKU0162,807,899.0,28,814
2025-05-26,SKU0162,616,899.0,28,814
2025-06-02,SKU0162,400,899.0,28,814
2025-06-09,SKU0162,199,899.0,28,814
2025-06-16,SKU0162,869,0.0,28,814
2025-06-23,SKU0162,666,998.0,28,814
2025-06-30,SKU0162,472,998.0,28,814
2025-07-07,SKU0162,246,998.0,28,814
2025-07-14,SKU0162,46,998.0,28,814
2025-07-21,SKU0162,738,1831.0,28,814
2025-07-28,SKU0162,536,1831.0,28,814
2025-08-04,SKU0162,301,1831.0,28,814
2025-08-11,SKU0162,104,1831.0,28,814
2025-08-18,SKU0162,1766,0.0,28,814
2025-08-25,SKU0162,1525,0.0,28,814
2025-09-01,SKU0162,1312,0.0,28,814
2025-09-08,SKU0162,1048,0.0,28,814
2025-09-15,SKU0162,809,1067.0,28,814
2025-09-22,SKU0162,567,1067.0,28,814
2025-09-29,SKU0162,363,1067.0,28,814
2025-10-06,SKU0162,142,1067.0,28,814
2025-10-13,SKU0162,1045,0.0,28,814
2025-10-20,SKU0162,825,0.0,28,814
2025-10-27,SKU0162,641,975.0,28,814
2025-11-03,SKU0162,434,975.0,28,814
2025-11-10,SKU0162,237,975.0,28,814
2025-11-17,SKU0162,79,975.0,28,814
2025-11-24,SKU0162,873,0.0,28,814
2025-12-01,SKU0162,649,1184.0,28,814
2025-12-08,SKU0162,514,1184.0,28,814
2025-12-15,SKU0162,332,1184.0,28,814
2025-12-22,SKU0162,106,1184.0,28,814
2025-12-29,SKU0162,1142,0.0,28,814
2024-01-01,SKU0163,74,1310.0,20,659
2024-01-08,SKU0163,0,1310.0,20,659
2024-01-15,SKU0163,0,1310.0,20,659
2024-01-22,SKU0163,1204,0.0,20,659
2024-01-29,SKU0163,857,0.0,20,659
2024-02-05,SKU0163,512,1660.0,20,659
2024-02-12,SKU0163,168,1660.0,20,659
2024-02-19,SKU0163,0,1660.0,20,659
2024-02-26,SKU0163,1452,0.0,20,659
2024-03-04,SKU0163,1112,0.0,20,659
2024-03-11,SKU0163,812,0.0,20,659
2024-03-18,SKU0163,508,1133.0,20,659
2024-03-25,SKU0163,240,1133.0,20,659
2024-04-01,SKU0163,0,1133.0,20,659
2024-04-08,SKU0163,919,0.0,20,659
2024-04-15,SKU0163,487,2431.0,20,659
2024-04-22,SKU0163,257,2431.0,20,659
2024-04-29,SKU0163,6,2431.0,20,659
2024-05-06,SKU0163,2304,0.0,20,659
2024-05-13,SKU0163,2092,0.0,20,659
2024-05-20,SKU0163,1892,0.0,20,659
2024-05-27,SKU0163,1721,0.0,20,659
2024-06-03,SKU0163,1545,0.0,20,659
2024-06-10,SKU0163,1417,0.0,20,659
2024-06-17,SKU0163,1282,0.0,20,659
2024-06-24,SKU0163,1159,0.0,20,659
2024-07-01,SKU0163,1054,0.0,20,659
2024-07-08,SKU0163,938,0.0,20,659
2024-07-15,SKU0163,825,0.0,20,659
2024-07-22,SKU0163,686,0.0,20,659
2024-07-29,SKU0163,613,324.0,20,659
2024-08-05,SKU0163,527,324.0,20,659
2024-08-12,SKU0163,436,324.0,20,659
2024-08-19,SKU0163,668,0.0,20,659
2024-08-26,SKU0163,580,326.0,20,659
2024-09-02,SKU0163,483,326.0,20,659
2024-09-09,SKU0163,634,725.0,20,659
2024-09-16,SKU0163,513,725.0,20,659
2024-09-23,SKU0163,393,725.0,20,659
2024-09-30,SKU0163,1004,0.0,20,659
2024-10-07,SKU0163,871,0.0,20,659
2024-10-14,SKU0163,720,0.0,20,659
2024-10-21,SKU0163,562,616.0,20,659
2024-10-28,SKU0163,397,616.0,20,659
2024-11-04,SKU0163,200,616.0,20,659
2024-11-11,SKU0163,590,,20,659
2024-11-18,SKU0163,348,1086.0,20,659
2024-11-25,SKU0163,80,1086.0,20,659
2024-12-02,SKU0163,957,0.0,20,659
2024-12-09,SKU0163,701,0.0,20,659
2024-12-16,SKU0163,337,1028.0,20,659
2024-12-23,SKU0163,0,,20,659
2024-12-30,SKU0163,0,1028.0,20,659
2025-01-06,SKU0163,570,2183.0,20,659
2025-01-13,SKU0163,166,2183.0,20,659
2025-01-20,SKU0163,0,2183.0,20,659
2025-01-27,SKU0163,2082,0.0,20,659
2025-02-03,SKU0163,1753,0.0,20,659
2025-02-10,SKU0163,1423,0.0,20,659
2025-02-17,SKU0163,1050,0.0,20,659
2025-02-24,SKU0163,700,0.0,20,659
2025-03-03,SKU0163,373,1200.0,20,659
2025-03-10,SKU0163,26,1200.0,20,659
2025-03-17,SKU0163,1160,0.0,20,659
2025-03-24,SKU0163,885,0.0,20,659
2025-03-31,SKU0163,570,1426.0,20,659
2025-04-07,SKU0163,307,1426.0,20,659
2025-04-14,SKU0163,0,1426.0,20,659
2025-04-21,SKU0163,1290,0.0,20,659
2025-04-28,SKU0163,1047,0.0,20,659
2025-05-05,SKU0163,833,0.0,20,659
2025-05-12,SKU0163,617,1009.0,20,659
2025-05-19,SKU0163,422,1009.0,20,659
2025-05-26,SKU0163,250,1009.0,20,659
2025-06-02,SKU0163,1070,0.0,20,659
2025-06-09,SKU0163,901,0.0,20,659
2025-06-16,SKU0163,780,0.0,20,659
2025-06-23,SKU0163,639,445.0,20,659
2025-06-30,SKU0163,521,445.0,20,659
2025-07-07,SKU0163,413,445.0,20,659
2025-07-14,SKU0163,753,0.0,20,659
2025-07-21,SKU0163,599,862.0,20,659
2025-07-28,SKU0163,512,862.0,20,659
2025-08-04,SKU0163,426,862.0,20,659
2025-08-11,SKU0163,1193,0.0,20,659
2025-08-18,SKU0163,1104,0.0,20,659
2025-08-25,SKU0163,1024,0.0,20,659
2025-09-01,SKU0163,937,0.0,20,659
2025-09-08,SKU0163,782,0.0,20,659
2025-09-15,SKU0163,647,415.0,20,659
2025-09-22,SKU0163,532,415.0,20,659
2025-09-29,SKU0163,409,415.0,20,659
2025-10-06,SKU0163,685,0.0,20,659
2025-10-13,SKU0163,542,552.0,20,659
2025-10-20,SKU0163,374,552.0,20,659
2025-10-27,SKU0163,208,552.0,20,659
2025-11-03,SKU0163,564,991.0,20,659
2025-11-10,SKU0163,338,991.0,20,659
2025-11-17,SKU0163,106,991.0,20,659
2025-11-24,SKU0163,856,0.0,20,659
2025-12-01,SKU0163,509,2023.0,20,659
2025-12-08,SKU0163,238,2023.0,20,659
2025-12-15,SKU0163,0,2023.0,20,659
2025-12-22,SKU0163,1627,0.0,20,659
2025-12-29,SKU0163,1319,0.0,20,659
2024-01-01,SKU0164,25,1224.0,20,435
2024-01-08,SKU0164,0,1224.0,20,435
2024-01-15,SKU0164,0,1224.0,20,435
2024-01-22,SKU0164,1133,0.0,20,435
2024-01-29,SKU0164,825,0.0,20,435
2024-02-05,SKU0164,524,0.0,20,435
2024-02-12,SKU0164,207,1087.0,20,435
2024-02-19,SKU0164,0,1087.0,20,435
2024-02-26,SKU0164,0,1087.0,20,435
2024-03-04,SKU0164,804,0.0,20,435
2024-03-11,SKU0164,511,0.0,20,435
2024-03-18,SKU0164,222,1063.0,20,435
2024-03-25,SKU0164,0,1063.0,20,435
2024-04-01,SKU0164,0,1063.0,20,435
2024-04-08,SKU0164,761,0.0,20,435
2024-04-15,SKU0164,183,2208.0,20,435
2024-04-22,SKU0164,0,2208.0,20,435
2024-04-29,SKU0164,0,2208.0,20,435
2024-05-06,SKU0164,2002,0.0,20,435
2024-05-13,SKU0164,1751,0.0,20,435
2024-05-20,SKU0164,1465,0.0,20,435
2024-05-27,SKU0164,1210,0.0,20,435
2024-06-03,SKU0164,941,0.0,20,435
2024-06-10,SKU0164,707,0.0,20,435
2024-06-17,SKU0164,471,0.0,20,435
2024-06-24,SKU0164,225,877.0,20,435
2024-07-01,SKU0164,0,877.0,20,435
2024-07-08,SKU0164,0,877.0,20,435
2024-07-15,SKU0164,607,0.0,20,435
2024-07-22,SKU0164,139,1835.0,20,435
2024-07-29,SKU0164,0,1835.0,20,435
2024-08-05,SKU0164,0,1835.0,20,435
2024-08-12,SKU0164,1638,0.0,20,435
2024-08-19,SKU0164,1427,0.0,20,435
2024-08-26,SKU0164,1186,0.0,20,435
2024-09-02,SKU0164,955,0.0,20,435
2024-09-09,SKU0164,516,0.0,20,435
2024-09-16,SKU0164,224,858.0,20,435
2024-09-23,SKU0164,0,858.0,20,435
2024-09-30,SKU0164,0,858.0,20,435
2024-10-07,SKU0164,606,0.0,20,435
2024-10-14,SKU0164,339,1104.0,20,435
2024-10-21,SKU0164,71,1104.0,20,435
2024-10-28,SKU0164,0,1104.0,20,435
2024-11-04,SKU0164,947,0.0,20,435
2024-11-11,SKU0164,656,0.0,20,435
2024-11-18,SKU0164,372,1196.0,20,435
2024-11-25,SKU0164,77,1196.0,20,435
2024-12-02,SKU0164,0,1196.0,20,435
2024-12-09,SKU0164,1066,0.0,20,435
2024-12-16,SKU0164,678,0.0,20,435
2024-12-23,SKU0164,185,2274.0,20,435
2024-12-30,SKU0164,0,2274.0,20,435
2025-01-06,SKU0164,0,2274.0,20,435
2025-01-13,SKU0164,1889,0.0,20,435
2025-01-20,SKU0164,1596,0.0,20,435
2025-01-27,SKU0164,1355,0.0,20,435
2025-02-03,SKU0164,1063,0.0,20,435
2025-02-10,SKU0164,758,0.0,20,435
2025-02-17,SKU0164,440,0.0,20,435
2025-02-24,SKU0164,102,1081.0,20,435
2025-03-03,SKU0164,0,1081.0,20,435
2025-03-10,SKU0164,1034,0.0,20,435
2025-03-17,SKU0164,752,0.0,20,435
2025-03-24,SKU0164,490,0.0,20,435
2025-03-31,SKU0164,197,1041.0,20,435
2025-04-07,SKU0164,0,1041.0,20,435
2025-04-14,SKU0164,0,1041.0,20,435
2025-04-21,SKU0164,730,0.0,20,435
2025-04-28,SKU0164,440,0.0,20,435
2025-05-05,SKU0164,189,976.0,20,435
2025-05-12,SKU0164,0,976.0,20,435
2025-05-19,SKU0164,953,0.0,20,435
2025-05-26,SKU0164,710,0.0,20,435
2025-06-02,SKU0164,460,0.0,20,435
2025-06-09,SKU0164,204,902.0,20,435
2025-06-16,SKU0164,0,902.0,20,435
2025-06-23,SKU0164,872,0.0,20,435
2025-06-30,SKU0164,631,0.0,20,435
2025-07-07,SKU0164,368,1035.0,20,435
2025-07-14,SKU0164,141,1035.0,20,435
2025-07-21,SKU0164,0,1035.0,20,435
2025-07-28,SKU0164,895,0.0,20,435
2025-08-04,SKU0164,646,0.0,20,435
2025-08-11,SKU0164,430,833.0,20,435
2025-08-18,SKU0164,219,833.0,20,435
2025-08-25,SKU0164,0,833.0,20,435
2025-09-01,SKU0164,772,0.0,20,435
2025-09-08,SKU0164,398,1854.0,20,435
2025-09-15,SKU0164,76,1854.0,20,435
2025-09-22,SKU0164,0,1854.0,20,435
2025-09-29,SKU0164,1769,0.0,20,435
2025-10-06,SKU0164,1518,0.0,20,435
2025-10-13,SKU0164,1242,0.0,20,435
2025-10-20,SKU0164,959,0.0,20,435
2025-10-27,SKU0164,669,0.0,20,435
2025-11-03,SKU0164,396,1153.0,20,435
2025-11-10,SKU0164,121,1153.0,20,435
2025-11-17,SKU0164,0,1153.0,20,435
2025-11-24,SKU0164,1030,0.0,20,435
2025-12-01,SKU0164,571,0.0,20,435
2025-12-08,SKU0164,290,1017.0,20,435
2025-12-15,SKU0164,0,1017.0,20,435
2025-12-22,SKU0164,0,1017.0,20,435
2025-12-29,SKU0164,784,0.0,20,435
2024-01-01,SKU0165,59,200.0,16,99
2024-01-08,SKU0165,0,200.0,16,99
2024-01-15,SKU0165,0,200.0,16,99
2024-01-22,SKU0165,158,0.0,16,99
2024-01-29,SKU0165,112,0.0,16,99
2024-02-05,SKU0165,70,151.0,16,99
2024-02-12,SKU0165,19,151.0,16,99
2024-02-19,SKU0165,132,,16,99
2024-02-26,SKU0165,84,177.0,16,99
2024-03-04,SKU0165,45,177.0,16,99
2024-03-11,SKU0165,189,0.0,16,99
2024-03-18,SKU0165,149,0.0,16,99
2024-03-25,SKU0165,127,0.0,16,99
2024-04-01,SKU0165,92,137.0,16,99
2024-04-08,SKU0165,68,137.0,16,99
2024-04-15,SKU0165,45,137.0,16,99
2024-04-22,SKU0165,163,0.0,16,99
2024-04-29,SKU0165,138,0.0,16,99
2024-05-06,SKU0165,113,0.0,16,99
2024-05-13,SKU0165,82,84.0,16,99
2024-05-20,SKU0165,61,84.0,16,99
2024-05-27,SKU0165,126,,16,99
2024-06-03,SKU0165,105,0.0,16,99
2024-06-10,SKU0165,82,84.0,16,99
2024-06-17,SKU0165,44,84.0,16,99
2024-06-24,SKU0165,103,0.0,16,99
2024-07-01,SKU0165,66,91.0,16,99
2024-07-08,SKU0165,30,91.0,16,99
2024-07-15,SKU0165,100,0.0,16,99
2024-07-22,SKU0165,63,146.0,16,99
2024-07-29,SKU0165,28,146.0,16,99
2024-08-05,SKU0165,136,0.0,16,99
2024-08-12,SKU0165,97,126.0,16,99
2024-08-19,SKU0165,57,126.0,16,99
2024-08-26,SKU0165,24,126.0,16,99
2024-09-02,SKU0165,104,0.0,16,99
2024-09-09,SKU0165,57,146.0,16,99
2024-09-16,SKU0165,5,146.0,16,99
2024-09-23,SKU0165,114,0.0,16,99
2024-09-30,SKU0165,68,163.0,16,99
2024-10-07,SKU0165,23,163.0,16,99
2024-10-14,SKU0165,143,0.0,16,99
2024-10-21,SKU0165,98,177.0,16,99
2024-10-28,SKU0165,37,177.0,16,99
2024-11-04,SKU0165,0,177.0,16,99
2024-11-11,SKU0165,128,0.0,16,99
2024-11-18,SKU0165,75,247.0,16,99
2024-11-25,SKU0165,17,247.0,16,99
2024-12-02,SKU0165,238,0.0,16,99
2024-12-09,SKU0165,191,0.0,16,99
2024-12-16,SKU0165,133,0.0,16,99
2024-12-23,SKU0165,56,247.0,16,99
2024-12-30,SKU0165,7,247.0,16,99
2025-01-06,SKU0165,216,0.0,16,99
2025-01-13,SKU0165,168,0.0,16,99
2025-01-20,SKU0165,116,0.0,16,99
2025-01-27,SKU0165,54,154.0,16,99
2025-02-03,SKU0165,6,154.0,16,99
2025-02-10,SKU0165,132,0.0,16,99
2025-02-17,SKU0165,101,0.0,16,99
2025-02-24,SKU0165,60,131.0,16,99
2025-03-03,SKU0165,28,131.0,16,99
2025-03-10,SKU0165,130,0.0,16,99
2025-03-17,SKU0165,92,147.0,16,99
2025-03-24,SKU0165,58,147.0,16,99
2025-03-31,SKU0165,38,147.0,16,99
2025-04-07,SKU0165,166,0.0,16,99
2025-04-14,SKU0165,131,0.0,16,99
2025-04-21,SKU0165,100,0.0,16,99
2025-04-28,SKU0165,77,85.0,16,99
2025-05-05,SKU0165,61,85.0,16,99
2025-05-12,SKU0165,123,0.0,16,99
2025-05-19,SKU0165,102,0.0,16,99
2025-05-26,SKU0165,78,79.0,16,99
2025-06-02,SKU0165,54,79.0,16,99
2025-06-09,SKU0165,108,0.0,16,99
2025-06-16,SKU0165,92,82.0,16,99
2025-06-23,SKU0165,65,82.0,16,99
2025-06-30,SKU0165,122,0.0,16,99
2025-07-07,SKU0165,90,127.0,16,99
2025-07-14,SKU0165,68,127.0,16,99
2025-07-21,SKU0165,27,127.0,16,99
2025-07-28,SKU0165,122,0.0,16,99
2025-08-04,SKU0165,89,154.0,16,99
2025-08-11,SKU0165,55,154.0,16,99
2025-08-18,SKU0165,176,0.0,16,99
2025-08-25,SKU0165,134,0.0,16,99
2025-09-01,SKU0165,92,187.0,16,99
2025-09-08,SKU0165,45,187.0,16,99
2025-09-15,SKU0165,0,187.0,16,99
2025-09-22,SKU0165,142,0.0,16,99
2025-09-29,SKU0165,100,0.0,16,99
2025-10-06,SKU0165,56,162.0,16,99
2025-10-13,SKU0165,0,162.0,16,99
2025-10-20,SKU0165,126,0.0,16,99
2025-10-27,SKU0165,73,236.0,16,99
2025-11-03,SKU0165,23,236.0,16,99
2025-11-10,SKU0165,232,0.0,16,99
2025-11-17,SKU0165,164,0.0,16,99
2025-11-24,SKU0165,114,0.0,16,99
2025-12-01,SKU0165,48,251.0,16,99
2025-12-08,SKU0165,0,251.0,16,99
2025-12-15,SKU0165,228,0.0,16,99
2025-12-22,SKU0165,156,0.0,16,99
2025-12-29,SKU0165,112,0.0,16,99
2024-01-01,SKU0166,14,583.0,7,375
2024-01-08,SKU0166,538,,7,375
2024-01-15,SKU0166,236,518.0,7,375
2024-01-22,SKU0166,444,0.0,7,375
2024-01-29,SKU0166,101,527.0,7,375
2024-02-05,SKU0166,318,648.0,7,375
2024-02-12,SKU0166,659,0.0,7,375
2024-02-19,SKU0166,321,649.0,7,375
2024-02-26,SKU0166,643,0.0,7,375
2024-03-04,SKU0166,332,527.0,7,375
2024-03-11,SKU0166,546,0.0,7,375
2024-03-18,SKU0166,213,632.0,7,375
2024-03-25,SKU0166,578,0.0,7,375
2024-04-01,SKU0166,261,613.0,7,375
2024-04-08,SKU0166,590,0.0,7,375
2024-04-15,SKU0166,199,659.0,7,375
2024-04-22,SKU0166,569,0.0,7,375
2024-04-29,SKU0166,260,566.0,7,375
2024-05-06,SKU0166,542,0.0,7,375
2024-05-13,SKU0166,266,538.0,7,375
2024-05-20,SKU0166,546,0.0,7,375
2024-05-27,SKU0166,295,510.0,7,375
2024-06-03,SKU0166,559,0.0,7,375
2024-06-10,SKU0166,354,393.0,7,375
2024-06-17,SKU0166,513,0.0,7,375
2024-06-24,SKU0166,276,459.0,7,375
2024-07-01,SKU0166,514,,7,375
2024-07-08,SKU0166,299,439.0,7,375
2024-07-15,SKU0166,484,0.0,7,375
2024-07-22,SKU0166,200,471.0,7,375
2024-07-29,SKU0166,453,0.0,7,375
2024-08-05,SKU0166,239,342.0,7,375
2024-08-12,SKU0166,377,0.0,7,375
2024-08-19,SKU0166,178,339.0,7,375
2024-08-26,SKU0166,289,416.0,7,375
2024-09-02,SKU0166,495,0.0,7,375
2024-09-09,SKU0166,239,574.0,7,375
2024-09-16,SKU0166,559,0.0,7,375
2024-09-23,SKU0166,330,441.0,7,375
2024-09-30,SKU0166,554,0.0,7,375
2024-10-07,SKU0166,320,461.0,7,375
2024-10-14,SKU0166,558,0.0,7,375
2024-10-21,SKU0166,325,486.0,7,375
2024-10-28,SKU0166,584,0.0,7,375
2024-11-04,SKU0166,307,513.0,7,375
2024-11-11,SKU0166,551,0.0,7,375
2024-11-18,SKU0166,321,542.0,7,375
2024-11-25,SKU0166,577,0.0,7,375
2024-12-02,SKU0166,296,570.0,7,375
2024-12-09,SKU0166,562,0.0,7,375
2024-12-16,SKU0166,240,594.0,7,375
2024-12-23,SKU0166,492,0.0,7,375
2024-12-30,SKU0166,179,503.0,7,375
2025-01-06,SKU0166,315,849.0,7,375
2025-01-13,SKU0166,803,0.0,7,375
2025-01-20,SKU0166,474,0.0,7,375
2025-01-27,SKU0166,153,,7,375
2025-02-03,SKU0166,338,534.0,7,375
2025-02-10,SKU0166,529,0.0,7,375
2025-02-17,SKU0166,192,535.0,7,375
2025-02-24,SKU0166,403,0.0,7,375
2025-03-03,SKU0166,73,533.0,7,375
2025-03-10,SKU0166,303,642.0,7,375
2025-03-17,SKU0166,644,0.0,7,375
2025-03-24,SKU0166,322,628.0,7,375
2025-03-31,SKU0166,642,0.0,7,375
2025-04-07,SKU0166,329,497.0,7,375
2025-04-14,SKU0166,454,0.0,7,375
2025-04-21,SKU0166,154,484.0,7,375
2025-04-28,SKU0166,370,466.0,7,375
2025-05-05,SKU0166,546,0.0,7,375
2025-05-12,SKU0166,289,544.0,7,375
2025-05-19,SKU0166,580,0.0,7,375
2025-05-26,SKU0166,316,514.0,7,375
2025-06-02,SKU0166,575,0.0,7,375
2025-06-09,SKU0166,312,487.0,7,375
2025-06-16,SKU0166,556,0.0,7,375
2025-06-23,SKU0166,323,462.0,7,375
2025-06-30,SKU0166,569,0.0,7,375
2025-07-07,SKU0166,339,442.0,7,375
2025-07-14,SKU0166,574,0.0,7,375
2025-07-21,SKU0166,277,580.0,7,375
2025-07-28,SKU0166,641,0.0,7,375
2025-08-04,SKU0166,451,0.0,7,375
2025-08-11,SKU0166,241,343.0,7,375
2025-08-18,SKU0166,358,343.0,7,375
2025-08-25,SKU0166,478,0.0,7,375
2025-09-01,SKU0166,259,346.0,7,375
2025-09-08,SKU0166,352,476.0,7,375
2025-09-15,SKU0166,603,0.0,7,375
2025-09-22,SKU0166,377,0.0,7,375
2025-09-29,SKU0166,158,365.0,7,375
2025-10-06,SKU0166,281,461.0,7,375
2025-10-13,SKU0166,519,0.0,7,375
2025-10-20,SKU0166,266,486.0,7,375
2025-10-27,SKU0166,493,0.0,7,375
2025-11-03,SKU0166,228,419.0,7,375
2025-11-10,SKU0166,391,0.0,7,375
2025-11-17,SKU0166,128,437.0,7,375
2025-11-24,SKU0166,270,556.0,7,375
2025-12-01,SKU0166,444,0.0,7,375
2025-12-08,SKU0166,141,473.0,7,375
2025-12-15,SKU0166,309,598.0,7,375
2025-12-22,SKU0166,481,0.0,7,375
2025-12-29,SKU0166,156,581.0,7,375
2024-01-01,SKU0167,160,424.0,7,226
2024-01-08,SKU0167,370,0.0,7,226
2024-01-15,SKU0167,155,456.0,7,226
2024-01-22,SKU0167,384,0.0,7,226
2024-01-29,SKU0167,135,471.0,7,226
2024-02-05,SKU0167,379,0.0,7,226
2024-02-12,SKU0167,143,483.0,7,226
2024-02-19,SKU0167,383,0.0,7,226
2024-02-26,SKU0167,161,491.0,7,226
2024-03-04,SKU0167,400,0.0,7,226
2024-03-11,SKU0167,164,494.0,7,226
2024-03-18,SKU0167,431,0.0,7,226
2024-03-25,SKU0167,205,411.0,7,226
2024-04-01,SKU0167,391,0.0,7,226
2024-04-08,SKU0167,167,484.0,7,226
2024-04-15,SKU0167,394,0.0,7,226
2024-04-22,SKU0167,170,473.0,7,226
2024-04-29,SKU0167,410,0.0,7,226
2024-05-06,SKU0167,170,457.0,7,226
2024-05-13,SKU0167,408,0.0,7,226
2024-05-20,SKU0167,182,439.0,7,226
2024-05-27,SKU0167,402,0.0,7,226
2024-06-03,SKU0167,197,350.0,7,226
2024-06-10,SKU0167,351,0.0,7,226
2024-06-17,SKU0167,133,400.0,7,226
2024-06-24,SKU0167,334,0.0,7,226
2024-07-01,SKU0167,175,380.0,7,226
2024-07-08,SKU0167,379,0.0,7,226
2024-07-15,SKU0167,174,360.0,7,226
2024-07-22,SKU0167,304,0.0,7,226
2024-07-29,SKU0167,152,290.0,7,226
2024-08-05,SKU0167,295,0.0,7,226
2024-08-12,SKU0167,136,280.0,7,226
2024-08-19,SKU0167,257,0.0,7,226
2024-08-26,SKU0167,99,273.0,7,226
2024-09-02,SKU0167,232,0.0,7,226
2024-09-09,SKU0167,0,270.0,7,226
2024-09-16,SKU0167,85,269.0,7,226
2024-09-23,SKU0167,182,324.0,7,226
2024-09-30,SKU0167,339,0.0,7,226
2024-10-07,SKU0167,172,330.0,7,226
2024-10-14,SKU0167,362,0.0,7,226
2024-10-21,SKU0167,205,287.0,7,226
2024-10-28,SKU0167,329,0.0,7,226
2024-11-04,SKU0167,160,356.0,7,226
2024-11-11,SKU0167,327,0.0,7,226
2024-11-18,SKU0167,168,374.0,7,226
2024-11-25,SKU0167,340,0.0,7,226
2024-12-02,SKU0167,56,783.0,7,226
2024-12-09,SKU0167,655,0.0,7,226
2024-12-16,SKU0167,410,0.0,7,226
2024-12-23,SKU0167,98,,7,226
2024-12-30,SKU0167,611,0.0,7,226
2025-01-06,SKU0167,344,0.0,7,226
2025-01-13,SKU0167,7,782.0,7,226
2025-01-20,SKU0167,583,0.0,7,226
2025-01-27,SKU0167,344,0.0,7,226
2025-02-03,SKU0167,126,398.0,7,226
2025-02-10,SKU0167,250,0.0,7,226
2025-02-17,SKU0167,10,405.0,7,226
2025-02-24,SKU0167,196,490.0,7,226
2025-03-03,SKU0167,439,0.0,7,226
2025-03-10,SKU0167,203,413.0,7,226
2025-03-17,SKU0167,393,0.0,7,226
2025-03-24,SKU0167,159,491.0,7,226
2025-03-31,SKU0167,419,0.0,7,226
2025-04-07,SKU0167,169,484.0,7,226
2025-04-14,SKU0167,338,0.0,7,226
2025-04-21,SKU0167,80,398.0,7,226
2025-04-28,SKU0167,242,0.0,7,226
2025-05-05,SKU0167,1,388.0,7,226
2025-05-12,SKU0167,171,449.0,7,226
2025-05-19,SKU0167,408,0.0,7,226
2025-05-26,SKU0167,178,429.0,7,226
2025-06-02,SKU0167,393,0.0,7,226
2025-06-09,SKU0167,192,409.0,7,226
2025-06-16,SKU0167,413,0.0,7,226
2025-06-23,SKU0167,220,324.0,7,226
2025-06-30,SKU0167,354,0.0,7,226
2025-07-07,SKU0167,139,370.0,7,226
2025-07-14,SKU0167,337,0.0,7,226
2025-07-21,SKU0167,0,618.0,7,226
2025-07-28,SKU0167,502,0.0,7,226
2025-08-04,SKU0167,326,0.0,7,226
2025-08-11,SKU0167,164,332.0,7,226
2025-08-18,SKU0167,319,0.0,7,226
2025-08-25,SKU0167,172,324.0,7,226
2025-09-01,SKU0167,352,0.0,7,226
2025-09-08,SKU0167,96,666.0,7,226
2025-09-15,SKU0167,612,0.0,7,226
2025-09-22,SKU0167,443,0.0,7,226
2025-09-29,SKU0167,279,0.0,7,226
2025-10-06,SKU0167,140,274.0,7,226
2025-10-13,SKU0167,245,0.0,7,226
2025-10-20,SKU0167,82,281.0,7,226
2025-10-27,SKU0167,211,291.0,7,226
2025-11-03,SKU0167,340,0.0,7,226
2025-11-10,SKU0167,161,362.0,7,226
2025-11-17,SKU0167,346,0.0,7,226
2025-11-24,SKU0167,141,381.0,7,226
2025-12-01,SKU0167,275,0.0,7,226
2025-12-08,SKU0167,84,334.0,7,226
2025-12-15,SKU0167,227,,7,226
2025-12-22,SKU0167,0,725.0,7,226
2025-12-29,SKU0167,528,0.0,7,226
2024-01-01,SKU0168,168,0.0,26,129
2024-01-08,SKU0168,98,289.0,26,129
2024-01-15,SKU0168,59,289.0,26,129
2024-01-22,SKU0168,23,289.0,26,129
2024-01-29,SKU0168,0,,26,129
2024-02-05,SKU0168,254,0.0,26,129
2024-02-12,SKU0168,205,0.0,26,129
2024-02-19,SKU0168,153,0.0,26,129
2024-02-26,SKU0168,102,209.0,26,129
2024-03-04,SKU0168,61,209.0,26,129
2024-03-11,SKU0168,12,209.0,26,129
2024-03-18,SKU0168,0,209.0,26,129
2024-03-25,SKU0168,174,0.0,26,129
2024-04-01,SKU0168,137,0.0,26,129
2024-04-08,SKU0168,90,196.0,26,129
2024-04-15,SKU0168,48,196.0,26,129
2024-04-22,SKU0168,7,196.0,26,129
2024-04-29,SKU0168,184,0.0,26,129
2024-05-06,SKU0168,145,0.0,26,129
2024-05-13,SKU0168,110,179.0,26,129
2024-05-20,SKU0168,72,179.0,26,129
2024-05-27,SKU0168,27,179.0,26,129
2024-06-03,SKU0168,0,179.0,26,129
2024-06-10,SKU0168,144,0.0,26,129
2024-06-17,SKU0168,110,167.0,26,129
2024-06-24,SKU0168,73,167.0,26,129
2024-07-01,SKU0168,44,167.0,26,129
2024-07-08,SKU0168,13,167.0,26,129
2024-07-15,SKU0168,148,0.0,26,129
2024-07-22,SKU0168,115,267.0,26,129
2024-07-29,SKU0168,83,,26,129
2024-08-05,SKU0168,44,267.0,26,129
2024-08-12,SKU0168,3,267.0,26,129
2024-08-19,SKU0168,241,0.0,26,129
2024-08-26,SKU0168,217,0.0,26,129
2024-09-02,SKU0168,187,0.0,26,129
2024-09-09,SKU0168,136,0.0,26,129
2024-09-16,SKU0168,98,231.0,26,129
2024-09-23,SKU0168,56,231.0,26,129
2024-09-30,SKU0168,4,,26,129
2024-10-07,SKU0168,223,0.0,26,129
2024-10-14,SKU0168,197,0.0,26,129
2024-10-21,SKU0168,157,0.0,26,129
2024-10-28,SKU0168,112,226.0,26,129
2024-11-04,SKU0168,59,226.0,26,129
2024-11-11,SKU0168,10,226.0,26,129
2024-11-18,SKU0168,0,226.0,26,129
2024-11-25,SKU0168,190,0.0,26,129
2024-12-02,SKU0168,135,,26,129
2024-12-09,SKU0168,82,202.0,26,129
2024-12-16,SKU0168,35,202.0,26,129
2024-12-23,SKU0168,0,202.0,26,129
2024-12-30,SKU0168,190,0.0,26,129
2025-01-06,SKU0168,140,0.0,26,129
2025-01-13,SKU0168,91,287.0,26,129
2025-01-20,SKU0168,48,287.0,26,129
2025-01-27,SKU0168,0,287.0,26,129
2025-02-03,SKU0168,0,287.0,26,129
2025-02-10,SKU0168,234,,26,129
2025-02-17,SKU0168,185,0.0,26,129
2025-02-24,SKU0168,150,0.0,26,129
2025-03-03,SKU0168,106,205.0,26,129
2025-03-10,SKU0168,47,205.0,26,129
2025-03-17,SKU0168,9,205.0,26,129
2025-03-24,SKU0168,0,205.0,26,129
2025-03-31,SKU0168,177,0.0,26,129
2025-04-07,SKU0168,127,191.0,26,129
2025-04-14,SKU0168,80,191.0,26,129
2025-04-21,SKU0168,37,191.0,26,129
2025-04-28,SKU0168,0,191.0,26,129
2025-05-05,SKU0168,180,0.0,26,129
2025-05-12,SKU0168,131,0.0,26,129
2025-05-19,SKU0168,85,176.0,26,129
2025-05-26,SKU0168,59,176.0,26,129
2025-06-02,SKU0168,15,176.0,26,129
2025-06-09,SKU0168,168,0.0,26,129
2025-06-16,SKU0168,128,164.0,26,129
2025-06-23,SKU0168,90,164.0,26,129
2025-06-30,SKU0168,49,164.0,26,129
2025-07-07,SKU0168,15,164.0,26,129
2025-07-14,SKU0168,150,0.0,26,129
2025-07-21,SKU0168,95,218.0,26,129
2025-07-28,SKU0168,52,218.0,26,129
2025-08-04,SKU0168,13,218.0,26,129
2025-08-11,SKU0168,0,218.0,26,129
2025-08-18,SKU0168,173,0.0,26,129
2025-08-25,SKU0168,144,0.0,26,129
2025-09-01,SKU0168,117,163.0,26,129
2025-09-08,SKU0168,66,163.0,26,129
2025-09-15,SKU0168,28,163.0,26,129
2025-09-22,SKU0168,0,163.0,26,129
2025-09-29,SKU0168,121,174.0,26,129
2025-10-06,SKU0168,82,174.0,26,129
2025-10-13,SKU0168,53,174.0,26,129
2025-10-20,SKU0168,6,174.0,26,129
2025-10-27,SKU0168,143,0.0,26,129
2025-11-03,SKU0168,119,226.0,26,129
2025-11-10,SKU0168,80,226.0,26,129
2025-11-17,SKU0168,39,226.0,26,129
2025-11-24,SKU0168,0,226.0,26,129
2025-12-01,SKU0168,199,0.0,26,129
2025-12-08,SKU0168,156,0.0,26,129
2025-12-15,SKU0168,114,245.0,26,129
2025-12-22,SKU0168,51,245.0,26,129
2025-12-29,SKU0168,5,245.0,26,129
2024-01-01,SKU0169,53,557.0,14,417
2024-01-08,SKU0169,0,557.0,14,417
2024-01-15,SKU0169,535,0.0,14,417
2024-01-22,SKU0169,396,417.0,14,417
2024-01-29,SKU0169,245,417.0,14,417
2024-02-05,SKU0169,532,0.0,14,417
2024-02-12,SKU0169,411,351.0,14,417
2024-02-19,SKU0169,286,351.0,14,417
2024-02-26,SKU0169,538,0.0,14,417
2024-03-04,SKU0169,415,296.0,14,417
2024-03-11,SKU0169,311,296.0,14,417
2024-03-18,SKU0169,521,0.0,14,417
2024-03-25,SKU0169,440,0.0,14,417
2024-04-01,SKU0169,356,254.0,14,417
2024-04-08,SKU0169,266,254.0,14,417
2024-04-15,SKU0169,418,0.0,14,417
2024-04-22,SKU0169,341,242.0,14,417
2024-04-29,SKU0169,261,242.0,14,417
2024-05-06,SKU0169,438,0.0,14,417
2024-05-13,SKU0169,364,253.0,14,417
2024-05-20,SKU0169,309,253.0,14,417
2024-05-27,SKU0169,462,0.0,14,417
2024-06-03,SKU0169,348,289.0,14,417
2024-06-10,SKU0169,250,289.0,14,417
2024-06-17,SKU0169,427,0.0,14,417
2024-06-24,SKU0169,311,,14,417
2024-07-01,SKU0169,193,336.0,14,417
2024-07-08,SKU0169,400,440.0,14,417
2024-07-15,SKU0169,263,440.0,14,417
2024-07-22,SKU0169,515,0.0,14,417
2024-07-29,SKU0169,371,512.0,14,417
2024-08-05,SKU0169,196,512.0,14,417
2024-08-12,SKU0169,550,0.0,14,417
2024-08-19,SKU0169,358,583.0,14,417
2024-08-26,SKU0169,185,583.0,14,417
2024-09-02,SKU0169,593,0.0,14,417
2024-09-09,SKU0169,349,979.0,14,417
2024-09-16,SKU0169,142,979.0,14,417
2024-09-23,SKU0169,912,0.0,14,417
2024-09-30,SKU0169,724,0.0,14,417
2024-10-07,SKU0169,520,0.0,14,417
2024-10-14,SKU0169,292,616.0,14,417
2024-10-21,SKU0169,97,616.0,14,417
2024-10-28,SKU0169,506,0.0,14,417
2024-11-04,SKU0169,305,611.0,14,417
2024-11-11,SKU0169,98,611.0,14,417
2024-11-18,SKU0169,512,0.0,14,417
2024-11-25,SKU0169,312,583.0,14,417
2024-12-02,SKU0169,92,583.0,14,417
2024-12-09,SKU0169,489,0.0,14,417
2024-12-16,SKU0169,298,537.0,14,417
2024-12-23,SKU0169,87,537.0,14,417
2024-12-30,SKU0169,471,0.0,14,417
2025-01-06,SKU0169,306,475.0,14,417
2025-01-13,SKU0169,133,475.0,14,417
2025-01-20,SKU0169,465,,14,417
2025-01-27,SKU0169,324,408.0,14,417
2025-02-03,SKU0169,209,408.0,14,417
2025-02-10,SKU0169,506,0.0,14,417
2025-02-17,SKU0169,387,376.0,14,417
2025-02-24,SKU0169,299,376.0,14,417
2025-03-03,SKU0169,576,0.0,14,417
2025-03-10,SKU0169,478,0.0,14,417
2025-03-17,SKU0169,383,302.0,14,417
2025-03-24,SKU0169,290,302.0,14,417
2025-03-31,SKU0169,494,0.0,14,417
2025-04-07,SKU0169,409,271.0,14,417
2025-04-14,SKU0169,297,271.0,14,417
2025-04-21,SKU0169,486,0.0,14,417
2025-04-28,SKU0169,406,242.0,14,417
2025-05-05,SKU0169,317,242.0,14,417
2025-05-12,SKU0169,468,0.0,14,417
2025-05-19,SKU0169,390,292.0,14,417
2025-05-26,SKU0169,289,292.0,14,417
2025-06-02,SKU0169,486,0.0,14,417
2025-06-09,SKU0169,387,340.0,14,417
2025-06-16,SKU0169,268,340.0,14,417
2025-06-23,SKU0169,498,0.0,14,417
2025-06-30,SKU0169,382,405.0,14,417
2025-07-07,SKU0169,260,405.0,14,417
2025-07-14,SKU0169,529,0.0,14,417
2025-07-21,SKU0169,300,648.0,14,417
2025-07-28,SKU0169,144,648.0,14,417
2025-08-04,SKU0169,645,0.0,14,417
2025-08-11,SKU0169,468,0.0,14,417
2025-08-18,SKU0169,291,510.0,14,417
2025-08-25,SKU0169,111,510.0,14,417
2025-09-01,SKU0169,435,0.0,14,417
2025-09-08,SKU0169,194,560.0,14,417
2025-09-15,SKU0169,0,560.0,14,417
2025-09-22,SKU0169,363,665.0,14,417
2025-09-29,SKU0169,145,665.0,14,417
2025-10-06,SKU0169,616,0.0,14,417
2025-10-13,SKU0169,408,614.0,14,417
2025-10-20,SKU0169,218,614.0,14,417
2025-10-27,SKU0169,613,0.0,14,417
2025-11-03,SKU0169,409,606.0,14,417
2025-11-10,SKU0169,191,606.0,14,417
2025-11-17,SKU0169,626,0.0,14,417
2025-11-24,SKU0169,421,0.0,14,417
2025-12-01,SKU0169,171,874.0,14,417
2025-12-08,SKU0169,0,874.0,14,417
2025-12-15,SKU0169,681,0.0,14,417
2025-12-22,SKU0169,437,0.0,14,417
2025-12-29,SKU0169,268,503.0,14,417
2024-09-09,SKU0170,0,3811.0,27,461
2024-09-16,SKU0170,0,3811.0,27,461
2024-09-23,SKU0170,0,3811.0,27,461
2024-09-30,SKU0170,0,3811.0,27,461
2024-10-07,SKU0170,3661,0.0,27,461
2024-10-14,SKU0170,3455,0.0,27,461
2024-10-21,SKU0170,3241,0.0,27,461
2024-10-28,SKU0170,3064,0.0,27,461
2024-11-04,SKU0170,2882,0.0,27,461
2024-11-11,SKU0170,2706,0.0,27,461
2024-11-18,SKU0170,2523,0.0,27,461
2024-11-25,SKU0170,2324,0.0,27,461
2024-12-02,SKU0170,2035,0.0,27,461
2024-12-09,SKU0170,1884,0.0,27,461
2024-12-16,SKU0170,1690,,27,461
2024-12-23,SKU0170,1468,0.0,27,461
2024-12-30,SKU0170,1311,0.0,27,461
2025-01-06,SKU0170,1123,0.0,27,461
2025-01-13,SKU0170,890,0.0,27,461
2025-01-20,SKU0170,737,,27,461
2025-01-27,SKU0170,580,0.0,27,461
2025-02-03,SKU0170,432,1119.0,27,461
2025-02-10,SKU0170,263,1119.0,27,461
2025-02-17,SKU0170,96,1119.0,27,461
2025-02-24,SKU0170,0,1119.0,27,461
2025-03-03,SKU0170,1046,0.0,27,461
2025-03-10,SKU0170,871,0.0,27,461
2025-03-17,SKU0170,687,0.0,27,461
2025-03-24,SKU0170,526,0.0,27,461
2025-03-31,SKU0170,336,1251.0,27,461
2025-04-07,SKU0170,129,1251.0,27,461
2025-04-14,SKU0170,0,1251.0,27,461
2025-04-21,SKU0170,0,1251.0,27,461
2025-04-28,SKU0170,1080,0.0,27,461
2025-05-05,SKU0170,869,0.0,27,461
2025-05-12,SKU0170,663,0.0,27,461
2025-05-19,SKU0170,441,1614.0,27,461
2025-05-26,SKU0170,185,1614.0,27,461
2025-06-02,SKU0170,0,1614.0,27,461
2025-06-09,SKU0170,0,1614.0,27,461
2025-06-16,SKU0170,1548,0.0,27,461
2025-06-23,SKU0170,1284,0.0,27,461
2025-06-30,SKU0170,1015,0.0,27,461
2025-07-07,SKU0170,758,0.0,27,461
2025-07-14,SKU0170,511,0.0,27,461
2025-07-21,SKU0170,0,3750.0,27,461
2025-07-28,SKU0170,0,3750.0,27,461
2025-08-04,SKU0170,0,3750.0,27,461
2025-08-11,SKU0170,3710,0.0,27,461
2025-08-18,SKU0170,3469,0.0,27,461
2025-08-25,SKU0170,3192,0.0,27,461
2025-09-01,SKU0170,2945,0.0,27,461
2025-09-08,SKU0170,2543,0.0,27,461
2025-09-15,SKU0170,2274,0.0,27,461
2025-09-22,SKU0170,2044,0.0,27,461
2025-09-29,SKU0170,1814,0.0,27,461
2025-10-06,SKU0170,1592,0.0,27,461
2025-10-13,SKU0170,1397,0.0,27,461
2025-10-20,SKU0170,1171,0.0,27,461
2025-10-27,SKU0170,979,0.0,27,461
2025-11-03,SKU0170,798,0.0,27,461
2025-11-10,SKU0170,593,0.0,27,461
2025-11-17,SKU0170,409,1361.0,27,461
2025-11-24,SKU0170,230,1361.0,27,461
2025-12-01,SKU0170,0,1361.0,27,461
2025-12-08,SKU0170,0,1361.0,27,461
2025-12-15,SKU0170,1279,0.0,27,461
2025-12-22,SKU0170,1005,0.0,27,461
2025-12-29,SKU0170,845,0.0,27,461
2024-01-01,SKU0171,0,656.0,9,196
2024-01-08,SKU0171,0,656.0,9,196
2024-01-15,SKU0171,429,0.0,9,196
2024-01-22,SKU0171,173,605.0,9,196
2024-01-29,SKU0171,0,605.0,9,196
2024-02-05,SKU0171,351,0.0,9,196
2024-02-12,SKU0171,105,779.0,9,196
2024-02-19,SKU0171,740,0.0,9,196
2024-02-26,SKU0171,461,0.0,9,196
2024-03-04,SKU0171,190,595.0,9,196
2024-03-11,SKU0171,0,595.0,9,196
2024-03-18,SKU0171,386,0.0,9,196
2024-03-25,SKU0171,130,707.0,9,196
2024-04-01,SKU0171,674,0.0,9,196
2024-04-08,SKU0171,444,0.0,9,196
2024-04-15,SKU0171,78,1234.0,9,196
2024-04-22,SKU0171,1204,0.0,9,196
2024-04-29,SKU0171,1006,0.0,9,196
2024-05-06,SKU0171,839,0.0,9,196
2024-05-13,SKU0171,674,0.0,9,196
2024-05-20,SKU0171,506,0.0,9,196
2024-05-27,SKU0171,358,0.0,9,196
2024-06-03,SKU0171,206,0.0,9,196
2024-06-10,SKU0171,68,313.0,9,196
2024-06-17,SKU0171,250,0.0,9,196
2024-06-24,SKU0171,113,262.0,9,196
2024-07-01,SKU0171,254,0.0,9,196
2024-07-08,SKU0171,147,288.0,9,196
2024-07-15,SKU0171,320,0.0,9,196
2024-07-22,SKU0171,143,508.0,9,196
2024-07-29,SKU0171,570,0.0,9,196
2024-08-05,SKU0171,483,0.0,9,196
2024-08-12,SKU0171,398,0.0,9,196
2024-08-19,SKU0171,319,0.0,9,196
2024-08-26,SKU0171,222,0.0,9,196
2024-09-02,SKU0171,134,204.0,9,196
2024-09-09,SKU0171,166,549.0,9,196
2024-09-16,SKU0171,49,549.0,9,196
2024-09-23,SKU0171,473,0.0,9,196
2024-09-30,SKU0171,352,0.0,9,196
2024-10-07,SKU0171,223,0.0,9,196
2024-10-14,SKU0171,105,300.0,9,196
2024-10-21,SKU0171,260,0.0,9,196
2024-10-28,SKU0171,92,350.0,9,196
2024-11-04,SKU0171,253,0.0,9,196
2024-11-11,SKU0171,57,401.0,9,196
2024-11-18,SKU0171,291,0.0,9,196
2024-11-25,SKU0171,29,452.0,9,196
2024-12-02,SKU0171,344,0.0,9,196
2024-12-09,SKU0171,105,642.0,9,196
2024-12-16,SKU0171,577,0.0,9,196
2024-12-23,SKU0171,197,0.0,9,196
2024-12-30,SKU0171,0,555.0,9,196
2025-01-06,SKU0171,283,0.0,9,196
2025-01-13,SKU0171,0,1153.0,9,196
2025-01-20,SKU0171,986,0.0,9,196
2025-01-27,SKU0171,736,0.0,9,196
2025-02-03,SKU0171,430,0.0,9,196
2025-02-10,SKU0171,130,782.0,9,196
2025-02-17,SKU0171,0,782.0,9,196
2025-02-24,SKU0171,510,0.0,9,196
2025-03-03,SKU0171,236,0.0,9,196
2025-03-10,SKU0171,0,598.0,9,196
2025-03-17,SKU0171,404,0.0,9,196
2025-03-24,SKU0171,157,710.0,9,196
2025-03-31,SKU0171,0,710.0,9,196
2025-04-07,SKU0171,432,0.0,9,196
2025-04-14,SKU0171,37,1247.0,9,196
2025-04-21,SKU0171,1216,0.0,9,196
2025-04-28,SKU0171,1026,0.0,9,196
2025-05-05,SKU0171,815,0.0,9,196
2025-05-12,SKU0171,615,0.0,9,196
2025-05-19,SKU0171,446,0.0,9,196
2025-05-26,SKU0171,264,0.0,9,196
2025-06-02,SKU0171,77,336.0,9,196
2025-06-09,SKU0171,274,0.0,9,196
2025-06-16,SKU0171,140,287.0,9,196
2025-06-23,SKU0171,304,0.0,9,196
2025-06-30,SKU0171,210,0.0,9,196
2025-07-07,SKU0171,124,237.0,9,196
2025-07-14,SKU0171,251,0.0,9,196
2025-07-21,SKU0171,69,412.0,9,196
2025-07-28,SKU0171,388,0.0,9,196
2025-08-04,SKU0171,302,0.0,9,196
2025-08-11,SKU0171,205,0.0,9,196
2025-08-18,SKU0171,125,195.0,9,196
2025-08-25,SKU0171,231,0.0,9,196
2025-09-01,SKU0171,129,206.0,9,196
2025-09-08,SKU0171,173,437.0,9,196
2025-09-15,SKU0171,33,437.0,9,196
2025-09-22,SKU0171,346,0.0,9,196
2025-09-29,SKU0171,226,0.0,9,196
2025-10-06,SKU0171,121,281.0,9,196
2025-10-13,SKU0171,269,0.0,9,196
2025-10-20,SKU0171,121,328.0,9,196
2025-10-27,SKU0171,273,0.0,9,196
2025-11-03,SKU0171,78,374.0,9,196
2025-11-10,SKU0171,300,0.0,9,196
2025-11-17,SKU0171,95,429.0,9,196
2025-11-24,SKU0171,389,0.0,9,196
2025-12-01,SKU0171,49,1078.0,9,196
2025-12-08,SKU0171,1002,0.0,9,196
2025-12-15,SKU0171,737,0.0,9,196
2025-12-22,SKU0171,322,0.0,9,196
2025-12-29,SKU0171,73,562.0,9,196
2024-01-01,SKU0172,11,791.0,18,567
2024-01-08,SKU0172,0,791.0,18,567
2024-01-15,SKU0172,0,791.0,18,567
2024-01-22,SKU0172,696,0.0,18,567
2024-01-29,SKU0172,552,512.0,18,567
2024-02-05,SKU0172,412,512.0,18,567
2024-02-12,SKU0172,281,512.0,18,567
2024-02-19,SKU0172,664,0.0,18,567
2024-02-26,SKU0172,550,575.0,18,567
2024-03-04,SKU0172,413,575.0,18,567
2024-03-11,SKU0172,289,575.0,18,567
2024-03-18,SKU0172,721,0.0,18,567
2024-03-25,SKU0172,591,0.0,18,567
2024-04-01,SKU0172,431,519.0,18,567
2024-04-08,SKU0172,285,519.0,18,567
2024-04-15,SKU0172,559,633.0,18,567
2024-04-22,SKU0172,354,633.0,18,567
2024-04-29,SKU0172,165,633.0,18,567
2024-05-06,SKU0172,593,0.0,18,567
2024-05-13,SKU0172,390,813.0,18,567
2024-05-20,SKU0172,162,813.0,18,567
2024-05-27,SKU0172,728,0.0,18,567
2024-06-03,SKU0172,479,1359.0,18,567
2024-06-10,SKU0172,163,1359.0,18,567
2024-06-17,SKU0172,0,1359.0,18,567
2024-06-24,SKU0172,1102,0.0,18,567
2024-07-01,SKU0172,755,0.0,18,567
2024-07-08,SKU0172,392,1348.0,18,567
2024-07-15,SKU0172,0,1348.0,18,567
2024-07-22,SKU0172,0,1348.0,18,567
2024-07-29,SKU0172,984,0.0,18,567
2024-08-05,SKU0172,561,1524.0,18,567
2024-08-12,SKU0172,143,1524.0,18,567
2024-08-19,SKU0172,0,1524.0,18,567
2024-08-26,SKU0172,1283,0.0,18,567
2024-09-02,SKU0172,871,0.0,18,567
2024-09-09,SKU0172,186,2566.0,18,567
2024-09-16,SKU0172,0,2566.0,18,567
2024-09-23,SKU0172,0,2566.0,18,567
2024-09-30,SKU0172,2166,0.0,18,567
2024-10-07,SKU0172,1766,0.0,18,567
2024-10-14,SKU0172,1386,0.0,18,567
2024-10-21,SKU0172,1034,0.0,18,567
2024-10-28,SKU0172,718,0.0,18,567
2024-11-04,SKU0172,396,1241.0,18,567
2024-11-11,SKU0172,59,1241.0,18,567
2024-11-18,SKU0172,0,1241.0,18,567
2024-11-25,SKU0172,977,0.0,18,567
2024-12-02,SKU0172,634,0.0,18,567
2024-12-09,SKU0172,423,924.0,18,567
2024-12-16,SKU0172,161,924.0,18,567
2024-12-23,SKU0172,900,0.0,18,567
2024-12-30,SKU0172,661,0.0,18,567
2025-01-06,SKU0172,450,672.0,18,567
2025-01-13,SKU0172,253,672.0,18,567
2025-01-20,SKU0172,112,672.0,18,567
2025-01-27,SKU0172,633,0.0,18,567
2025-02-03,SKU0172,499,506.0,18,567
2025-02-10,SKU0172,379,506.0,18,567
2025-02-17,SKU0172,257,506.0,18,567
2025-02-24,SKU0172,652,0.0,18,567
2025-03-03,SKU0172,541,587.0,18,567
2025-03-10,SKU0172,417,587.0,18,567
2025-03-17,SKU0172,285,587.0,18,567
2025-03-24,SKU0172,720,0.0,18,567
2025-03-31,SKU0172,590,0.0,18,567
2025-04-07,SKU0172,421,552.0,18,567
2025-04-14,SKU0172,176,552.0,18,567
2025-04-21,SKU0172,541,870.0,18,567
2025-04-28,SKU0172,360,870.0,18,567
2025-05-05,SKU0172,170,870.0,18,567
2025-05-12,SKU0172,816,0.0,18,567
2025-05-19,SKU0172,571,0.0,18,567
2025-05-26,SKU0172,302,941.0,18,567
2025-06-02,SKU0172,40,941.0,18,567
2025-06-09,SKU0172,795,0.0,18,567
2025-06-16,SKU0172,525,1525.0,18,567
2025-06-23,SKU0172,181,1525.0,18,567
2025-06-30,SKU0172,0,1525.0,18,567
2025-07-07,SKU0172,1263,0.0,18,567
2025-07-14,SKU0172,900,0.0,18,567
2025-07-21,SKU0172,274,3074.0,18,567
2025-07-28,SKU0172,0,3074.0,18,567
2025-08-04,SKU0172,0,3074.0,18,567
2025-08-11,SKU0172,2681,0.0,18,567
2025-08-18,SKU0172,2239,0.0,18,567
2025-08-25,SKU0172,1811,0.0,18,567
2025-09-01,SKU0172,1398,0.0,18,567
2025-09-08,SKU0172,828,0.0,18,567
2025-09-15,SKU0172,291,1549.0,18,567
2025-09-22,SKU0172,0,,18,567
2025-09-29,SKU0172,0,1549.0,18,567
2025-10-06,SKU0172,1157,0.0,18,567
2025-10-13,SKU0172,770,0.0,18,567
2025-10-20,SKU0172,425,1749.0,18,567
2025-10-27,SKU0172,87,1749.0,18,567
2025-11-03,SKU0172,0,,18,567
2025-11-10,SKU0172,1451,0.0,18,567
2025-11-17,SKU0172,1135,0.0,18,567
2025-11-24,SKU0172,882,0.0,18,567
2025-12-01,SKU0172,508,1257.0,18,567
2025-12-08,SKU0172,292,1257.0,18,567
2025-12-15,SKU0172,36,,18,567
2025-12-22,SKU0172,1035,0.0,18,567
2025-12-29,SKU0172,827,,18,567
2024-01-01,SKU0173,160,428.0,9,265
2024-01-08,SKU0173,0,428.0,9,265
2024-01-15,SKU0173,267,0.0,9,265
2024-01-22,SKU0173,71,372.0,9,265
2024-01-29,SKU0173,227,471.0,9,265
2024-02-05,SKU0173,40,471.0,9,265
2024-02-12,SKU0173,289,0.0,9,265
2024-02-19,SKU0173,106,389.0,9,265
2024-02-26,SKU0173,282,0.0,9,265
2024-03-04,SKU0173,104,405.0,9,265
2024-03-11,SKU0173,273,0.0,9,265
2024-03-18,SKU0173,89,425.0,9,265
2024-03-25,SKU0173,309,0.0,9,265
2024-04-01,SKU0173,39,449.0,9,265
2024-04-08,SKU0173,297,0.0,9,265
2024-04-15,SKU0173,0,471.0,9,265
2024-04-22,SKU0173,275,0.0,9,265
2024-04-29,SKU0173,2,495.0,9,265
2024-05-06,SKU0173,324,0.0,9,265
2024-05-13,SKU0173,66,519.0,9,265
2024-05-20,SKU0173,350,0.0,9,265
2024-05-27,SKU0173,117,541.0,9,265
2024-06-03,SKU0173,457,0.0,9,265
2024-06-10,SKU0173,179,697.0,9,265
2024-06-17,SKU0173,0,697.0,9,265
2024-06-24,SKU0173,422,0.0,9,265
2024-07-01,SKU0173,142,569.0,9,265
2024-07-08,SKU0173,478,0.0,9,265
2024-07-15,SKU0173,150,712.0,9,265
2024-07-22,SKU0173,663,0.0,9,265
2024-07-29,SKU0173,361,0.0,9,265
2024-08-05,SKU0173,63,563.0,9,265
2024-08-12,SKU0173,420,0.0,9,265
2024-08-19,SKU0173,118,686.0,9,265
2024-08-26,SKU0173,645,0.0,9,265
2024-09-02,SKU0173,374,0.0,9,265
2024-09-09,SKU0173,0,1075.0,9,265
2024-09-16,SKU0173,952,0.0,9,265
2024-09-23,SKU0173,689,0.0,9,265
2024-09-30,SKU0173,422,0.0,9,265
2024-10-07,SKU0173,159,595.0,9,265
2024-10-14,SKU0173,560,0.0,9,265
2024-10-21,SKU0173,327,0.0,9,265
2024-10-28,SKU0173,133,444.0,9,265
2024-11-04,SKU0173,362,0.0,9,265
2024-11-11,SKU0173,144,420.0,9,265
2024-11-18,SKU0173,363,0.0,9,265
2024-11-25,SKU0173,157,401.0,9,265
2024-12-02,SKU0173,341,,9,265
2024-12-09,SKU0173,141,387.0,9,265
2024-12-16,SKU0173,277,0.0,9,265
2024-12-23,SKU0173,0,773.0,9,265
2024-12-30,SKU0173,615,0.0,9,265
2025-01-06,SKU0173,340,0.0,9,265
2025-01-13,SKU0173,93,759.0,9,265
2025-01-20,SKU0173,643,0.0,9,265
2025-01-27,SKU0173,464,0.0,9,265
2025-02-03,SKU0173,260,381.0,9,265
2025-02-10,SKU0173,68,381.0,9,265
2025-02-17,SKU0173,237,394.0,9,265
2025-02-24,SKU0173,30,394.0,9,265
2025-03-03,SKU0173,218,512.0,9,265
2025-03-10,SKU0173,0,512.0,9,265
2025-03-17,SKU0173,296,0.0,9,265
2025-03-24,SKU0173,56,435.0,9,265
2025-03-31,SKU0173,287,0.0,9,265
2025-04-07,SKU0173,61,457.0,9,265
2025-04-14,SKU0173,76,1217.0,9,265
2025-04-21,SKU0173,1177,,9,265
2025-04-28,SKU0173,935,0.0,9,265
2025-05-05,SKU0173,678,0.0,9,265
2025-05-12,SKU0173,404,0.0,9,265
2025-05-19,SKU0173,157,664.0,9,265
2025-05-26,SKU0173,632,0.0,9,265
2025-06-02,SKU0173,337,0.0,9,265
2025-06-09,SKU0173,55,553.0,9,265
2025-06-16,SKU0173,417,0.0,9,265
2025-06-23,SKU0173,125,564.0,9,265
2025-06-30,SKU0173,469,0.0,9,265
2025-07-07,SKU0173,167,712.0,9,265
2025-07-14,SKU0173,675,0.0,9,265
2025-07-21,SKU0173,62,1454.0,9,265
2025-07-28,SKU0173,1405,0.0,9,265
2025-08-04,SKU0173,1112,0.0,9,265
2025-08-11,SKU0173,820,0.0,9,265
2025-08-18,SKU0173,550,0.0,9,265
2025-08-25,SKU0173,296,0.0,9,265
2025-09-01,SKU0173,21,537.0,9,265
2025-09-08,SKU0173,165,1333.0,9,265
2025-09-15,SKU0173,0,1333.0,9,265
2025-09-22,SKU0173,1075,0.0,9,265
2025-09-29,SKU0173,799,0.0,9,265
2025-10-06,SKU0173,539,0.0,9,265
2025-10-13,SKU0173,275,0.0,9,265
2025-10-20,SKU0173,68,460.0,9,265
2025-10-27,SKU0173,294,0.0,9,265
2025-11-03,SKU0173,79,435.0,9,265
2025-11-10,SKU0173,289,0.0,9,265
2025-11-17,SKU0173,73,415.0,9,265
2025-11-24,SKU0173,260,398.0,9,265
2025-12-01,SKU0173,0,398.0,9,265
2025-12-08,SKU0173,212,480.0,9,265
2025-12-15,SKU0173,0,,9,265
2025-12-22,SKU0173,105,769.0,9,265
2025-12-29,SKU0173,712,0.0,9,265
2024-01-01,SKU0174,56,160.0,12,71
2024-01-08,SKU0174,0,160.0,12,71
2024-01-15,SKU0174,137,0.0,12,71
2024-01-22,SKU0174,90,0.0,12,71
2024-01-29,SKU0174,40,149.0,12,71
2024-02-05,SKU0174,0,149.0,12,71
2024-02-12,SKU0174,115,0.0,12,71
2024-02-19,SKU0174,61,169.0,12,71
2024-02-26,SKU0174,15,169.0,12,71
2024-03-04,SKU0174,137,0.0,12,71
2024-03-11,SKU0174,68,171.0,12,71
2024-03-18,SKU0174,19,171.0,12,71
2024-03-25,SKU0174,152,0.0,12,71
2024-04-01,SKU0174,105,0.0,12,71
2024-04-08,SKU0174,58,189.0,12,71
2024-04-15,SKU0174,0,189.0,12,71
2024-04-22,SKU0174,152,0.0,12,71
2024-04-29,SKU0174,105,0.0,12,71
2024-05-06,SKU0174,55,194.0,12,71
2024-05-13,SKU0174,7,194.0,12,71
2024-05-20,SKU0174,142,0.0,12,71
2024-05-27,SKU0174,90,0.0,12,71
2024-06-03,SKU0174,24,183.0,12,71
2024-06-10,SKU0174,170,0.0,12,71
2024-06-17,SKU0174,117,0.0,12,71
2024-06-24,SKU0174,67,176.0,12,71
2024-07-01,SKU0174,19,176.0,12,71
2024-07-08,SKU0174,163,0.0,12,71
2024-07-15,SKU0174,91,0.0,12,71
2024-07-22,SKU0174,7,270.0,12,71
2024-07-29,SKU0174,266,0.0,12,71
2024-08-05,SKU0174,218,0.0,12,71
2024-08-12,SKU0174,163,0.0,12,71
2024-08-19,SKU0174,106,0.0,12,71
2024-08-26,SKU0174,57,158.0,12,71
2024-09-02,SKU0174,11,158.0,12,71
2024-09-09,SKU0174,93,0.0,12,71
2024-09-16,SKU0174,50,142.0,12,71
2024-09-23,SKU0174,12,142.0,12,71
2024-09-30,SKU0174,101,0.0,12,71
2024-10-07,SKU0174,58,142.0,12,71
2024-10-14,SKU0174,11,142.0,12,71
2024-10-21,SKU0174,123,0.0,12,71
2024-10-28,SKU0174,93,0.0,12,71
2024-11-04,SKU0174,57,138.0,12,71
2024-11-11,SKU0174,15,138.0,12,71
2024-11-18,SKU0174,116,0.0,12,71
2024-11-25,SKU0174,75,0.0,12,71
2024-12-02,SKU0174,24,215.0,12,71
2024-12-09,SKU0174,203,0.0,12,71
2024-12-16,SKU0174,149,0.0,12,71
2024-12-23,SKU0174,103,0.0,12,71
2024-12-30,SKU0174,59,150.0,12,71
2025-01-06,SKU0174,0,150.0,12,71
2025-01-13,SKU0174,102,0.0,12,71
2025-01-20,SKU0174,48,151.0,12,71
2025-01-27,SKU0174,5,151.0,12,71
2025-02-03,SKU0174,103,0.0,12,71
2025-02-10,SKU0174,50,170.0,12,71
2025-02-17,SKU0174,3,170.0,12,71
2025-02-24,SKU0174,129,0.0,12,71
2025-03-03,SKU0174,83,,12,71
2025-03-10,SKU0174,30,174.0,12,71
2025-03-17,SKU0174,170,0.0,12,71
2025-03-24,SKU0174,112,0.0,12,71
2025-03-31,SKU0174,60,183.0,12,71
2025-04-07,SKU0174,2,183.0,12,71
2025-04-14,SKU0174,102,0.0,12,71
2025-04-21,SKU0174,40,188.0,12,71
2025-04-28,SKU0174,0,188.0,12,71
2025-05-05,SKU0174,142,0.0,12,71
2025-05-12,SKU0174,84,0.0,12,71
2025-05-19,SKU0174,26,190.0,12,71
2025-05-26,SKU0174,184,0.0,12,71
2025-06-02,SKU0174,122,0.0,12,71
2025-06-09,SKU0174,57,196.0,12,71
2025-06-16,SKU0174,0,196.0,12,71
2025-06-23,SKU0174,172,0.0,12,71
2025-06-30,SKU0174,117,0.0,12,71
2025-07-07,SKU0174,54,187.0,12,71
2025-07-14,SKU0174,15,187.0,12,71
2025-07-21,SKU0174,121,0.0,12,71
2025-07-28,SKU0174,72,0.0,12,71
2025-08-04,SKU0174,21,167.0,12,71
2025-08-11,SKU0174,152,0.0,12,71
2025-08-18,SKU0174,98,0.0,12,71
2025-08-25,SKU0174,54,164.0,12,71
2025-09-01,SKU0174,0,164.0,12,71
2025-09-08,SKU0174,121,0.0,12,71
2025-09-15,SKU0174,71,147.0,12,71
2025-09-22,SKU0174,32,147.0,12,71
2025-09-29,SKU0174,143,0.0,12,71
2025-10-06,SKU0174,104,0.0,12,71
2025-10-13,SKU0174,46,139.0,12,71
2025-10-20,SKU0174,0,139.0,12,71
2025-10-27,SKU0174,88,0.0,12,71
2025-11-03,SKU0174,48,137.0,12,71
2025-11-10,SKU0174,0,137.0,12,71
2025-11-17,SKU0174,110,0.0,12,71
2025-11-24,SKU0174,77,0.0,12,71
2025-12-01,SKU0174,18,223.0,12,71
2025-12-08,SKU0174,209,0.0,12,71
2025-12-15,SKU0174,154,0.0,12,71
2025-12-22,SKU0174,97,0.0,12,71
2025-12-29,SKU0174,52,155.0,12,71
2024-01-01,SKU0175,101,310.0,25,141
2024-01-08,SKU0175,0,310.0,25,141
2024-01-15,SKU0175,0,310.0,25,141
2024-01-22,SKU0175,0,310.0,25,141
2024-01-29,SKU0175,263,0.0,25,141
2024-02-05,SKU0175,181,0.0,25,141
2024-02-12,SKU0175,90,364.0,25,141
2024-02-19,SKU0175,0,364.0,25,141
2024-02-26,SKU0175,0,364.0,25,141
2024-03-04,SKU0175,352,0.0,25,141
2024-03-11,SKU0175,243,0.0,25,141
2024-03-18,SKU0175,123,509.0,25,141
2024-03-25,SKU0175,16,509.0,25,141
2024-04-01,SKU0175,0,509.0,25,141
2024-04-08,SKU0175,0,509.0,25,141
2024-04-15,SKU0175,371,0.0,25,141
2024-04-22,SKU0175,265,0.0,25,141
2024-04-29,SKU0175,146,0.0,25,141
2024-05-06,SKU0175,51,435.0,25,141
2024-05-13,SKU0175,0,435.0,25,141
2024-05-20,SKU0175,0,435.0,25,141
2024-05-27,SKU0175,397,0.0,25,141
2024-06-03,SKU0175,314,0.0,25,141
2024-06-10,SKU0175,226,0.0,25,141
2024-06-17,SKU0175,137,,25,141
2024-06-24,SKU0175,60,354.0,25,141
2024-07-01,SKU0175,0,354.0,25,141
2024-07-08,SKU0175,0,354.0,25,141
2024-07-15,SKU0175,308,0.0,25,141
2024-07-22,SKU0175,210,0.0,25,141
2024-07-29,SKU0175,138,248.0,25,141
2024-08-05,SKU0175,75,248.0,25,141
2024-08-12,SKU0175,19,248.0,25,141
2024-08-19,SKU0175,0,248.0,25,141
2024-08-26,SKU0175,221,0.0,25,141
2024-09-02,SKU0175,177,0.0,25,141
2024-09-09,SKU0175,124,385.0,25,141
2024-09-16,SKU0175,76,385.0,25,141
2024-09-23,SKU0175,36,385.0,25,141
2024-09-30,SKU0175,3,385.0,25,141
2024-10-07,SKU0175,369,,25,141
2024-10-14,SKU0175,342,0.0,25,141
2024-10-21,SKU0175,312,0.0,25,141
2024-10-28,SKU0175,279,0.0,25,141
2024-11-04,SKU0175,235,0.0,25,141
2024-11-11,SKU0175,207,0.0,25,141
2024-11-18,SKU0175,161,0.0,25,141
2024-11-25,SKU0175,111,180.0,25,141
2024-12-02,SKU0175,34,180.0,25,141
2024-12-09,SKU0175,0,180.0,25,141
2024-12-16,SKU0175,0,180.0,25,141
2024-12-23,SKU0175,105,463.0,25,141
2024-12-30,SKU0175,42,463.0,25,141
2025-01-06,SKU0175,0,463.0,25,141
2025-01-13,SKU0175,453,0.0,25,141
2025-01-20,SKU0175,381,0.0,25,141
2025-01-27,SKU0175,300,0.0,25,141
2025-02-03,SKU0175,202,0.0,25,141
2025-02-10,SKU0175,115,429.0,25,141
2025-02-17,SKU0175,28,429.0,25,141
2025-02-24,SKU0175,0,429.0,25,141
2025-03-03,SKU0175,0,429.0,25,141
2025-03-10,SKU0175,346,0.0,25,141
2025-03-17,SKU0175,242,0.0,25,141
2025-03-24,SKU0175,131,432.0,25,141
2025-03-31,SKU0175,39,432.0,25,141
2025-04-07,SKU0175,0,432.0,25,141
2025-04-14,SKU0175,0,432.0,25,141
2025-04-21,SKU0175,356,0.0,25,141
2025-04-28,SKU0175,251,,25,141
2025-05-05,SKU0175,151,0.0,25,141
2025-05-12,SKU0175,41,425.0,25,141
2025-05-19,SKU0175,0,425.0,25,141
2025-05-26,SKU0175,0,425.0,25,141
2025-06-02,SKU0175,386,0.0,25,141
2025-06-09,SKU0175,298,0.0,25,141
2025-06-16,SKU0175,218,0.0,25,141
2025-06-23,SKU0175,133,335.0,25,141
2025-06-30,SKU0175,66,335.0,25,141
2025-07-07,SKU0175,0,335.0,25,141
2025-07-14,SKU0175,0,335.0,25,141
2025-07-21,SKU0175,258,0.0,25,141
2025-07-28,SKU0175,207,0.0,25,141
2025-08-04,SKU0175,148,0.0,25,141
2025-08-11,SKU0175,92,227.0,25,141
2025-08-18,SKU0175,43,227.0,25,141
2025-08-25,SKU0175,4,227.0,25,141
2025-09-01,SKU0175,207,0.0,25,141
2025-09-08,SKU0175,139,317.0,25,141
2025-09-15,SKU0175,97,317.0,25,141
2025-09-22,SKU0175,56,317.0,25,141
2025-09-29,SKU0175,13,317.0,25,141
2025-10-06,SKU0175,297,0.0,25,141
2025-10-13,SKU0175,265,0.0,25,141
2025-10-20,SKU0175,233,0.0,25,141
2025-10-27,SKU0175,208,0.0,25,141
2025-11-03,SKU0175,177,0.0,25,141
2025-11-10,SKU0175,131,185.0,25,141
2025-11-17,SKU0175,84,185.0,25,141
2025-11-24,SKU0175,43,185.0,25,141
2025-12-01,SKU0175,0,185.0,25,141
2025-12-08,SKU0175,151,0.0,25,141
2025-12-15,SKU0175,84,211.0,25,141
2025-12-22,SKU0175,0,211.0,25,141
2025-12-29,SKU0175,0,211.0,25,141
2024-01-01,SKU0176,62,878.0,17,309
2024-01-08,SKU0176,0,878.0,17,309
2024-01-15,SKU0176,0,878.0,17,309
2024-01-22,SKU0176,750,0.0,17,309
2024-01-29,SKU0176,550,0.0,17,309
2024-02-05,SKU0176,325,0.0,17,309
2024-02-12,SKU0176,104,863.0,17,309
2024-02-19,SKU0176,0,863.0,17,309
2024-02-26,SKU0176,736,0.0,17,309
2024-03-04,SKU0176,490,0.0,17,309
2024-03-11,SKU0176,252,1262.0,17,309
2024-03-18,SKU0176,0,1262.0,17,309
2024-03-25,SKU0176,0,1262.0,17,309
2024-04-01,SKU0176,1060,0.0,17,309
2024-04-08,SKU0176,791,0.0,17,309
2024-04-15,SKU0176,377,0.0,17,309
2024-04-22,SKU0176,142,1105.0,17,309
2024-04-29,SKU0176,0,1105.0,17,309
2024-05-06,SKU0176,1033,0.0,17,309
2024-05-13,SKU0176,767,0.0,17,309
2024-05-20,SKU0176,481,0.0,17,309
2024-05-27,SKU0176,243,1489.0,17,309
2024-06-03,SKU0176,0,1489.0,17,309
2024-06-10,SKU0176,0,1489.0,17,309
2024-06-17,SKU0176,1239,0.0,17,309
2024-06-24,SKU0176,973,0.0,17,309
2024-07-01,SKU0176,675,0.0,17,309
2024-07-08,SKU0176,377,0.0,17,309
2024-07-15,SKU0176,86,1106.0,17,309
2024-07-22,SKU0176,0,1106.0,17,309
2024-07-29,SKU0176,1034,0.0,17,309
2024-08-05,SKU0176,784,0.0,17,309
2024-08-12,SKU0176,547,0.0,17,309
2024-08-19,SKU0176,279,984.0,17,309
2024-08-26,SKU0176,55,984.0,17,309
2024-09-02,SKU0176,0,984.0,17,309
2024-09-09,SKU0176,662,0.0,17,309
2024-09-16,SKU0176,416,0.0,17,309
2024-09-23,SKU0176,190,869.0,17,309
2024-09-30,SKU0176,0,869.0,17,309
2024-10-07,SKU0176,840,0.0,17,309
2024-10-14,SKU0176,649,0.0,17,309
2024-10-21,SKU0176,445,0.0,17,309
2024-10-28,SKU0176,250,986.0,17,309
2024-11-04,SKU0176,48,986.0,17,309
2024-11-11,SKU0176,0,986.0,17,309
2024-11-18,SKU0176,836,0.0,17,309
2024-11-25,SKU0176,635,0.0,17,309
2024-12-02,SKU0176,337,0.0,17,309
2024-12-09,SKU0176,145,736.0,17,309
2024-12-16,SKU0176,0,736.0,17,309
2024-12-23,SKU0176,661,0.0,17,309
2024-12-30,SKU0176,474,0.0,17,309
2025-01-06,SKU0176,243,1845.0,17,309
2025-01-13,SKU0176,0,1845.0,17,309
2025-01-20,SKU0176,0,1845.0,17,309
2025-01-27,SKU0176,1683,0.0,17,309
2025-02-03,SKU0176,1492,0.0,17,309
2025-02-10,SKU0176,1287,0.0,17,309
2025-02-17,SKU0176,1090,0.0,17,309
2025-02-24,SKU0176,849,0.0,17,309
2025-03-03,SKU0176,634,0.0,17,309
2025-03-10,SKU0176,384,0.0,17,309
2025-03-17,SKU0176,147,997.0,17,309
2025-03-24,SKU0176,0,997.0,17,309
2025-03-31,SKU0176,910,0.0,17,309
2025-04-07,SKU0176,645,0.0,17,309
2025-04-14,SKU0176,219,2601.0,17,309
2025-04-21,SKU0176,0,2601.0,17,309
2025-04-28,SKU0176,0,2601.0,17,309
2025-05-05,SKU0176,2315,,17,309
2025-05-12,SKU0176,2035,0.0,17,309
2025-05-19,SKU0176,1720,0.0,17,309
2025-05-26,SKU0176,1421,0.0,17,309
2025-06-02,SKU0176,1159,0.0,17,309
2025-06-09,SKU0176,846,0.0,17,309
2025-06-16,SKU0176,553,0.0,17,309
2025-06-23,SKU0176,265,1474.0,17,309
2025-06-30,SKU0176,0,1474.0,17,309
2025-07-07,SKU0176,0,1474.0,17,309
2025-07-14,SKU0176,1260,0.0,17,309
2025-07-21,SKU0176,753,0.0,17,309
2025-07-28,SKU0176,476,0.0,17,309
2025-08-04,SKU0176,221,1346.0,17,309
2025-08-11,SKU0176,0,1346.0,17,309
2025-08-18,SKU0176,0,1346.0,17,309
2025-08-25,SKU0176,1093,0.0,17,309
2025-09-01,SKU0176,864,0.0,17,309
2025-09-08,SKU0176,493,0.0,17,309
2025-09-15,SKU0176,219,1153.0,17,309
2025-09-22,SKU0176,0,1153.0,17,309
2025-09-29,SKU0176,0,1153.0,17,309
2025-10-06,SKU0176,966,0.0,17,309
2025-10-13,SKU0176,780,0.0,17,309
2025-10-20,SKU0176,583,0.0,17,309
2025-10-27,SKU0176,392,0.0,17,309
2025-11-03,SKU0176,219,764.0,17,309
2025-11-10,SKU0176,61,764.0,17,309
2025-11-17,SKU0176,738,0.0,17,309
2025-11-24,SKU0176,552,0.0,17,309
2025-12-01,SKU0176,303,739.0,17,309
2025-12-08,SKU0176,118,739.0,17,309
2025-12-15,SKU0176,0,739.0,17,309
2025-12-22,SKU0176,510,0.0,17,309
2025-12-29,SKU0176,310,0.0,17,309
2025-08-11,SKU0177,58,636.0,15,692
2025-08-18,SKU0177,0,636.0,15,692
2025-08-25,SKU0177,562,742.0,15,692
2025-09-01,SKU0177,407,742.0,15,692
2025-09-08,SKU0177,893,0.0,15,692
2025-09-15,SKU0177,700,0.0,15,692
2025-09-22,SKU0177,514,579.0,15,692
2025-09-29,SKU0177,330,579.0,15,692
2025-10-06,SKU0177,723,0.0,15,692
2025-10-13,SKU0177,535,620.0,15,692
2025-10-20,SKU0177,323,620.0,15,692
2025-10-27,SKU0177,727,0.0,15,692
2025-11-03,SKU0177,524,704.0,15,692
2025-11-10,SKU0177,280,704.0,15,692
2025-11-17,SKU0177,739,0.0,15,692
2025-11-24,SKU0177,487,820.0,15,692
2025-12-01,SKU0177,102,820.0,15,692
2025-12-08,SKU0177,671,941.0,15,692
2025-12-15,SKU0177,364,941.0,15,692
2025-12-22,SKU0177,0,941.0,15,692
2025-12-29,SKU0177,635,1332.0,15,692
2024-01-01,SKU0178,140,1305.0,23,880
2024-01-08,SKU0178,0,1305.0,23,880
2024-01-15,SKU0178,0,1305.0,23,880
2024-01-22,SKU0178,0,1305.0,23,880
2024-01-29,SKU0178,1088,0.0,23,880
2024-02-05,SKU0178,894,0.0,23,880
2024-02-12,SKU0178,676,1085.0,23,880
2024-02-19,SKU0178,445,1085.0,23,880
2024-02-26,SKU0178,227,1085.0,23,880
2024-03-04,SKU0178,1110,0.0,23,880
2024-03-11,SKU0178,917,0.0,23,880
2024-03-18,SKU0178,719,1079.0,23,880
2024-03-25,SKU0178,474,1079.0,23,880
2024-04-01,SKU0178,240,1079.0,23,880
2024-04-08,SKU0178,1078,0.0,23,880
2024-04-15,SKU0178,780,2426.0,23,880
2024-04-22,SKU0178,544,2426.0,23,880
2024-04-29,SKU0178,316,2426.0,23,880
2024-05-06,SKU0178,2487,0.0,23,880
2024-05-13,SKU0178,2246,0.0,23,880
2024-05-20,SKU0178,2012,0.0,23,880
2024-05-27,SKU0178,1774,0.0,23,880
2024-06-03,SKU0178,1532,0.0,23,880
2024-06-10,SKU0178,1285,0.0,23,880
2024-06-17,SKU0178,1022,0.0,23,880
2024-06-24,SKU0178,789,1636.0,23,880
2024-07-01,SKU0178,526,1636.0,23,880
2024-07-08,SKU0178,263,1636.0,23,880
2024-07-15,SKU0178,1616,0.0,23,880
2024-07-22,SKU0178,1233,0.0,23,880
2024-07-29,SKU0178,976,0.0,23,880
2024-08-05,SKU0178,731,1315.0,23,880
2024-08-12,SKU0178,473,1315.0,23,880
2024-08-19,SKU0178,227,1315.0,23,880
2024-08-26,SKU0178,1276,0.0,23,880
2024-09-02,SKU0178,1014,0.0,23,880
2024-09-09,SKU0178,651,2223.0,23,880
2024-09-16,SKU0178,353,2223.0,23,880
2024-09-23,SKU0178,75,2223.0,23,880
2024-09-30,SKU0178,2146,0.0,23,880
2024-10-07,SKU0178,1854,0.0,23,880
2024-10-14,SKU0178,1593,0.0,23,880
2024-10-21,SKU0178,1290,0.0,23,880
2024-10-28,SKU0178,1029,0.0,23,880
2024-11-04,SKU0178,738,1266.0,23,880
2024-11-11,SKU0178,477,1266.0,23,880
2024-11-18,SKU0178,263,1266.0,23,880
2024-11-25,SKU0178,1247,0.0,23,880
2024-12-02,SKU0178,930,0.0,23,880
2024-12-09,SKU0178,679,1198.0,23,880
2024-12-16,SKU0178,411,1198.0,23,880
2024-12-23,SKU0178,84,1198.0,23,880
2024-12-30,SKU0178,1075,,23,880
2025-01-06,SKU0178,803,2480.0,23,880
2025-01-13,SKU0178,471,2480.0,23,880
2025-01-20,SKU0178,243,2480.0,23,880
2025-01-27,SKU0178,18,,23,880
2025-02-03,SKU0178,2266,0.0,23,880
2025-02-10,SKU0178,2052,0.0,23,880
2025-02-17,SKU0178,1843,0.0,23,880
2025-02-24,SKU0178,1649,0.0,23,880
2025-03-03,SKU0178,1417,0.0,23,880
2025-03-10,SKU0178,1192,0.0,23,880
2025-03-17,SKU0178,979,0.0,23,880
2025-03-24,SKU0178,732,1091.0,23,880
2025-03-31,SKU0178,500,1091.0,23,880
2025-04-07,SKU0178,278,1091.0,23,880
2025-04-14,SKU0178,1034,0.0,23,880
2025-04-21,SKU0178,781,1475.0,23,880
2025-04-28,SKU0178,576,1475.0,23,880
2025-05-05,SKU0178,354,1475.0,23,880
2025-05-12,SKU0178,1592,0.0,23,880
2025-05-19,SKU0178,1370,0.0,23,880
2025-05-26,SKU0178,1127,0.0,23,880
2025-06-02,SKU0178,889,0.0,23,880
2025-06-09,SKU0178,641,1218.0,23,880
2025-06-16,SKU0178,384,1218.0,23,880
2025-06-23,SKU0178,127,1218.0,23,880
2025-06-30,SKU0178,1075,0.0,23,880
2025-07-07,SKU0178,809,1682.0,23,880
2025-07-14,SKU0178,568,1682.0,23,880
2025-07-21,SKU0178,117,1682.0,23,880
2025-07-28,SKU0178,0,1682.0,23,880
2025-08-04,SKU0178,1420,0.0,23,880
2025-08-11,SKU0178,1154,0.0,23,880
2025-08-18,SKU0178,894,0.0,23,880
2025-08-25,SKU0178,615,1337.0,23,880
2025-09-01,SKU0178,358,1337.0,23,880
2025-09-08,SKU0178,0,1337.0,23,880
2025-09-15,SKU0178,1109,0.0,23,880
2025-09-22,SKU0178,869,1330.0,23,880
2025-09-29,SKU0178,578,1330.0,23,880
2025-10-06,SKU0178,297,1330.0,23,880
2025-10-13,SKU0178,49,1330.0,23,880
2025-10-20,SKU0178,1116,0.0,23,880
2025-10-27,SKU0178,851,1283.0,23,880
2025-11-03,SKU0178,590,1283.0,23,880
2025-11-10,SKU0178,334,1283.0,23,880
2025-11-17,SKU0178,121,1283.0,23,880
2025-11-24,SKU0178,1143,0.0,23,880
2025-12-01,SKU0178,746,2341.0,23,880
2025-12-08,SKU0178,515,2341.0,23,880
2025-12-15,SKU0178,256,2341.0,23,880
2025-12-22,SKU0178,2244,0.0,23,880
2025-12-29,SKU0178,2000,0.0,23,880
2024-01-01,SKU0179,144,990.0,14,494
2024-01-08,SKU0179,0,990.0,14,494
2024-01-15,SKU0179,951,0.0,14,494
2024-01-22,SKU0179,712,0.0,14,494
2024-01-29,SKU0179,453,1056.0,14,494
2024-02-05,SKU0179,191,1056.0,14,494
2024-02-12,SKU0179,1015,0.0,14,494
2024-02-19,SKU0179,805,0.0,14,494
2024-02-26,SKU0179,578,0.0,14,494
2024-03-04,SKU0179,374,697.0,14,494
2024-03-11,SKU0179,161,697.0,14,494
2024-03-18,SKU0179,671,0.0,14,494
2024-03-25,SKU0179,508,0.0,14,494
2024-04-01,SKU0179,337,579.0,14,494
2024-04-08,SKU0179,190,579.0,14,494
2024-04-15,SKU0179,543,0.0,14,494
2024-04-22,SKU0179,398,477.0,14,494
2024-04-29,SKU0179,262,477.0,14,494
2024-05-06,SKU0179,609,0.0,14,494
2024-05-13,SKU0179,486,387.0,14,494
2024-05-20,SKU0179,386,387.0,14,494
2024-05-27,SKU0179,660,0.0,14,494
2024-06-03,SKU0179,545,0.0,14,494
2024-06-10,SKU0179,432,335.0,14,494
2024-06-17,SKU0179,338,335.0,14,494
2024-06-24,SKU0179,584,0.0,14,494
2024-07-01,SKU0179,494,330.0,14,494
2024-07-08,SKU0179,399,330.0,14,494
2024-07-15,SKU0179,616,0.0,14,494
2024-07-22,SKU0179,483,363.0,14,494
2024-07-29,SKU0179,356,363.0,14,494
2024-08-05,SKU0179,596,0.0,14,494
2024-08-12,SKU0179,476,426.0,14,494
2024-08-19,SKU0179,338,426.0,14,494
2024-08-26,SKU0179,639,0.0,14,494
2024-09-02,SKU0179,481,511.0,14,494
2024-09-09,SKU0179,293,511.0,14,494
2024-09-16,SKU0179,617,0.0,14,494
2024-09-23,SKU0179,449,783.0,14,494
2024-09-30,SKU0179,260,783.0,14,494
2024-10-07,SKU0179,840,0.0,14,494
2024-10-14,SKU0179,625,0.0,14,494
2024-10-21,SKU0179,424,939.0,14,494
2024-10-28,SKU0179,205,939.0,14,494
2024-11-04,SKU0179,931,0.0,14,494
2024-11-11,SKU0179,696,0.0,14,494
2024-11-18,SKU0179,442,1069.0,14,494
2024-11-25,SKU0179,177,1069.0,14,494
2024-12-02,SKU0179,990,0.0,14,494
2024-12-09,SKU0179,757,0.0,14,494
2024-12-16,SKU0179,478,1265.0,14,494
2024-12-23,SKU0179,119,1265.0,14,494
2024-12-30,SKU0179,1226,0.0,14,494
2025-01-06,SKU0179,908,0.0,14,494
2025-01-13,SKU0179,603,0.0,14,494
2025-01-20,SKU0179,355,840.0,14,494
2025-01-27,SKU0179,82,840.0,14,494
2025-02-03,SKU0179,689,0.0,14,494
2025-02-10,SKU0179,435,1008.0,14,494
2025-02-17,SKU0179,209,1008.0,14,494
2025-02-24,SKU0179,986,0.0,14,494
2025-03-03,SKU0179,750,0.0,14,494
2025-03-10,SKU0179,550,0.0,14,494
2025-03-17,SKU0179,365,643.0,14,494
2025-03-24,SKU0179,176,643.0,14,494
2025-03-31,SKU0179,669,0.0,14,494
2025-04-07,SKU0179,497,0.0,14,494
2025-04-14,SKU0179,287,524.0,14,494
2025-04-21,SKU0179,128,524.0,14,494
2025-04-28,SKU0179,515,0.0,14,494
2025-05-05,SKU0179,399,434.0,14,494
2025-05-12,SKU0179,279,434.0,14,494
2025-05-19,SKU0179,601,0.0,14,494
2025-05-26,SKU0179,488,359.0,14,494
2025-06-02,SKU0179,385,359.0,14,494
2025-06-09,SKU0179,633,0.0,14,494
2025-06-16,SKU0179,517,0.0,14,494
2025-06-23,SKU0179,415,331.0,14,494
2025-06-30,SKU0179,317,331.0,14,494
2025-07-07,SKU0179,538,0.0,14,494
2025-07-14,SKU0179,424,346.0,14,494
2025-07-21,SKU0179,262,346.0,14,494
2025-07-28,SKU0179,480,382.0,14,494
2025-08-04,SKU0179,359,382.0,14,494
2025-08-11,SKU0179,608,0.0,14,494
2025-08-18,SKU0179,467,583.0,14,494
2025-08-25,SKU0179,314,583.0,14,494
2025-09-01,SKU0179,735,0.0,14,494
2025-09-08,SKU0179,531,0.0,14,494
2025-09-15,SKU0179,322,797.0,14,494
2025-09-22,SKU0179,146,797.0,14,494
2025-09-29,SKU0179,764,0.0,14,494
2025-10-06,SKU0179,563,0.0,14,494
2025-10-13,SKU0179,375,684.0,14,494
2025-10-20,SKU0179,142,,14,494
2025-10-27,SKU0179,605,,14,494
2025-11-03,SKU0179,401,1009.0,14,494
2025-11-10,SKU0179,166,1009.0,14,494
2025-11-17,SKU0179,935,0.0,14,494
2025-11-24,SKU0179,677,0.0,14,494
2025-12-01,SKU0179,378,1108.0,14,494
2025-12-08,SKU0179,119,1108.0,14,494
2025-12-15,SKU0179,971,0.0,14,494
2025-12-22,SKU0179,600,0.0,14,494
2025-12-29,SKU0179,340,1002.0,14,494
2024-01-01,SKU0180,73,172.0,22,79
2024-01-08,SKU0180,34,172.0,22,79
2024-01-15,SKU0180,7,172.0,22,79
2024-01-22,SKU0180,0,172.0,22,79
2024-01-29,SKU0180,154,0.0,22,79
2024-02-05,SKU0180,132,0.0,22,79
2024-02-12,SKU0180,111,0.0,22,79
2024-02-19,SKU0180,93,0.0,22,79
2024-02-26,SKU0180,75,161.0,22,79
2024-03-04,SKU0180,50,161.0,22,79
2024-03-11,SKU0180,27,161.0,22,79
2024-03-18,SKU0180,168,,22,79
2024-03-25,SKU0180,150,0.0,22,79
2024-04-01,SKU0180,127,0.0,22,79
2024-04-08,SKU0180,96,0.0,22,79
2024-04-15,SKU0180,47,285.0,22,79
2024-04-22,SKU0180,27,285.0,22,79
2024-04-29,SKU0180,2,285.0,22,79
2024-05-06,SKU0180,265,0.0,22,79
2024-05-13,SKU0180,238,0.0,22,79
2024-05-20,SKU0180,217,0.0,22,79
2024-05-27,SKU0180,192,0.0,22,79
2024-06-03,SKU0180,165,0.0,22,79
2024-06-10,SKU0180,132,0.0,22,79
2024-06-17,SKU0180,102,0.0,22,79
2024-06-24,SKU0180,74,226.0,22,79
2024-07-01,SKU0180,50,226.0,22,79
2024-07-08,SKU0180,15,226.0,22,79
2024-07-15,SKU0180,217,0.0,22,79
2024-07-22,SKU0180,154,0.0,22,79
2024-07-29,SKU0180,127,0.0,22,79
2024-08-05,SKU0180,90,0.0,22,79
2024-08-12,SKU0180,59,209.0,22,79
2024-08-19,SKU0180,31,209.0,22,79
2024-08-26,SKU0180,0,209.0,22,79
2024-09-02,SKU0180,186,0.0,22,79
2024-09-09,SKU0180,114,0.0,22,79
2024-09-16,SKU0180,69,250.0,22,79
2024-09-23,SKU0180,33,250.0,22,79
2024-09-30,SKU0180,0,250.0,22,79
2024-10-07,SKU0180,246,0.0,22,79
2024-10-14,SKU0180,210,0.0,22,79
2024-10-21,SKU0180,171,0.0,22,79
2024-10-28,SKU0180,137,0.0,22,79
2024-11-04,SKU0180,103,0.0,22,79
2024-11-11,SKU0180,73,222.0,22,79
2024-11-18,SKU0180,41,222.0,22,79
2024-11-25,SKU0180,3,222.0,22,79
2024-12-02,SKU0180,220,0.0,22,79
2024-12-09,SKU0180,190,0.0,22,79
2024-12-16,SKU0180,152,0.0,22,79
2024-12-23,SKU0180,112,0.0,22,79
2024-12-30,SKU0180,89,0.0,22,79
2025-01-06,SKU0180,53,157.0,22,79
2025-01-13,SKU0180,8,157.0,22,79
2025-01-20,SKU0180,0,157.0,22,79
2025-01-27,SKU0180,140,0.0,22,79
2025-02-03,SKU0180,115,0.0,22,79
2025-02-10,SKU0180,92,0.0,22,79
2025-02-17,SKU0180,73,171.0,22,79
2025-02-24,SKU0180,40,171.0,22,79
2025-03-03,SKU0180,13,171.0,22,79
2025-03-10,SKU0180,162,0.0,22,79
2025-03-17,SKU0180,135,0.0,22,79
2025-03-24,SKU0180,104,0.0,22,79
2025-03-31,SKU0180,78,151.0,22,79
2025-04-07,SKU0180,52,151.0,22,79
2025-04-14,SKU0180,20,151.0,22,79
2025-04-21,SKU0180,0,151.0,22,79
2025-04-28,SKU0180,130,0.0,22,79
2025-05-05,SKU0180,103,0.0,22,79
2025-05-12,SKU0180,82,0.0,22,79
2025-05-19,SKU0180,51,173.0,22,79
2025-05-26,SKU0180,26,173.0,22,79
2025-06-02,SKU0180,3,173.0,22,79
2025-06-09,SKU0180,136,0.0,22,79
2025-06-16,SKU0180,107,0.0,22,79
2025-06-23,SKU0180,63,236.0,22,79
2025-06-30,SKU0180,25,236.0,22,79
2025-07-07,SKU0180,0,236.0,22,79
2025-07-14,SKU0180,231,0.0,22,79
2025-07-21,SKU0180,162,0.0,22,79
2025-07-28,SKU0180,131,0.0,22,79
2025-08-04,SKU0180,94,0.0,22,79
2025-08-11,SKU0180,58,218.0,22,79
2025-08-18,SKU0180,22,218.0,22,79
2025-08-25,SKU0180,0,,22,79
2025-09-01,SKU0180,202,0.0,22,79
2025-09-08,SKU0180,152,0.0,22,79
2025-09-15,SKU0180,98,0.0,22,79
2025-09-22,SKU0180,63,218.0,22,79
2025-09-29,SKU0180,30,218.0,22,79
2025-10-06,SKU0180,0,218.0,22,79
2025-10-13,SKU0180,203,0.0,22,79
2025-10-20,SKU0180,160,0.0,22,79
2025-10-27,SKU0180,124,0.0,22,79
2025-11-03,SKU0180,92,0.0,22,79
2025-11-10,SKU0180,51,198.0,22,79
2025-11-17,SKU0180,26,198.0,22,79
2025-11-24,SKU0180,0,198.0,22,79
2025-12-01,SKU0180,165,0.0,22,79
2025-12-08,SKU0180,121,0.0,22,79
2025-12-15,SKU0180,92,0.0,22,79
2025-12-22,SKU0180,45,338.0,22,79
2025-12-29,SKU0180,12,338.0,22,79
2025-03-17,SKU0181,51,1003.0,26,539
2025-03-24,SKU0181,0,1003.0,26,539
2025-03-31,SKU0181,0,1003.0,26,539
2025-04-07,SKU0181,0,1003.0,26,539
2025-04-14,SKU0181,792,0.0,26,539
2025-04-21,SKU0181,571,0.0,26,539
2025-04-28,SKU0181,350,1191.0,26,539
2025-05-05,SKU0181,132,1191.0,26,539
2025-05-12,SKU0181,0,1191.0,26,539
2025-05-19,SKU0181,1158,0.0,26,539
2025-05-26,SKU0181,927,0.0,26,539
2025-06-02,SKU0181,676,0.0,26,539
2025-06-09,SKU0181,402,1462.0,26,539
2025-06-16,SKU0181,146,1462.0,26,539
2025-06-23,SKU0181,0,1462.0,26,539
2025-06-30,SKU0181,0,1462.0,26,539
2025-07-07,SKU0181,1227,0.0,26,539
2025-07-14,SKU0181,981,0.0,26,539
2025-07-21,SKU0181,478,2918.0,26,539
2025-07-28,SKU0181,253,2918.0,26,539
2025-08-04,SKU0181,0,2918.0,26,539
2025-08-11,SKU0181,0,2918.0,26,539
2025-08-18,SKU0181,2815,0.0,26,539
2025-08-25,SKU0181,2599,0.0,26,539
2025-09-01,SKU0181,2360,0.0,26,539
2025-09-08,SKU0181,2026,0.0,26,539
2025-09-15,SKU0181,1764,0.0,26,539
2025-09-22,SKU0181,1588,0.0,26,539
2025-09-29,SKU0181,1417,0.0,26,539
2025-10-06,SKU0181,1215,0.0,26,539
2025-10-13,SKU0181,1066,0.0,26,539
2025-10-20,SKU0181,930,0.0,26,539
2025-10-27,SKU0181,804,0.0,26,539
2025-11-03,SKU0181,669,0.0,26,539
2025-11-10,SKU0181,547,0.0,26,539
2025-11-17,SKU0181,435,656.0,26,539
2025-11-24,SKU0181,340,656.0,26,539
2025-12-01,SKU0181,188,656.0,26,539
2025-12-08,SKU0181,758,0.0,26,539
2025-12-15,SKU0181,656,0.0,26,539
2025-12-22,SKU0181,479,1139.0,26,539
2025-12-29,SKU0181,395,1139.0,26,539
2024-01-01,SKU0182,148,0.0,16,132
2024-01-08,SKU0182,25,291.0,16,132
2024-01-15,SKU0182,0,291.0,16,132
2024-01-22,SKU0182,254,0.0,16,132
2024-01-29,SKU0182,161,0.0,16,132
2024-02-05,SKU0182,65,299.0,16,132
2024-02-12,SKU0182,0,299.0,16,132
2024-02-19,SKU0182,235,0.0,16,132
2024-02-26,SKU0182,140,0.0,16,132
2024-03-04,SKU0182,36,316.0,16,132
2024-03-11,SKU0182,0,316.0,16,132
2024-03-18,SKU0182,243,0.0,16,132
2024-03-25,SKU0182,134,0.0,16,132
2024-04-01,SKU0182,34,339.0,16,132
2024-04-08,SKU0182,0,339.0,16,132
2024-04-15,SKU0182,211,,16,132
2024-04-22,SKU0182,115,362.0,16,132
2024-04-29,SKU0182,13,362.0,16,132
2024-05-06,SKU0182,0,362.0,16,132
2024-05-13,SKU0182,271,0.0,16,132
2024-05-20,SKU0182,155,0.0,16,132
2024-05-27,SKU0182,49,381.0,16,132
2024-06-03,SKU0182,0,381.0,16,132
2024-06-10,SKU0182,305,0.0,16,132
2024-06-17,SKU0182,177,0.0,16,132
2024-06-24,SKU0182,69,391.0,16,132
2024-07-01,SKU0182,0,391.0,16,132
2024-07-08,SKU0182,359,0.0,16,132
2024-07-15,SKU0182,232,0.0,16,132
2024-07-22,SKU0182,57,701.0,16,132
2024-07-29,SKU0182,0,701.0,16,132
2024-08-05,SKU0182,663,0.0,16,132
2024-08-12,SKU0182,551,0.0,16,132
2024-08-19,SKU0182,441,0.0,16,132
2024-08-26,SKU0182,346,0.0,16,132
2024-09-02,SKU0182,233,0.0,16,132
2024-09-09,SKU0182,64,784.0,16,132
2024-09-16,SKU0182,0,784.0,16,132
2024-09-23,SKU0182,0,784.0,16,132
2024-09-30,SKU0182,687,0.0,16,132
2024-10-07,SKU0182,581,0.0,16,132
2024-10-14,SKU0182,485,0.0,16,132
2024-10-21,SKU0182,400,0.0,16,132
2024-10-28,SKU0182,292,0.0,16,132
2024-11-04,SKU0182,207,0.0,16,132
2024-11-11,SKU0182,121,305.0,16,132
2024-11-18,SKU0182,30,305.0,16,132
2024-11-25,SKU0182,0,305.0,16,132
2024-12-02,SKU0182,210,0.0,16,132
2024-12-09,SKU0182,112,356.0,16,132
2024-12-16,SKU0182,0,356.0,16,132
2024-12-23,SKU0182,0,356.0,16,132
2024-12-30,SKU0182,277,0.0,16,132
2025-01-06,SKU0182,162,0.0,16,132
2025-01-13,SKU0182,45,526.0,16,132
2025-01-20,SKU0182,0,526.0,16,132
2025-01-27,SKU0182,474,0.0,16,132
2025-02-03,SKU0182,377,0.0,16,132
2025-02-10,SKU0182,297,0.0,16,132
2025-02-17,SKU0182,202,0.0,16,132
2025-02-24,SKU0182,101,380.0,16,132
2025-03-03,SKU0182,1,380.0,16,132
2025-03-10,SKU0182,366,0.0,16,132
2025-03-17,SKU0182,260,0.0,16,132
2025-03-24,SKU0182,159,0.0,16,132
2025-03-31,SKU0182,57,338.0,16,132
2025-04-07,SKU0182,0,338.0,16,132
2025-04-14,SKU0182,222,0.0,16,132
2025-04-21,SKU0182,91,437.0,16,132
2025-04-28,SKU0182,0,437.0,16,132
2025-05-05,SKU0182,0,437.0,16,132
2025-05-12,SKU0182,311,0.0,16,132
2025-05-19,SKU0182,177,0.0,16,132
2025-05-26,SKU0182,71,381.0,16,132
2025-06-02,SKU0182,0,381.0,16,132
2025-06-09,SKU0182,354,0.0,16,132
2025-06-16,SKU0182,255,0.0,16,132
2025-06-23,SKU0182,145,0.0,16,132
2025-06-30,SKU0182,22,390.0,16,132
2025-07-07,SKU0182,0,390.0,16,132
2025-07-14,SKU0182,288,0.0,16,132
2025-07-21,SKU0182,84,850.0,16,132
2025-07-28,SKU0182,0,850.0,16,132
2025-08-04,SKU0182,0,850.0,16,132
2025-08-11,SKU0182,731,0.0,16,132
2025-08-18,SKU0182,605,0.0,16,132
2025-08-25,SKU0182,508,0.0,16,132
2025-09-01,SKU0182,398,0.0,16,132
2025-09-08,SKU0182,232,0.0,16,132
2025-09-15,SKU0182,116,427.0,16,132
2025-09-22,SKU0182,13,427.0,16,132
2025-09-29,SKU0182,0,427.0,16,132
2025-10-06,SKU0182,334,0.0,16,132
2025-10-13,SKU0182,233,0.0,16,132
2025-10-20,SKU0182,141,0.0,16,132
2025-10-27,SKU0182,36,320.0,16,132
2025-11-03,SKU0182,0,320.0,16,132
2025-11-10,SKU0182,264,0.0,16,132
2025-11-17,SKU0182,174,,16,132
2025-11-24,SKU0182,95,363.0,16,132
2025-12-01,SKU0182,0,363.0,16,132
2025-12-08,SKU0182,350,0.0,16,132
2025-12-15,SKU0182,235,0.0,16,132
2025-12-22,SKU0182,91,637.0,16,132
2025-12-29,SKU0182,0,637.0,16,132
2025-01-27,SKU0183,0,881.0,24,580
2025-02-03,SKU0183,0,881.0,24,580
2025-02-10,SKU0183,0,881.0,24,580
2025-02-17,SKU0183,0,881.0,24,580
2025-02-24,SKU0183,721,0.0,24,580
2025-03-03,SKU0183,560,750.0,24,580
2025-03-10,SKU0183,377,750.0,24,580
2025-03-17,SKU0183,206,750.0,24,580
2025-03-24,SKU0183,56,750.0,24,580
2025-03-31,SKU0183,621,0.0,24,580
2025-04-07,SKU0183,425,826.0,24,580
2025-04-14,SKU0183,164,826.0,24,580
2025-04-21,SKU0183,0,826.0,24,580
2025-04-28,SKU0183,715,0.0,24,580
2025-05-05,SKU0183,509,1153.0,24,580
2025-05-12,SKU0183,279,1153.0,24,580
2025-05-19,SKU0183,59,1153.0,24,580
2025-05-26,SKU0183,0,1153.0,24,580
2025-06-02,SKU0183,912,0.0,24,580
2025-06-09,SKU0183,669,0.0,24,580
2025-06-16,SKU0183,446,1007.0,24,580
2025-06-23,SKU0183,224,,24,580
2025-06-30,SKU0183,0,1007.0,24,580
2025-07-07,SKU0183,941,0.0,24,580
2025-07-14,SKU0183,696,0.0,24,580
2025-07-21,SKU0183,376,1502.0,24,580
2025-07-28,SKU0183,121,1502.0,24,580
2025-08-04,SKU0183,0,1502.0,24,580
2025-08-11,SKU0183,1421,0.0,24,580
2025-08-18,SKU0183,1194,0.0,24,580
2025-08-25,SKU0183,962,0.0,24,580
2025-09-01,SKU0183,725,0.0,24,580
2025-09-08,SKU0183,417,1414.0,24,580
2025-09-15,SKU0183,147,1414.0,24,580
2025-09-22,SKU0183,0,1414.0,24,580
2025-09-29,SKU0183,1385,0.0,24,580
2025-10-06,SKU0183,1149,0.0,24,580
2025-10-13,SKU0183,939,0.0,24,580
2025-10-20,SKU0183,750,0.0,24,580
2025-10-27,SKU0183,574,,24,580
2025-11-03,SKU0183,382,833.0,24,580
2025-11-10,SKU0183,197,833.0,24,580
2025-11-17,SKU0183,24,833.0,24,580
2025-11-24,SKU0183,696,0.0,24,580
2025-12-01,SKU0183,490,1254.0,24,580
2025-12-08,SKU0183,315,1254.0,24,580
2025-12-15,SKU0183,155,1254.0,24,580
2025-12-22,SKU0183,1230,0.0,24,580
2025-12-29,SKU0183,1056,0.0,24,580
2025-07-28,SKU0184,6,890.0,24,612
2025-08-04,SKU0184,0,890.0,24,612
2025-08-11,SKU0184,0,890.0,24,612
2025-08-18,SKU0184,0,890.0,24,612
2025-08-25,SKU0184,780,0.0,24,612
2025-09-01,SKU0184,628,0.0,24,612
2025-09-08,SKU0184,423,627.0,24,612
2025-09-15,SKU0184,271,627.0,24,612
2025-09-22,SKU0184,134,627.0,24,612
2025-09-29,SKU0184,623,,24,612
2025-10-06,SKU0184,506,579.0,24,612
2025-10-13,SKU0184,387,579.0,24,612
2025-10-20,SKU0184,272,579.0,24,612
2025-10-27,SKU0184,721,0.0,24,612
2025-11-03,SKU0184,617,0.0,24,612
2025-11-10,SKU0184,494,525.0,24,612
2025-11-17,SKU0184,383,525.0,24,612
2025-11-24,SKU0184,268,525.0,24,612
2025-12-01,SKU0184,636,0.0,24,612
2025-12-08,SKU0184,528,497.0,24,612
2025-12-15,SKU0184,400,497.0,24,612
2025-12-22,SKU0184,199,497.0,24,612
2025-12-29,SKU0184,610,492.0,24,612
2024-01-01,SKU0185,51,262.0,18,103
2024-01-08,SKU0185,0,262.0,18,103
2024-01-15,SKU0185,0,,18,103
2024-01-22,SKU0185,219,0.0,18,103
2024-01-29,SKU0185,148,0.0,18,103
2024-02-05,SKU0185,67,288.0,18,103
2024-02-12,SKU0185,0,288.0,18,103
2024-02-19,SKU0185,0,288.0,18,103
2024-02-26,SKU0185,195,0.0,18,103
2024-03-04,SKU0185,107,0.0,18,103
2024-03-11,SKU0185,10,349.0,18,103
2024-03-18,SKU0185,0,349.0,18,103
2024-03-25,SKU0185,304,0.0,18,103
2024-04-01,SKU0185,202,0.0,18,103
2024-04-08,SKU0185,93,397.0,18,103
2024-04-15,SKU0185,0,397.0,18,103
2024-04-22,SKU0185,0,,18,103
2024-04-29,SKU0185,330,0.0,18,103
2024-05-06,SKU0185,252,0.0,18,103
2024-05-13,SKU0185,155,0.0,18,103
2024-05-20,SKU0185,49,409.0,18,103
2024-05-27,SKU0185,0,409.0,18,103
2024-06-03,SKU0185,0,409.0,18,103
2024-06-10,SKU0185,310,0.0,18,103
2024-06-17,SKU0185,220,0.0,18,103
2024-06-24,SKU0185,114,0.0,18,103
2024-07-01,SKU0185,27,371.0,18,103
2024-07-08,SKU0185,0,371.0,18,103
2024-07-15,SKU0185,337,0.0,18,103
2024-07-22,SKU0185,166,0.0,18,103
2024-07-29,SKU0185,70,430.0,18,103
2024-08-05,SKU0185,0,430.0,18,103
2024-08-12,SKU0185,0,430.0,18,103
2024-08-19,SKU0185,374,0.0,18,103
2024-08-26,SKU0185,309,0.0,18,103
2024-09-02,SKU0185,246,0.0,18,103
2024-09-09,SKU0185,144,0.0,18,103
2024-09-16,SKU0185,78,225.0,18,103
2024-09-23,SKU0185,35,225.0,18,103
2024-09-30,SKU0185,0,225.0,18,103
2024-10-07,SKU0185,177,0.0,18,103
2024-10-14,SKU0185,126,0.0,18,103
2024-10-21,SKU0185,76,185.0,18,103
2024-10-28,SKU0185,34,185.0,18,103
2024-11-04,SKU0185,0,185.0,18,103
2024-11-11,SKU0185,146,0.0,18,103
2024-11-18,SKU0185,90,,18,103
2024-11-25,SKU0185,30,248.0,18,103
2024-12-02,SKU0185,0,248.0,18,103
2024-12-09,SKU0185,204,0.0,18,103
2024-12-16,SKU0185,132,0.0,18,103
2024-12-23,SKU0185,59,435.0,18,103
2024-12-30,SKU0185,3,435.0,18,103
2025-01-06,SKU0185,419,0.0,18,103
2025-01-13,SKU0185,343,0.0,18,103
2025-01-20,SKU0185,272,0.0,18,103
2025-01-27,SKU0185,197,0.0,18,103
2025-02-03,SKU0185,131,,18,103
2025-02-10,SKU0185,66,297.0,18,103
2025-02-17,SKU0185,0,297.0,18,103
2025-02-24,SKU0185,292,0.0,18,103
2025-03-03,SKU0185,206,0.0,18,103
2025-03-10,SKU0185,106,0.0,18,103
2025-03-17,SKU0185,0,359.0,18,103
2025-03-24,SKU0185,0,359.0,18,103
2025-03-31,SKU0185,307,0.0,18,103
2025-04-07,SKU0185,201,0.0,18,103
2025-04-14,SKU0185,14,1137.0,18,103
2025-04-21,SKU0185,0,1137.0,18,103
2025-04-28,SKU0185,0,1137.0,18,103
2025-05-05,SKU0185,1042,0.0,18,103
2025-05-12,SKU0185,966,0.0,18,103
2025-05-19,SKU0185,869,0.0,18,103
2025-05-26,SKU0185,756,0.0,18,103
2025-06-02,SKU0185,641,,18,103
2025-06-09,SKU0185,551,0.0,18,103
2025-06-16,SKU0185,463,0.0,18,103
2025-06-23,SKU0185,361,0.0,18,103
2025-06-30,SKU0185,255,0.0,18,103
2025-07-07,SKU0185,165,0.0,18,103
2025-07-14,SKU0185,84,472.0,18,103
2025-07-21,SKU0185,0,472.0,18,103
2025-07-28,SKU0185,0,472.0,18,103
2025-08-04,SKU0185,400,0.0,18,103
2025-08-11,SKU0185,315,0.0,18,103
2025-08-18,SKU0185,238,0.0,18,103
2025-08-25,SKU0185,179,0.0,18,103
2025-09-01,SKU0185,119,0.0,18,103
2025-09-08,SKU0185,12,240.0,18,103
2025-09-15,SKU0185,0,240.0,18,103
2025-09-22,SKU0185,232,,18,103
2025-09-29,SKU0185,180,0.0,18,103
2025-10-06,SKU0185,138,0.0,18,103
2025-10-13,SKU0185,90,260.0,18,103
2025-10-20,SKU0185,40,260.0,18,103
2025-10-27,SKU0185,0,260.0,18,103
2025-11-03,SKU0185,230,0.0,18,103
2025-11-10,SKU0185,187,0.0,18,103
2025-11-17,SKU0185,129,0.0,18,103
2025-11-24,SKU0185,82,252.0,18,103
2025-12-01,SKU0185,15,252.0,18,103
2025-12-08,SKU0185,0,252.0,18,103
2025-12-15,SKU0185,196,0.0,18,103
2025-12-22,SKU0185,96,604.0,18,103
2025-12-29,SKU0185,45,604.0,18,103
2024-01-01,SKU0186,0,1345.0,13,532
2024-01-08,SKU0186,0,1345.0,13,532
2024-01-15,SKU0186,1210,0.0,13,532
2024-01-22,SKU0186,859,0.0,13,532
2024-01-29,SKU0186,513,1273.0,13,532
2024-02-05,SKU0186,152,1273.0,13,532
2024-02-12,SKU0186,1181,0.0,13,532
2024-02-19,SKU0186,807,0.0,13,532
2024-02-26,SKU0186,431,1438.0,13,532
2024-03-04,SKU0186,85,1438.0,13,532
2024-03-11,SKU0186,1282,0.0,13,532
2024-03-18,SKU0186,949,0.0,13,532
2024-03-25,SKU0186,639,0.0,13,532
2024-04-01,SKU0186,278,1175.0,13,532
2024-04-08,SKU0186,0,1175.0,13,532
2024-04-15,SKU0186,645,0.0,13,532
2024-04-22,SKU0186,338,1049.0,13,532
2024-04-29,SKU0186,57,1049.0,13,532
2024-05-06,SKU0186,828,0.0,13,532
2024-05-13,SKU0186,568,0.0,13,532
2024-05-20,SKU0186,330,852.0,13,532
2024-05-27,SKU0186,93,852.0,13,532
2024-06-03,SKU0186,734,0.0,13,532
2024-06-10,SKU0186,538,0.0,13,532
2024-06-17,SKU0186,374,655.0,13,532
2024-06-24,SKU0186,858,,13,532
2024-07-01,SKU0186,716,0.0,13,532
2024-07-08,SKU0186,541,0.0,13,532
2024-07-15,SKU0186,397,495.0,13,532
2024-07-22,SKU0186,648,0.0,13,532
2024-07-29,SKU0186,515,429.0,13,532
2024-08-05,SKU0186,388,429.0,13,532
2024-08-12,SKU0186,691,0.0,13,532
2024-08-19,SKU0186,609,0.0,13,532
2024-08-26,SKU0186,490,469.0,13,532
2024-09-02,SKU0186,355,469.0,13,532
2024-09-09,SKU0186,587,0.0,13,532
2024-09-16,SKU0186,427,461.0,13,532
2024-09-23,SKU0186,279,461.0,13,532
2024-09-30,SKU0186,596,0.0,13,532
2024-10-07,SKU0186,434,569.0,13,532
2024-10-14,SKU0186,258,569.0,13,532
2024-10-21,SKU0186,620,0.0,13,532
2024-10-28,SKU0186,423,706.0,13,532
2024-11-04,SKU0186,217,706.0,13,532
2024-11-11,SKU0186,682,0.0,13,532
2024-11-18,SKU0186,433,977.0,13,532
2024-11-25,SKU0186,141,977.0,13,532
2024-12-02,SKU0186,794,0.0,13,532
2024-12-09,SKU0186,497,1158.0,13,532
2024-12-16,SKU0186,100,1158.0,13,532
2024-12-23,SKU0186,1042,0.0,13,532
2024-12-30,SKU0186,731,0.0,13,532
2025-01-06,SKU0186,275,1339.0,13,532
2025-01-13,SKU0186,0,1339.0,13,532
2025-01-20,SKU0186,1128,0.0,13,532
2025-01-27,SKU0186,749,0.0,13,532
2025-02-03,SKU0186,354,1283.0,13,532
2025-02-10,SKU0186,8,1283.0,13,532
2025-02-17,SKU0186,1003,0.0,13,532
2025-02-24,SKU0186,609,0.0,13,532
2025-03-03,SKU0186,228,1283.0,13,532
2025-03-10,SKU0186,0,1283.0,13,532
2025-03-17,SKU0186,917,0.0,13,532
2025-03-24,SKU0186,585,0.0,13,532
2025-03-31,SKU0186,254,1189.0,13,532
2025-04-07,SKU0186,0,1189.0,13,532
2025-04-14,SKU0186,599,0.0,13,532
2025-04-21,SKU0186,251,2210.0,13,532
2025-04-28,SKU0186,2201,0.0,13,532
2025-05-05,SKU0186,1925,0.0,13,532
2025-05-12,SKU0186,1658,,13,532
2025-05-19,SKU0186,1407,0.0,13,532
2025-05-26,SKU0186,1176,0.0,13,532
2025-06-02,SKU0186,956,0.0,13,532
2025-06-09,SKU0186,740,0.0,13,532
2025-06-16,SKU0186,546,0.0,13,532
2025-06-23,SKU0186,367,619.0,13,532
2025-06-30,SKU0186,788,,13,532
2025-07-07,SKU0186,646,0.0,13,532
2025-07-14,SKU0186,514,478.0,13,532
2025-07-21,SKU0186,217,478.0,13,532
2025-07-28,SKU0186,560,0.0,13,532
2025-08-04,SKU0186,444,431.0,13,532
2025-08-11,SKU0186,310,431.0,13,532
2025-08-18,SKU0186,625,0.0,13,532
2025-08-25,SKU0186,498,473.0,13,532
2025-09-01,SKU0186,379,473.0,13,532
2025-09-08,SKU0186,642,0.0,13,532
2025-09-15,SKU0186,479,530.0,13,532
2025-09-22,SKU0186,338,530.0,13,532
2025-09-29,SKU0186,717,0.0,13,532
2025-10-06,SKU0186,553,0.0,13,532
2025-10-13,SKU0186,349,591.0,13,532
2025-10-20,SKU0186,761,0.0,13,532
2025-10-27,SKU0186,561,0.0,13,532
2025-11-03,SKU0186,357,740.0,13,532
2025-11-10,SKU0186,115,740.0,13,532
2025-11-17,SKU0186,614,0.0,13,532
2025-11-24,SKU0186,366,905.0,13,532
2025-12-01,SKU0186,0,905.0,13,532
2025-12-08,SKU0186,625,0.0,13,532
2025-12-15,SKU0186,259,1057.0,13,532
2025-12-22,SKU0186,0,1057.0,13,532
2025-12-29,SKU0186,787,0.0,13,532
2024-01-01,SKU0187,171,336.0,29,291
2024-01-08,SKU0187,111,336.0,29,291
2024-01-15,SKU0187,58,336.0,29,291
2024-01-22,SKU0187,8,336.0,29,291
2024-01-29,SKU0187,0,336.0,29,291
2024-02-05,SKU0187,288,345.0,29,291
2024-02-12,SKU0187,228,345.0,29,291
2024-02-19,SKU0187,162,345.0,29,291
2024-02-26,SKU0187,93,345.0,29,291
2024-03-04,SKU0187,16,345.0,29,291
2024-03-11,SKU0187,291,443.0,29,291
2024-03-18,SKU0187,217,443.0,29,291
2024-03-25,SKU0187,131,443.0,29,291
2024-04-01,SKU0187,58,443.0,29,291
2024-04-08,SKU0187,0,443.0,29,291
2024-04-15,SKU0187,304,0.0,29,291
2024-04-22,SKU0187,218,557.0,29,291
2024-04-29,SKU0187,120,557.0,29,291
2024-05-06,SKU0187,12,557.0,29,291
2024-05-13,SKU0187,0,557.0,29,291
2024-05-20,SKU0187,466,0.0,29,291
2024-05-27,SKU0187,357,0.0,29,291
2024-06-03,SKU0187,225,685.0,29,291
2024-06-10,SKU0187,99,685.0,29,291
2024-06-17,SKU0187,0,685.0,29,291
2024-06-24,SKU0187,0,685.0,29,291
2024-07-01,SKU0187,658,0.0,29,291
2024-07-08,SKU0187,541,0.0,29,291
2024-07-15,SKU0187,411,0.0,29,291
2024-07-22,SKU0187,258,670.0,29,291
2024-07-29,SKU0187,159,670.0,29,291
2024-08-05,SKU0187,67,670.0,29,291
2024-08-12,SKU0187,0,670.0,29,291
2024-08-19,SKU0187,661,0.0,29,291
2024-08-26,SKU0187,578,0.0,29,291
2024-09-02,SKU0187,483,0.0,29,291
2024-09-09,SKU0187,346,0.0,29,291
2024-09-16,SKU0187,264,521.0,29,291
2024-09-23,SKU0187,184,521.0,29,291
2024-09-30,SKU0187,106,521.0,29,291
2024-10-07,SKU0187,29,521.0,29,291
2024-10-14,SKU0187,502,0.0,29,291
2024-10-21,SKU0187,435,0.0,29,291
2024-10-28,SKU0187,378,0.0,29,291
2024-11-04,SKU0187,320,0.0,29,291
2024-11-11,SKU0187,273,356.0,29,291
2024-11-18,SKU0187,215,356.0,29,291
2024-11-25,SKU0187,162,356.0,29,291
2024-12-02,SKU0187,104,356.0,29,291
2024-12-09,SKU0187,403,0.0,29,291
2024-12-16,SKU0187,337,0.0,29,291
2024-12-23,SKU0187,261,491.0,29,291
2024-12-30,SKU0187,208,491.0,29,291
2025-01-06,SKU0187,143,491.0,29,291
2025-01-13,SKU0187,77,491.0,29,291
2025-01-20,SKU0187,508,0.0,29,291
2025-01-27,SKU0187,453,0.0,29,291
2025-02-03,SKU0187,397,0.0,29,291
2025-02-10,SKU0187,343,0.0,29,291
2025-02-17,SKU0187,272,402.0,29,291
2025-02-24,SKU0187,220,402.0,29,291
2025-03-03,SKU0187,158,402.0,29,291
2025-03-10,SKU0187,92,402.0,29,291
2025-03-17,SKU0187,424,0.0,29,291
2025-03-24,SKU0187,343,0.0,29,291
2025-03-31,SKU0187,257,534.0,29,291
2025-04-07,SKU0187,165,534.0,29,291
2025-04-14,SKU0187,23,534.0,29,291
2025-04-21,SKU0187,0,534.0,29,291
2025-04-28,SKU0187,507,0.0,29,291
2025-05-05,SKU0187,406,0.0,29,291
2025-05-12,SKU0187,286,624.0,29,291
2025-05-19,SKU0187,174,624.0,29,291
2025-05-26,SKU0187,84,624.0,29,291
2025-06-02,SKU0187,0,624.0,29,291
2025-06-09,SKU0187,0,624.0,29,291
2025-06-16,SKU0187,540,0.0,29,291
2025-06-23,SKU0187,428,0.0,29,291
2025-06-30,SKU0187,331,0.0,29,291
2025-07-07,SKU0187,204,661.0,29,291
2025-07-14,SKU0187,101,661.0,29,291
2025-07-21,SKU0187,0,661.0,29,291
2025-07-28,SKU0187,0,661.0,29,291
2025-08-04,SKU0187,577,0.0,29,291
2025-08-11,SKU0187,468,0.0,29,291
2025-08-18,SKU0187,361,0.0,29,291
2025-08-25,SKU0187,271,594.0,29,291
2025-09-01,SKU0187,175,594.0,29,291
2025-09-08,SKU0187,60,594.0,29,291
2025-09-15,SKU0187,0,594.0,29,291
2025-09-22,SKU0187,577,0.0,29,291
2025-09-29,SKU0187,496,0.0,29,291
2025-10-06,SKU0187,420,0.0,29,291
2025-10-13,SKU0187,353,0.0,29,291
2025-10-20,SKU0187,282,416.0,29,291
2025-10-27,SKU0187,210,416.0,29,291
2025-11-03,SKU0187,157,416.0,29,291
2025-11-10,SKU0187,102,416.0,29,291
2025-11-17,SKU0187,455,0.0,29,291
2025-11-24,SKU0187,410,0.0,29,291
2025-12-01,SKU0187,338,0.0,29,291
2025-12-08,SKU0187,294,,29,291
2025-12-15,SKU0187,240,303.0,29,291
2025-12-22,SKU0187,157,303.0,29,291
2025-12-29,SKU0187,111,303.0,29,291
2024-01-01,SKU0188,113,201.0,14,164
2024-01-08,SKU0188,53,201.0,14,164
2024-01-15,SKU0188,203,0.0,14,164
2024-01-22,SKU0188,144,253.0,14,164
2024-01-29,SKU0188,69,253.0,14,164
2024-02-05,SKU0188,253,0.0,14,164
2024-02-12,SKU0188,201,0.0,14,164
2024-02-19,SKU0188,125,258.0,14,164
2024-02-26,SKU0188,63,258.0,14,164
2024-03-04,SKU0188,249,0.0,14,164
2024-03-11,SKU0188,164,307.0,14,164
2024-03-18,SKU0188,88,307.0,14,164
2024-03-25,SKU0188,309,0.0,14,164
2024-04-01,SKU0188,222,0.0,14,164
2024-04-08,SKU0188,116,435.0,14,164
2024-04-15,SKU0188,2,435.0,14,164
2024-04-22,SKU0188,389,0.0,14,164
2024-04-29,SKU0188,283,0.0,14,164
2024-05-06,SKU0188,179,0.0,14,164
2024-05-13,SKU0188,82,383.0,14,164
2024-05-20,SKU0188,0,383.0,14,164
2024-05-27,SKU0188,272,0.0,14,164
2024-06-03,SKU0188,168,0.0,14,164
2024-06-10,SKU0188,50,383.0,14,164
2024-06-17,SKU0188,0,383.0,14,164
2024-06-24,SKU0188,274,0.0,14,164
2024-07-01,SKU0188,174,0.0,14,164
2024-07-08,SKU0188,72,356.0,14,164
2024-07-15,SKU0188,0,356.0,14,164
2024-07-22,SKU0188,253,0.0,14,164
2024-07-29,SKU0188,166,0.0,14,164
2024-08-05,SKU0188,78,310.0,14,164
2024-08-12,SKU0188,0,310.0,14,164
2024-08-19,SKU0188,245,0.0,14,164
2024-08-26,SKU0188,164,255.0,14,164
2024-09-02,SKU0188,94,255.0,14,164
2024-09-09,SKU0188,277,0.0,14,164
2024-09-16,SKU0188,218,0.0,14,164
2024-09-23,SKU0188,162,201.0,14,164
2024-09-30,SKU0188,107,201.0,14,164
2024-10-07,SKU0188,270,0.0,14,164
2024-10-14,SKU0188,227,0.0,14,164
2024-10-21,SKU0188,176,,14,164
2024-10-28,SKU0188,130,160.0,14,164
2024-11-04,SKU0188,85,160.0,14,164
2024-11-11,SKU0188,197,0.0,14,164
2024-11-18,SKU0188,153,183.0,14,164
2024-11-25,SKU0188,100,183.0,14,164
2024-12-02,SKU0188,241,0.0,14,164
2024-12-09,SKU0188,199,0.0,14,164
2024-12-16,SKU0188,162,212.0,14,164
2024-12-23,SKU0188,109,212.0,14,164
2024-12-30,SKU0188,261,0.0,14,164
2025-01-06,SKU0188,207,0.0,14,164
2025-01-13,SKU0188,144,240.0,14,164
2025-01-20,SKU0188,85,240.0,14,164
2025-01-27,SKU0188,254,0.0,14,164
2025-02-03,SKU0188,189,0.0,14,164
2025-02-10,SKU0188,115,242.0,14,164
2025-02-17,SKU0188,32,242.0,14,164
2025-02-24,SKU0188,204,0.0,14,164
2025-03-03,SKU0188,122,288.0,14,164
2025-03-10,SKU0188,32,288.0,14,164
2025-03-17,SKU0188,243,0.0,14,164
2025-03-24,SKU0188,151,410.0,14,164
2025-03-31,SKU0188,65,410.0,14,164
2025-04-07,SKU0188,388,0.0,14,164
2025-04-14,SKU0188,275,0.0,14,164
2025-04-21,SKU0188,181,0.0,14,164
2025-04-28,SKU0188,71,375.0,14,164
2025-05-05,SKU0188,0,375.0,14,164
2025-05-12,SKU0188,293,0.0,14,164
2025-05-19,SKU0188,199,0.0,14,164
2025-05-26,SKU0188,95,389.0,14,164
2025-06-02,SKU0188,0,389.0,14,164
2025-06-09,SKU0188,315,0.0,14,164
2025-06-16,SKU0188,193,0.0,14,164
2025-06-23,SKU0188,81,376.0,14,164
2025-06-30,SKU0188,0,376.0,14,164
2025-07-07,SKU0188,282,0.0,14,164
2025-07-14,SKU0188,189,0.0,14,164
2025-07-21,SKU0188,58,447.0,14,164
2025-07-28,SKU0188,0,447.0,14,164
2025-08-04,SKU0188,368,0.0,14,164
2025-08-11,SKU0188,286,0.0,14,164
2025-08-18,SKU0188,204,0.0,14,164
2025-08-25,SKU0188,137,326.0,14,164
2025-09-01,SKU0188,56,326.0,14,164
2025-09-08,SKU0188,300,0.0,14,164
2025-09-15,SKU0188,215,0.0,14,164
2025-09-22,SKU0188,155,257.0,14,164
2025-09-29,SKU0188,106,257.0,14,164
2025-10-06,SKU0188,311,0.0,14,164
2025-10-13,SKU0188,253,0.0,14,164
2025-10-20,SKU0188,207,0.0,14,164
2025-10-27,SKU0188,164,160.0,14,164
2025-11-03,SKU0188,125,160.0,14,164
2025-11-10,SKU0188,247,0.0,14,164
2025-11-17,SKU0188,210,0.0,14,164
2025-11-24,SKU0188,163,151.0,14,164
2025-12-01,SKU0188,117,151.0,14,164
2025-12-08,SKU0188,227,0.0,14,164
2025-12-15,SKU0188,181,0.0,14,164
2025-12-22,SKU0188,118,217.0,14,164
2025-12-29,SKU0188,73,217.0,14,164
2024-01-01,SKU0189,118,750.0,26,393
2024-01-08,SKU0189,0,,26,393
2024-01-15,SKU0189,0,750.0,26,393
2024-01-22,SKU0189,0,750.0,26,393
2024-01-29,SKU0189,711,0.0,26,393
2024-02-05,SKU0189,615,0.0,26,393
2024-02-12,SKU0189,510,0.0,26,393
2024-02-19,SKU0189,408,0.0,26,393
2024-02-26,SKU0189,308,688.0,26,393
2024-03-04,SKU0189,216,688.0,26,393
2024-03-11,SKU0189,89,688.0,26,393
2024-03-18,SKU0189,665,0.0,26,393
2024-03-25,SKU0189,545,,26,393
2024-04-01,SKU0189,435,0.0,26,393
2024-04-08,SKU0189,311,812.0,26,393
2024-04-15,SKU0189,107,812.0,26,393
2024-04-22,SKU0189,0,812.0,26,393
2024-04-29,SKU0189,0,812.0,26,393
2024-05-06,SKU0189,673,0.0,26,393
2024-05-13,SKU0189,556,0.0,26,393
2024-05-20,SKU0189,441,0.0,26,393
2024-05-27,SKU0189,311,967.0,26,393
2024-06-03,SKU0189,157,967.0,26,393
2024-06-10,SKU0189,0,967.0,26,393
2024-06-17,SKU0189,0,967.0,26,393
2024-06-24,SKU0189,830,0.0,26,393
2024-07-01,SKU0189,683,0.0,26,393
2024-07-08,SKU0189,537,0.0,26,393
2024-07-15,SKU0189,368,2184.0,26,393
2024-07-22,SKU0189,97,2184.0,26,393
2024-07-29,SKU0189,0,,26,393
2024-08-05,SKU0189,0,2184.0,26,393
2024-08-12,SKU0189,2136,0.0,26,393
2024-08-19,SKU0189,1978,0.0,26,393
2024-08-26,SKU0189,1845,0.0,26,393
2024-09-02,SKU0189,1699,0.0,26,393
2024-09-09,SKU0189,1455,0.0,26,393
2024-09-16,SKU0189,1311,0.0,26,393
2024-09-23,SKU0189,1168,0.0,26,393
2024-09-30,SKU0189,1012,0.0,26,393
2024-10-07,SKU0189,892,0.0,26,393
2024-10-14,SKU0189,786,0.0,26,393
2024-10-21,SKU0189,686,0.0,26,393
2024-10-28,SKU0189,548,0.0,26,393
2024-11-04,SKU0189,455,0.0,26,393
2024-11-11,SKU0189,353,756.0,26,393
2024-11-18,SKU0189,246,756.0,26,393
2024-11-25,SKU0189,118,756.0,26,393
2024-12-02,SKU0189,0,756.0,26,393
2024-12-09,SKU0189,680,0.0,26,393
2024-12-16,SKU0189,565,0.0,26,393
2024-12-23,SKU0189,409,0.0,26,393
2024-12-30,SKU0189,303,655.0,26,393
2025-01-06,SKU0189,187,655.0,26,393
2025-01-13,SKU0189,61,655.0,26,393
2025-01-20,SKU0189,627,0.0,26,393
2025-01-27,SKU0189,540,0.0,26,393
2025-02-03,SKU0189,456,0.0,26,393
2025-02-10,SKU0189,342,664.0,26,393
2025-02-17,SKU0189,250,664.0,26,393
2025-02-24,SKU0189,159,664.0,26,393
2025-03-03,SKU0189,63,664.0,26,393
2025-03-10,SKU0189,625,0.0,26,393
2025-03-17,SKU0189,522,0.0,26,393
2025-03-24,SKU0189,410,,26,393
2025-03-31,SKU0189,304,776.0,26,393
2025-04-07,SKU0189,166,776.0,26,393
2025-04-14,SKU0189,0,776.0,26,393
2025-04-21,SKU0189,737,0.0,26,393
2025-04-28,SKU0189,611,0.0,26,393
2025-05-05,SKU0189,479,0.0,26,393
2025-05-12,SKU0189,357,1003.0,26,393
2025-05-19,SKU0189,208,1003.0,26,393
2025-05-26,SKU0189,88,1003.0,26,393
2025-06-02,SKU0189,0,1003.0,26,393
2025-06-09,SKU0189,930,,26,393
2025-06-16,SKU0189,776,0.0,26,393
2025-06-23,SKU0189,651,0.0,26,393
2025-06-30,SKU0189,502,0.0,26,393
2025-07-07,SKU0189,341,1119.0,26,393
2025-07-14,SKU0189,190,1119.0,26,393
2025-07-21,SKU0189,0,1119.0,26,393
2025-07-28,SKU0189,0,1119.0,26,393
2025-08-04,SKU0189,1004,0.0,26,393
2025-08-11,SKU0189,863,0.0,26,393
2025-08-18,SKU0189,724,0.0,26,393
2025-08-25,SKU0189,578,0.0,26,393
2025-09-01,SKU0189,450,0.0,26,393
2025-09-08,SKU0189,212,961.0,26,393
2025-09-15,SKU0189,18,961.0,26,393
2025-09-22,SKU0189,0,961.0,26,393
2025-09-29,SKU0189,0,961.0,26,393
2025-10-06,SKU0189,825,0.0,26,393
2025-10-13,SKU0189,691,0.0,26,393
2025-10-20,SKU0189,573,0.0,26,393
2025-10-27,SKU0189,440,0.0,26,393
2025-11-03,SKU0189,301,782.0,26,393
2025-11-10,SKU0189,193,782.0,26,393
2025-11-17,SKU0189,86,782.0,26,393
2025-11-24,SKU0189,0,782.0,26,393
2025-12-01,SKU0189,625,0.0,26,393
2025-12-08,SKU0189,509,0.0,26,393
2025-12-15,SKU0189,399,0.0,26,393
2025-12-22,SKU0189,214,1394.0,26,393
2025-12-29,SKU0189,138,1394.0,26,393
2024-01-01,SKU0190,4,1153.0,28,488
2024-01-08,SKU0190,0,1153.0,28,488
2024-01-15,SKU0190,0,1153.0,28,488
2024-01-22,SKU0190,0,1153.0,28,488
2024-01-29,SKU0190,1124,0.0,28,488
2024-02-05,SKU0190,960,0.0,28,488
2024-02-12,SKU0190,795,0.0,28,488
2024-02-19,SKU0190,641,0.0,28,488
2024-02-26,SKU0190,489,0.0,28,488
2024-03-04,SKU0190,317,713.0,28,488
2024-03-11,SKU0190,168,713.0,28,488
2024-03-18,SKU0190,21,713.0,28,488
2024-03-25,SKU0190,0,713.0,28,488
2024-04-01,SKU0190,578,0.0,28,488
2024-04-08,SKU0190,425,909.0,28,488
2024-04-15,SKU0190,236,909.0,28,488
2024-04-22,SKU0190,86,909.0,28,488
2024-04-29,SKU0190,0,909.0,28,488
2024-05-06,SKU0190,822,0.0,28,488
2024-05-13,SKU0190,640,0.0,28,488
2024-05-20,SKU0190,476,860.0,28,488
2024-05-27,SKU0190,284,860.0,28,488
2024-06-03,SKU0190,91,860.0,28,488
2024-06-10,SKU0190,0,860.0,28,488
2024-06-17,SKU0190,843,0.0,28,488
2024-06-24,SKU0190,603,0.0,28,488
2024-07-01,SKU0190,363,1110.0,28,488
2024-07-08,SKU0190,96,1110.0,28,488
2024-07-15,SKU0190,0,1110.0,28,488
2024-07-22,SKU0190,0,1110.0,28,488
2024-07-29,SKU0190,951,0.0,28,488
2024-08-05,SKU0190,674,0.0,28,488
2024-08-12,SKU0190,380,1788.0,28,488
2024-08-19,SKU0190,75,1788.0,28,488
2024-08-26,SKU0190,0,1788.0,28,488
2024-09-02,SKU0190,0,1788.0,28,488
2024-09-09,SKU0190,1587,0.0,28,488
2024-09-16,SKU0190,1293,0.0,28,488
2024-09-23,SKU0190,1004,0.0,28,488
2024-09-30,SKU0190,723,0.0,28,488
2024-10-07,SKU0190,448,1902.0,28,488
2024-10-14,SKU0190,155,1902.0,28,488
2024-10-21,SKU0190,0,1902.0,28,488
2024-10-28,SKU0190,0,1902.0,28,488
2024-11-04,SKU0190,1818,0.0,28,488
2024-11-11,SKU0190,1536,0.0,28,488
2024-11-18,SKU0190,1274,0.0,28,488
2024-11-25,SKU0190,1003,0.0,28,488
2024-12-02,SKU0190,697,0.0,28,488
2024-12-09,SKU0190,457,1155.0,28,488
2024-12-16,SKU0190,213,1155.0,28,488
2024-12-23,SKU0190,0,1155.0,28,488
2024-12-30,SKU0190,0,1155.0,28,488
2025-01-06,SKU0190,1131,0.0,28,488
2025-01-13,SKU0190,890,0.0,28,488
2025-01-20,SKU0190,681,0.0,28,488
2025-01-27,SKU0190,494,0.0,28,488
2025-02-03,SKU0190,327,840.0,28,488
2025-02-10,SKU0190,161,840.0,28,488
2025-02-17,SKU0190,20,840.0,28,488
2025-02-24,SKU0190,0,840.0,28,488
2025-03-03,SKU0190,684,0.0,28,488
2025-03-10,SKU0190,539,0.0,28,488
2025-03-17,SKU0190,399,692.0,28,488
2025-03-24,SKU0190,273,692.0,28,488
2025-03-31,SKU0190,125,692.0,28,488
2025-04-07,SKU0190,0,692.0,28,488
2025-04-14,SKU0190,555,0.0,28,488
2025-04-21,SKU0190,392,723.0,28,488
2025-04-28,SKU0190,239,723.0,28,488
2025-05-05,SKU0190,101,723.0,28,488
2025-05-12,SKU0190,0,723.0,28,488
2025-05-19,SKU0190,577,,28,488
2025-05-26,SKU0190,398,1171.0,28,488
2025-06-02,SKU0190,220,1171.0,28,488
2025-06-09,SKU0190,9,,28,488
2025-06-16,SKU0190,0,1171.0,28,488
2025-06-23,SKU0190,1083,0.0,28,488
2025-06-30,SKU0190,842,0.0,28,488
2025-07-07,SKU0190,603,0.0,28,488
2025-07-14,SKU0190,351,1202.0,28,488
2025-07-21,SKU0190,0,1202.0,28,488
2025-07-28,SKU0190,0,1202.0,28,488
2025-08-04,SKU0190,0,1202.0,28,488
2025-08-11,SKU0190,1037,0.0,28,488
2025-08-18,SKU0190,745,0.0,28,488
2025-08-25,SKU0190,471,1424.0,28,488
2025-09-01,SKU0190,196,1424.0,28,488
2025-09-08,SKU0190,0,1424.0,28,488
2025-09-15,SKU0190,0,,28,488
2025-09-22,SKU0190,1385,0.0,28,488
2025-09-29,SKU0190,1044,0.0,28,488
2025-10-06,SKU0190,768,0.0,28,488
2025-10-13,SKU0190,476,1440.0,28,488
2025-10-20,SKU0190,189,1440.0,28,488
2025-10-27,SKU0190,0,1440.0,28,488
2025-11-03,SKU0190,0,1440.0,28,488
2025-11-10,SKU0190,1408,0.0,28,488
2025-11-17,SKU0190,1128,0.0,28,488
2025-11-24,SKU0190,853,0.0,28,488
2025-12-01,SKU0190,542,0.0,28,488
2025-12-08,SKU0190,282,1201.0,28,488
2025-12-15,SKU0190,36,1201.0,28,488
2025-12-22,SKU0190,0,1201.0,28,488
2025-12-29,SKU0190,0,1201.0,28,488
2024-01-01,SKU0191,111,290.0,11,275
2024-01-08,SKU0191,14,290.0,11,275
2024-01-15,SKU0191,236,224.0,11,275
2024-01-22,SKU0191,146,224.0,11,275
2024-01-29,SKU0191,293,0.0,11,275
2024-02-05,SKU0191,213,192.0,11,275
2024-02-12,SKU0191,343,0.0,11,275
2024-02-19,SKU0191,284,0.0,11,275
2024-02-26,SKU0191,204,183.0,11,275
2024-03-04,SKU0191,312,0.0,11,275
2024-03-11,SKU0191,230,196.0,11,275
2024-03-18,SKU0191,144,196.0,11,275
2024-03-25,SKU0191,258,286.0,11,275
2024-04-01,SKU0191,173,286.0,11,275
2024-04-08,SKU0191,353,0.0,11,275
2024-04-15,SKU0191,223,470.0,11,275
2024-04-22,SKU0191,115,470.0,11,275
2024-04-29,SKU0191,456,0.0,11,275
2024-05-06,SKU0191,311,0.0,11,275
2024-05-13,SKU0191,157,368.0,11,275
2024-05-20,SKU0191,376,0.0,11,275
2024-05-27,SKU0191,209,551.0,11,275
2024-06-03,SKU0191,45,551.0,11,275
2024-06-10,SKU0191,407,0.0,11,275
2024-06-17,SKU0191,201,649.0,11,275
2024-06-24,SKU0191,1,649.0,11,275
2024-07-01,SKU0191,459,0.0,11,275
2024-07-08,SKU0191,232,733.0,11,275
2024-07-15,SKU0191,0,733.0,11,275
2024-07-22,SKU0191,510,0.0,11,275
2024-07-29,SKU0191,274,619.0,11,275
2024-08-05,SKU0191,23,619.0,11,275
2024-08-12,SKU0191,478,0.0,11,275
2024-08-19,SKU0191,226,802.0,11,275
2024-08-26,SKU0191,6,802.0,11,275
2024-09-02,SKU0191,642,0.0,11,275
2024-09-09,SKU0191,355,0.0,11,275
2024-09-16,SKU0191,128,609.0,11,275
2024-09-23,SKU0191,572,0.0,11,275
2024-09-30,SKU0191,330,0.0,11,275
2024-10-07,SKU0191,116,565.0,11,275
2024-10-14,SKU0191,501,0.0,11,275
2024-10-21,SKU0191,322,0.0,11,275
2024-10-28,SKU0191,165,495.0,11,275
2024-11-04,SKU0191,504,0.0,11,275
2024-11-11,SKU0191,329,0.0,11,275
2024-11-18,SKU0191,178,416.0,11,275
2024-11-25,SKU0191,438,0.0,11,275
2024-12-02,SKU0191,274,347.0,11,275
2024-12-09,SKU0191,161,347.0,11,275
2024-12-16,SKU0191,369,0.0,11,275
2024-12-23,SKU0191,222,375.0,11,275
2024-12-30,SKU0191,120,375.0,11,275
2025-01-06,SKU0191,381,0.0,11,275
2025-01-13,SKU0191,274,218.0,11,275
2025-01-20,SKU0191,202,218.0,11,275
2025-01-27,SKU0191,342,0.0,11,275
2025-02-03,SKU0191,272,187.0,11,275
2025-02-10,SKU0191,198,187.0,11,275
2025-02-17,SKU0191,324,0.0,11,275
2025-02-24,SKU0191,243,232.0,11,275
2025-03-03,SKU0191,175,232.0,11,275
2025-03-10,SKU0191,333,0.0,11,275
2025-03-17,SKU0191,252,263.0,11,275
2025-03-24,SKU0191,155,263.0,11,275
2025-03-31,SKU0191,314,0.0,11,275
2025-04-07,SKU0191,219,251.0,11,275
2025-04-14,SKU0191,91,251.0,11,275
2025-04-21,SKU0191,220,294.0,11,275
2025-04-28,SKU0191,96,294.0,11,275
2025-05-05,SKU0191,231,447.0,11,275
2025-05-12,SKU0191,92,447.0,11,275
2025-05-19,SKU0191,397,0.0,11,275
2025-05-26,SKU0191,231,549.0,11,275
2025-06-02,SKU0191,58,549.0,11,275
2025-06-09,SKU0191,411,0.0,11,275
2025-06-16,SKU0191,231,647.0,11,275
2025-06-23,SKU0191,39,647.0,11,275
2025-06-30,SKU0191,490,0.0,11,275
2025-07-07,SKU0191,257,575.0,11,275
2025-07-14,SKU0191,31,575.0,11,275
2025-07-21,SKU0191,388,0.0,11,275
2025-07-28,SKU0191,163,612.0,11,275
2025-08-04,SKU0191,0,,11,275
2025-08-11,SKU0191,393,0.0,11,275
2025-08-18,SKU0191,146,629.0,11,275
2025-08-25,SKU0191,0,629.0,11,275
2025-09-01,SKU0191,406,0.0,11,275
2025-09-08,SKU0191,113,816.0,11,275
2025-09-15,SKU0191,0,816.0,11,275
2025-09-22,SKU0191,578,0.0,11,275
2025-09-29,SKU0191,348,0.0,11,275
2025-10-06,SKU0191,154,563.0,11,275
2025-10-13,SKU0191,531,0.0,11,275
2025-10-20,SKU0191,327,0.0,11,275
2025-10-27,SKU0191,117,497.0,11,275
2025-11-03,SKU0191,478,0.0,11,275
2025-11-10,SKU0191,276,0.0,11,275
2025-11-17,SKU0191,131,426.0,11,275
2025-11-24,SKU0191,414,0.0,11,275
2025-12-01,SKU0191,234,454.0,11,275
2025-12-08,SKU0191,95,454.0,11,275
2025-12-15,SKU0191,422,0.0,11,275
2025-12-22,SKU0191,282,0.0,11,275
2025-12-29,SKU0191,170,273.0,11,275
2024-01-01,SKU0192,76,1535.0,24,845
2024-01-08,SKU0192,0,1535.0,24,845
2024-01-15,SKU0192,0,1535.0,24,845
2024-01-22,SKU0192,0,1535.0,24,845
2024-01-29,SKU0192,1290,0.0,24,845
2024-02-05,SKU0192,953,0.0,24,845
2024-02-12,SKU0192,623,1749.0,24,845
2024-02-19,SKU0192,217,1749.0,24,845
2024-02-26,SKU0192,0,1749.0,24,845
2024-03-04,SKU0192,1653,0.0,24,845
2024-03-11,SKU0192,1236,0.0,24,845
2024-03-18,SKU0192,795,2048.0,24,845
2024-03-25,SKU0192,359,2048.0,24,845
2024-04-01,SKU0192,0,2048.0,24,845
2024-04-08,SKU0192,0,2048.0,24,845
2024-04-15,SKU0192,1513,0.0,24,845
2024-04-22,SKU0192,1074,0.0,24,845
2024-04-29,SKU0192,664,2766.0,24,845
2024-05-06,SKU0192,246,2766.0,24,845
2024-05-13,SKU0192,0,2766.0,24,845
2024-05-20,SKU0192,0,2766.0,24,845
2024-05-27,SKU0192,2348,,24,845
2024-06-03,SKU0192,1967,0.0,24,845
2024-06-10,SKU0192,1584,0.0,24,845
2024-06-17,SKU0192,1221,0.0,24,845
2024-06-24,SKU0192,895,0.0,24,845
2024-07-01,SKU0192,568,1644.0,24,845
2024-07-08,SKU0192,227,,24,845
2024-07-15,SKU0192,0,1644.0,24,845
2024-07-22,SKU0192,1466,0.0,24,845
2024-07-29,SKU0192,1207,0.0,24,845
2024-08-05,SKU0192,959,0.0,24,845
2024-08-12,SKU0192,742,1166.0,24,845
2024-08-19,SKU0192,496,1166.0,24,845
2024-08-26,SKU0192,280,1166.0,24,845
2024-09-02,SKU0192,1249,0.0,24,845
2024-09-09,SKU0192,930,0.0,24,845
2024-09-16,SKU0192,730,890.0,24,845
2024-09-23,SKU0192,541,890.0,24,845
2024-09-30,SKU0192,336,890.0,24,845
2024-10-07,SKU0192,1044,0.0,24,845
2024-10-14,SKU0192,883,0.0,24,845
2024-10-21,SKU0192,693,813.0,24,845
2024-10-28,SKU0192,546,813.0,24,845
2024-11-04,SKU0192,361,813.0,24,845
2024-11-11,SKU0192,1013,0.0,24,845
2024-11-18,SKU0192,829,940.0,24,845
2024-11-25,SKU0192,607,940.0,24,845
2024-12-02,SKU0192,355,940.0,24,845
2024-12-09,SKU0192,143,940.0,24,845
2024-12-16,SKU0192,796,2217.0,24,845
2024-12-23,SKU0192,410,2217.0,24,845
2024-12-30,SKU0192,161,2217.0,24,845
2025-01-06,SKU0192,0,2217.0,24,845
2025-01-13,SKU0192,1980,0.0,24,845
2025-01-20,SKU0192,1646,0.0,24,845
2025-01-27,SKU0192,1326,0.0,24,845
2025-02-03,SKU0192,979,0.0,24,845
2025-02-10,SKU0192,582,1742.0,24,845
2025-02-17,SKU0192,204,,24,845
2025-02-24,SKU0192,0,1742.0,24,845
2025-03-03,SKU0192,1643,0.0,24,845
2025-03-10,SKU0192,1237,0.0,24,845
2025-03-17,SKU0192,836,2046.0,24,845
2025-03-24,SKU0192,426,2046.0,24,845
2025-03-31,SKU0192,14,2046.0,24,845
2025-04-07,SKU0192,0,2046.0,24,845
2025-04-14,SKU0192,1454,0.0,24,845
2025-04-21,SKU0192,929,0.0,24,845
2025-04-28,SKU0192,471,2102.0,24,845
2025-05-05,SKU0192,56,2102.0,24,845
2025-05-12,SKU0192,0,2102.0,24,845
2025-05-19,SKU0192,1901,0.0,24,845
2025-05-26,SKU0192,1487,0.0,24,845
2025-06-02,SKU0192,1087,0.0,24,845
2025-06-09,SKU0192,739,2432.0,24,845
2025-06-16,SKU0192,390,2432.0,24,845
2025-06-23,SKU0192,26,2432.0,24,845
2025-06-30,SKU0192,0,2432.0,24,845
2025-07-07,SKU0192,2083,,24,845
2025-07-14,SKU0192,1797,0.0,24,845
2025-07-21,SKU0192,1224,0.0,24,845
2025-07-28,SKU0192,973,0.0,24,845
2025-08-04,SKU0192,710,1251.0,24,845
2025-08-11,SKU0192,477,1251.0,24,845
2025-08-18,SKU0192,254,1251.0,24,845
2025-08-25,SKU0192,1298,0.0,24,845
2025-09-01,SKU0192,1080,0.0,24,845
2025-09-08,SKU0192,787,2310.0,24,845
2025-09-15,SKU0192,526,2310.0,24,845
2025-09-22,SKU0192,349,2310.0,24,845
2025-09-29,SKU0192,165,2310.0,24,845
2025-10-06,SKU0192,2305,,24,845
2025-10-13,SKU0192,2130,0.0,24,845
2025-10-20,SKU0192,1966,0.0,24,845
2025-10-27,SKU0192,1803,0.0,24,845
2025-11-03,SKU0192,1638,0.0,24,845
2025-11-10,SKU0192,1458,0.0,24,845
2025-11-17,SKU0192,1261,0.0,24,845
2025-11-24,SKU0192,1057,0.0,24,845
2025-12-01,SKU0192,735,2199.0,24,845
2025-12-08,SKU0192,518,2199.0,24,845
2025-12-15,SKU0192,259,2199.0,24,845
2025-12-22,SKU0192,2166,0.0,24,845
2025-12-29,SKU0192,1916,0.0,24,845
2024-01-01,SKU0193,66,932.0,9,423
2024-01-08,SKU0193,0,932.0,9,423
2024-01-15,SKU0193,585,0.0,9,423
2024-01-22,SKU0193,220,821.0,9,423
2024-01-29,SKU0193,698,0.0,9,423
2024-02-05,SKU0193,279,1050.0,9,423
2024-02-12,SKU0193,993,0.0,9,423
2024-02-19,SKU0193,574,0.0,9,423
2024-02-26,SKU0193,192,778.0,9,423
2024-03-04,SKU0193,660,0.0,9,423
2024-03-11,SKU0193,299,952.0,9,423
2024-03-18,SKU0193,887,0.0,9,423
2024-03-25,SKU0193,504,0.0,9,423
2024-04-01,SKU0193,165,673.0,9,423
2024-04-08,SKU0193,494,0.0,9,423
2024-04-15,SKU0193,12,1176.0,9,423
2024-04-22,SKU0193,1003,0.0,9,423
2024-04-29,SKU0193,733,0.0,9,423
2024-05-06,SKU0193,484,0.0,9,423
2024-05-13,SKU0193,253,505.0,9,423
2024-05-20,SKU0193,500,0.0,9,423
2024-05-27,SKU0193,289,450.0,9,423
2024-06-03,SKU0193,513,0.0,9,423
2024-06-10,SKU0193,313,404.0,9,423
2024-06-17,SKU0193,517,0.0,9,423
2024-06-24,SKU0193,324,371.0,9,423
2024-07-01,SKU0193,493,0.0,9,423
2024-07-08,SKU0193,311,405.0,9,423
2024-07-15,SKU0193,488,0.0,9,423
2024-07-22,SKU0193,199,656.0,9,423
2024-07-29,SKU0193,691,0.0,9,423
2024-08-05,SKU0193,509,0.0,9,423
2024-08-12,SKU0193,321,360.0,9,423
2024-08-19,SKU0193,495,0.0,9,423
2024-08-26,SKU0193,317,387.0,9,423
2024-09-02,SKU0193,476,0.0,9,423
2024-09-09,SKU0193,122,419.0,9,423
2024-09-16,SKU0193,283,448.0,9,423
2024-09-23,SKU0193,469,0.0,9,423
2024-09-30,SKU0193,222,491.0,9,423
2024-10-07,SKU0193,446,0.0,9,423
2024-10-14,SKU0193,159,542.0,9,423
2024-10-21,SKU0193,427,0.0,9,423
2024-10-28,SKU0193,102,600.0,9,423
2024-11-04,SKU0193,391,652.0,9,423
2024-11-11,SKU0193,46,652.0,9,423
2024-11-18,SKU0193,368,907.0,9,423
2024-11-25,SKU0193,0,907.0,9,423
2024-12-02,SKU0193,410,751.0,9,423
2024-12-09,SKU0193,12,751.0,9,423
2024-12-16,SKU0193,257,1929.0,9,423
2024-12-23,SKU0193,0,1929.0,9,423
2024-12-30,SKU0193,1551,0.0,9,423
2025-01-06,SKU0193,1040,0.0,9,423
2025-01-13,SKU0193,489,0.0,9,423
2025-01-20,SKU0193,61,,9,423
2025-01-27,SKU0193,523,0.0,9,423
2025-02-03,SKU0193,138,818.0,9,423
2025-02-10,SKU0193,611,0.0,9,423
2025-02-17,SKU0193,225,797.0,9,423
2025-02-24,SKU0193,665,0.0,9,423
2025-03-03,SKU0193,285,986.0,9,423
2025-03-10,SKU0193,943,0.0,9,423
2025-03-17,SKU0193,571,0.0,9,423
2025-03-24,SKU0193,227,698.0,9,423
2025-03-31,SKU0193,619,0.0,9,423
2025-04-07,SKU0193,276,829.0,9,423
2025-04-14,SKU0193,757,0.0,9,423
2025-04-21,SKU0193,398,576.0,9,423
2025-04-28,SKU0193,131,576.0,9,423
2025-05-05,SKU0193,442,0.0,9,423
2025-05-12,SKU0193,183,515.0,9,423
2025-05-19,SKU0193,472,0.0,9,423
2025-05-26,SKU0193,222,459.0,9,423
2025-06-02,SKU0193,435,0.0,9,423
2025-06-09,SKU0193,265,418.0,9,423
2025-06-16,SKU0193,466,0.0,9,423
2025-06-23,SKU0193,255,380.0,9,423
2025-06-30,SKU0193,437,0.0,9,423
2025-07-07,SKU0193,254,358.0,9,423
2025-07-14,SKU0193,442,0.0,9,423
2025-07-21,SKU0193,113,662.0,9,423
2025-07-28,SKU0193,587,0.0,9,423
2025-08-04,SKU0193,407,356.0,9,423
2025-08-11,SKU0193,228,356.0,9,423
2025-08-18,SKU0193,409,379.0,9,423
2025-08-25,SKU0193,226,379.0,9,423
2025-09-01,SKU0193,378,530.0,9,423
2025-09-08,SKU0193,73,530.0,9,423
2025-09-15,SKU0193,337,582.0,9,423
2025-09-22,SKU0193,673,0.0,9,423
2025-09-29,SKU0193,416,509.0,9,423
2025-10-06,SKU0193,123,509.0,9,423
2025-10-13,SKU0193,350,726.0,9,423
2025-10-20,SKU0193,81,726.0,9,423
2025-10-27,SKU0193,473,0.0,9,423
2025-11-03,SKU0193,155,631.0,9,423
2025-11-10,SKU0193,450,0.0,9,423
2025-11-17,SKU0193,97,682.0,9,423
2025-11-24,SKU0193,407,728.0,9,423
2025-12-01,SKU0193,0,728.0,9,423
2025-12-08,SKU0193,367,770.0,9,423
2025-12-15,SKU0193,0,770.0,9,423
2025-12-22,SKU0193,150,1962.0,9,423
2025-12-29,SKU0193,1904,0.0,9,423
2024-01-01,SKU0194,99,254.0,27,225
2024-01-08,SKU0194,48,254.0,27,225
2024-01-15,SKU0194,11,254.0,27,225
2024-01-22,SKU0194,0,254.0,27,225
2024-01-29,SKU0194,242,0.0,27,225
2024-02-05,SKU0194,198,186.0,27,225
2024-02-12,SKU0194,155,186.0,27,225
2024-02-19,SKU0194,118,186.0,27,225
2024-02-26,SKU0194,80,186.0,27,225
2024-03-04,SKU0194,230,0.0,27,225
2024-03-11,SKU0194,196,203.0,27,225
2024-03-18,SKU0194,149,203.0,27,225
2024-03-25,SKU0194,111,203.0,27,225
2024-04-01,SKU0194,60,203.0,27,225
2024-04-08,SKU0194,209,368.0,27,225
2024-04-15,SKU0194,137,368.0,27,225
2024-04-22,SKU0194,73,368.0,27,225
2024-04-29,SKU0194,10,368.0,27,225
2024-05-06,SKU0194,323,0.0,27,225
2024-05-13,SKU0194,247,0.0,27,225
2024-05-20,SKU0194,170,372.0,27,225
2024-05-27,SKU0194,104,372.0,27,225
2024-06-03,SKU0194,8,372.0,27,225
2024-06-10,SKU0194,0,372.0,27,225
2024-06-17,SKU0194,273,0.0,27,225
2024-06-24,SKU0194,181,660.0,27,225
2024-07-01,SKU0194,83,660.0,27,225
2024-07-08,SKU0194,0,660.0,27,225
2024-07-15,SKU0194,0,660.0,27,225
2024-07-22,SKU0194,588,0.0,27,225
2024-07-29,SKU0194,478,0.0,27,225
2024-08-05,SKU0194,361,0.0,27,225
2024-08-12,SKU0194,269,0.0,27,225
2024-08-19,SKU0194,160,525.0,27,225
2024-08-26,SKU0194,54,525.0,27,225
2024-09-02,SKU0194,0,525.0,27,225
2024-09-09,SKU0194,0,525.0,27,225
2024-09-16,SKU0194,449,0.0,27,225
2024-09-23,SKU0194,352,0.0,27,225
2024-09-30,SKU0194,261,0.0,27,225
2024-10-07,SKU0194,192,452.0,27,225
2024-10-14,SKU0194,107,452.0,27,225
2024-10-21,SKU0194,18,452.0,27,225
2024-10-28,SKU0194,0,452.0,27,225
2024-11-04,SKU0194,394,0.0,27,225
2024-11-11,SKU0194,342,0.0,27,225
2024-11-18,SKU0194,269,0.0,27,225
2024-11-25,SKU0194,213,432.0,27,225
2024-12-02,SKU0194,134,432.0,27,225
2024-12-09,SKU0194,98,432.0,27,225
2024-12-16,SKU0194,41,432.0,27,225
2024-12-23,SKU0194,419,0.0,27,225
2024-12-30,SKU0194,367,0.0,27,225
2025-01-06,SKU0194,322,0.0,27,225
2025-01-13,SKU0194,273,0.0,27,225
2025-01-20,SKU0194,233,0.0,27,225
2025-01-27,SKU0194,189,191.0,27,225
2025-02-03,SKU0194,145,191.0,27,225
2025-02-10,SKU0194,115,191.0,27,225
2025-02-17,SKU0194,77,191.0,27,225
2025-02-24,SKU0194,233,0.0,27,225
2025-03-03,SKU0194,207,194.0,27,225
2025-03-10,SKU0194,172,194.0,27,225
2025-03-17,SKU0194,140,194.0,27,225
2025-03-24,SKU0194,104,194.0,27,225
2025-03-31,SKU0194,240,0.0,27,225
2025-04-07,SKU0194,195,255.0,27,225
2025-04-14,SKU0194,135,255.0,27,225
2025-04-21,SKU0194,83,255.0,27,225
2025-04-28,SKU0194,24,255.0,27,225
2025-05-05,SKU0194,206,475.0,27,225
2025-05-12,SKU0194,128,475.0,27,225
2025-05-19,SKU0194,55,475.0,27,225
2025-05-26,SKU0194,0,475.0,27,225
2025-06-02,SKU0194,442,0.0,27,225
2025-06-09,SKU0194,339,,27,225
2025-06-16,SKU0194,239,,27,225
2025-06-23,SKU0194,146,461.0,27,225
2025-06-30,SKU0194,43,461.0,27,225
2025-07-07,SKU0194,0,461.0,27,225
2025-07-14,SKU0194,436,0.0,27,225
2025-07-21,SKU0194,284,0.0,27,225
2025-07-28,SKU0194,205,730.0,27,225
2025-08-04,SKU0194,119,730.0,27,225
2025-08-11,SKU0194,35,730.0,27,225
2025-08-18,SKU0194,0,730.0,27,225
2025-08-25,SKU0194,677,0.0,27,225
2025-09-01,SKU0194,583,0.0,27,225
2025-09-08,SKU0194,459,0.0,27,225
2025-09-15,SKU0194,341,0.0,27,225
2025-09-22,SKU0194,248,0.0,27,225
2025-09-29,SKU0194,146,475.0,27,225
2025-10-06,SKU0194,56,475.0,27,225
2025-10-13,SKU0194,0,475.0,27,225
2025-10-20,SKU0194,0,475.0,27,225
2025-10-27,SKU0194,391,0.0,27,225
2025-11-03,SKU0194,311,0.0,27,225
2025-11-10,SKU0194,243,0.0,27,225
2025-11-17,SKU0194,173,344.0,27,225
2025-11-24,SKU0194,109,344.0,27,225
2025-12-01,SKU0194,47,344.0,27,225
2025-12-08,SKU0194,0,344.0,27,225
2025-12-15,SKU0194,285,0.0,27,225
2025-12-22,SKU0194,219,238.0,27,225
2025-12-29,SKU0194,159,238.0,27,225
2024-01-01,SKU0195,10,497.0,7,329
2024-01-08,SKU0195,441,0.0,7,329
2024-01-15,SKU0195,163,403.0,7,329
2024-01-22,SKU0195,303,378.0,7,329
2024-01-29,SKU0195,424,0.0,7,329
2024-02-05,SKU0195,174,356.0,7,329
2024-02-12,SKU0195,305,334.0,7,329
2024-02-19,SKU0195,433,0.0,7,329
2024-02-26,SKU0195,227,316.0,7,329
2024-03-04,SKU0195,351,0.0,7,329
2024-03-11,SKU0195,140,303.0,7,329
2024-03-18,SKU0195,252,412.0,7,329
2024-03-25,SKU0195,447,0.0,7,329
2024-04-01,SKU0195,251,408.0,7,329
2024-04-08,SKU0195,457,0.0,7,329
2024-04-15,SKU0195,175,440.0,7,329
2024-04-22,SKU0195,410,0.0,7,329
2024-04-29,SKU0195,197,311.0,7,329
2024-05-06,SKU0195,288,455.0,7,329
2024-05-13,SKU0195,535,0.0,7,329
2024-05-20,SKU0195,297,492.0,7,329
2024-05-27,SKU0195,534,0.0,7,329
2024-06-03,SKU0195,254,536.0,7,329
2024-06-10,SKU0195,515,0.0,7,329
2024-06-17,SKU0195,235,582.0,7,329
2024-06-24,SKU0195,529,0.0,7,329
2024-07-01,SKU0195,236,634.0,7,329
2024-07-08,SKU0195,556,0.0,7,329
2024-07-15,SKU0195,221,688.0,7,329
2024-07-22,SKU0195,591,0.0,7,329
2024-07-29,SKU0195,250,735.0,7,329
2024-08-05,SKU0195,617,0.0,7,329
2024-08-12,SKU0195,247,776.0,7,329
2024-08-19,SKU0195,662,0.0,7,329
2024-08-26,SKU0195,279,579.0,7,329
2024-09-02,SKU0195,535,0.0,7,329
2024-09-09,SKU0195,4,873.0,7,329
2024-09-16,SKU0195,611,0.0,7,329
2024-09-23,SKU0195,189,837.0,7,329
2024-09-30,SKU0195,653,0.0,7,329
2024-10-07,SKU0195,257,834.0,7,329
2024-10-14,SKU0195,722,0.0,7,329
2024-10-21,SKU0195,314,585.0,7,329
2024-10-28,SKU0195,544,0.0,7,329
2024-11-04,SKU0195,147,794.0,7,329
2024-11-11,SKU0195,613,0.0,7,329
2024-11-18,SKU0195,250,755.0,7,329
2024-11-25,SKU0195,633,0.0,7,329
2024-12-02,SKU0195,201,715.0,7,329
2024-12-09,SKU0195,573,0.0,7,329
2024-12-16,SKU0195,190,977.0,7,329
2024-12-23,SKU0195,870,0.0,7,329
2024-12-30,SKU0195,571,0.0,7,329
2025-01-06,SKU0195,227,863.0,7,329
2025-01-13,SKU0195,790,0.0,7,329
2025-01-20,SKU0195,505,0.0,7,329
2025-01-27,SKU0195,242,515.0,7,329
2025-02-03,SKU0195,524,0.0,7,329
2025-02-10,SKU0195,315,335.0,7,329
2025-02-17,SKU0195,404,0.0,7,329
2025-02-24,SKU0195,188,319.0,7,329
2025-03-03,SKU0195,286,427.0,7,329
2025-03-10,SKU0195,522,0.0,7,329
2025-03-17,SKU0195,324,294.0,7,329
2025-03-24,SKU0195,429,0.0,7,329
2025-03-31,SKU0195,226,408.0,7,329
2025-04-07,SKU0195,446,0.0,7,329
2025-04-14,SKU0195,203,438.0,7,329
2025-04-21,SKU0195,416,0.0,7,329
2025-04-28,SKU0195,199,311.0,7,329
2025-05-05,SKU0195,282,452.0,7,329
2025-05-12,SKU0195,490,0.0,7,329
2025-05-19,SKU0195,268,489.0,7,329
2025-05-26,SKU0195,512,0.0,7,329
2025-06-02,SKU0195,257,533.0,7,329
2025-06-09,SKU0195,515,0.0,7,329
2025-06-16,SKU0195,260,582.0,7,329
2025-06-23,SKU0195,542,0.0,7,329
2025-06-30,SKU0195,200,630.0,7,329
2025-07-07,SKU0195,478,0.0,7,329
2025-07-14,SKU0195,146,485.0,7,329
2025-07-21,SKU0195,180,1041.0,7,329
2025-07-28,SKU0195,884,0.0,7,329
2025-08-04,SKU0195,508,0.0,7,329
2025-08-11,SKU0195,115,549.0,7,329
2025-08-18,SKU0195,305,567.0,7,329
2025-08-25,SKU0195,505,0.0,7,329
2025-09-01,SKU0195,99,,7,329
2025-09-08,SKU0195,237,1220.0,7,329
2025-09-15,SKU0195,1109,0.0,7,329
2025-09-22,SKU0195,710,0.0,7,329
2025-09-29,SKU0195,268,837.0,7,329
2025-10-06,SKU0195,735,0.0,7,329
2025-10-13,SKU0195,290,592.0,7,329
2025-10-20,SKU0195,541,0.0,7,329
2025-10-27,SKU0195,144,810.0,7,329
2025-11-03,SKU0195,579,0.0,7,329
2025-11-10,SKU0195,191,780.0,7,329
2025-11-17,SKU0195,595,0.0,7,329
2025-11-24,SKU0195,239,737.0,7,329
2025-12-01,SKU0195,642,0.0,7,329
2025-12-08,SKU0195,335,0.0,7,329
2025-12-15,SKU0195,0,489.0,7,329
2025-12-22,SKU0195,0,687.0,7,329
2025-12-29,SKU0195,457,0.0,7,329
2024-01-01,SKU0196,179,251.0,20,231
2024-01-08,SKU0196,118,251.0,20,231
2024-01-15,SKU0196,64,,20,231
2024-01-22,SKU0196,256,0.0,20,231
2024-01-29,SKU0196,209,292.0,20,231
2024-02-05,SKU0196,149,292.0,20,231
2024-02-12,SKU0196,102,292.0,20,231
2024-02-19,SKU0196,344,0.0,20,231
2024-02-26,SKU0196,291,0.0,20,231
2024-03-04,SKU0196,216,376.0,20,231
2024-03-11,SKU0196,150,376.0,20,231
2024-03-18,SKU0196,94,376.0,20,231
2024-03-25,SKU0196,376,0.0,20,231
2024-04-01,SKU0196,290,0.0,20,231
2024-04-08,SKU0196,207,514.0,20,231
2024-04-15,SKU0196,89,514.0,20,231
2024-04-22,SKU0196,0,514.0,20,231
2024-04-29,SKU0196,454,0.0,20,231
2024-05-06,SKU0196,330,0.0,20,231
2024-05-13,SKU0196,211,670.0,20,231
2024-05-20,SKU0196,97,670.0,20,231
2024-05-27,SKU0196,0,670.0,20,231
2024-06-03,SKU0196,599,0.0,20,231
2024-06-10,SKU0196,444,0.0,20,231
2024-06-17,SKU0196,312,0.0,20,231
2024-06-24,SKU0196,154,789.0,20,231
2024-07-01,SKU0196,11,789.0,20,231
2024-07-08,SKU0196,0,789.0,20,231
2024-07-15,SKU0196,701,0.0,20,231
2024-07-22,SKU0196,546,0.0,20,231
2024-07-29,SKU0196,395,0.0,20,231
2024-08-05,SKU0196,242,0.0,20,231
2024-08-12,SKU0196,94,593.0,20,231
2024-08-19,SKU0196,0,593.0,20,231
2024-08-26,SKU0196,573,0.0,20,231
2024-09-02,SKU0196,460,0.0,20,231
2024-09-09,SKU0196,292,0.0,20,231
2024-09-16,SKU0196,160,507.0,20,231
2024-09-23,SKU0196,51,507.0,20,231
2024-09-30,SKU0196,0,507.0,20,231
2024-10-07,SKU0196,437,0.0,20,231
2024-10-14,SKU0196,334,0.0,20,231
2024-10-21,SKU0196,243,0.0,20,231
2024-10-28,SKU0196,165,376.0,20,231
2024-11-04,SKU0196,77,376.0,20,231
2024-11-11,SKU0196,0,376.0,20,231
2024-11-18,SKU0196,322,0.0,20,231
2024-11-25,SKU0196,252,0.0,20,231
2024-12-02,SKU0196,189,413.0,20,231
2024-12-09,SKU0196,128,413.0,20,231
2024-12-16,SKU0196,73,413.0,20,231
2024-12-23,SKU0196,422,0.0,20,231
2024-12-30,SKU0196,368,0.0,20,231
2025-01-06,SKU0196,320,0.0,20,231
2025-01-13,SKU0196,267,0.0,20,231
2025-01-20,SKU0196,217,284.0,20,231
2025-01-27,SKU0196,171,284.0,20,231
2025-02-03,SKU0196,118,284.0,20,231
2025-02-10,SKU0196,347,0.0,20,231
2025-02-17,SKU0196,283,0.0,20,231
2025-02-24,SKU0196,235,0.0,20,231
2025-03-03,SKU0196,167,268.0,20,231
2025-03-10,SKU0196,95,268.0,20,231
2025-03-17,SKU0196,306,0.0,20,231
2025-03-24,SKU0196,219,452.0,20,231
2025-03-31,SKU0196,138,452.0,20,231
2025-04-07,SKU0196,50,452.0,20,231
2025-04-14,SKU0196,388,0.0,20,231
2025-04-21,SKU0196,280,0.0,20,231
2025-04-28,SKU0196,150,448.0,20,231
2025-05-05,SKU0196,38,448.0,20,231
2025-05-12,SKU0196,0,448.0,20,231
2025-05-19,SKU0196,344,0.0,20,231
2025-05-26,SKU0196,237,0.0,20,231
2025-06-02,SKU0196,90,547.0,20,231
2025-06-09,SKU0196,0,547.0,20,231
2025-06-16,SKU0196,527,0.0,20,231
2025-06-23,SKU0196,376,0.0,20,231
2025-06-30,SKU0196,239,0.0,20,231
2025-07-07,SKU0196,85,604.0,20,231
2025-07-14,SKU0196,0,604.0,20,231
2025-07-21,SKU0196,579,0.0,20,231
2025-07-28,SKU0196,430,0.0,20,231
2025-08-04,SKU0196,300,0.0,20,231
2025-08-11,SKU0196,154,590.0,20,231
2025-08-18,SKU0196,44,590.0,20,231
2025-08-25,SKU0196,0,590.0,20,231
2025-09-01,SKU0196,461,,20,231
2025-09-08,SKU0196,273,0.0,20,231
2025-09-15,SKU0196,127,686.0,20,231
2025-09-22,SKU0196,9,686.0,20,231
2025-09-29,SKU0196,0,686.0,20,231
2025-10-06,SKU0196,572,0.0,20,231
2025-10-13,SKU0196,477,0.0,20,231
2025-10-20,SKU0196,389,0.0,20,231
2025-10-27,SKU0196,323,0.0,20,231
2025-11-03,SKU0196,221,339.0,20,231
2025-11-10,SKU0196,153,339.0,20,231
2025-11-17,SKU0196,94,339.0,20,231
2025-11-24,SKU0196,375,0.0,20,231
2025-12-01,SKU0196,292,0.0,20,231
2025-12-08,SKU0196,243,0.0,20,231
2025-12-15,SKU0196,186,243.0,20,231
2025-12-22,SKU0196,117,243.0,20,231
2025-12-29,SKU0196,62,243.0,20,231
2024-01-01,SKU0197,150,1274.0,22,803
2024-01-08,SKU0197,0,,22,803
2024-01-15,SKU0197,0,1274.0,22,803
2024-01-22,SKU0197,0,1274.0,22,803
2024-01-29,SKU0197,1023,0.0,22,803
2024-02-05,SKU0197,779,1131.0,22,803
2024-02-12,SKU0197,555,1131.0,22,803
2024-02-19,SKU0197,336,1131.0,22,803
2024-02-26,SKU0197,116,1131.0,22,803
2024-03-04,SKU0197,1000,0.0,22,803
2024-03-11,SKU0197,771,1279.0,22,803
2024-03-18,SKU0197,548,1279.0,22,803
2024-03-25,SKU0197,317,1279.0,22,803
2024-04-01,SKU0197,1369,,22,803
2024-04-08,SKU0197,1173,0.0,22,803
2024-04-15,SKU0197,800,912.0,22,803
2024-04-22,SKU0197,605,912.0,22,803
2024-04-29,SKU0197,443,912.0,22,803
2024-05-06,SKU0197,263,912.0,22,803
2024-05-13,SKU0197,1018,0.0,22,803
2024-05-20,SKU0197,853,0.0,22,803
2024-05-27,SKU0197,674,737.0,22,803
2024-06-03,SKU0197,538,737.0,22,803
2024-06-10,SKU0197,401,737.0,22,803
2024-06-17,SKU0197,1025,0.0,22,803
2024-06-24,SKU0197,893,0.0,22,803
2024-07-01,SKU0197,772,730.0,22,803
2024-07-08,SKU0197,630,730.0,22,803
2024-07-15,SKU0197,499,730.0,22,803
2024-07-22,SKU0197,1010,0.0,22,803
2024-07-29,SKU0197,885,0.0,22,803
2024-08-05,SKU0197,776,696.0,22,803
2024-08-12,SKU0197,657,696.0,22,803
2024-08-19,SKU0197,533,696.0,22,803
2024-08-26,SKU0197,1105,0.0,22,803
2024-09-02,SKU0197,978,0.0,22,803
2024-09-09,SKU0197,706,1621.0,22,803
2024-09-16,SKU0197,521,1621.0,22,803
2024-09-23,SKU0197,392,1621.0,22,803
2024-09-30,SKU0197,1866,0.0,22,803
2024-10-07,SKU0197,1694,0.0,22,803
2024-10-14,SKU0197,1521,0.0,22,803
2024-10-21,SKU0197,1360,0.0,22,803
2024-10-28,SKU0197,1191,0.0,22,803
2024-11-04,SKU0197,999,0.0,22,803
2024-11-11,SKU0197,789,928.0,22,803
2024-11-18,SKU0197,581,928.0,22,803
2024-11-25,SKU0197,339,928.0,22,803
2024-12-02,SKU0197,8,928.0,22,803
2024-12-09,SKU0197,708,1252.0,22,803
2024-12-16,SKU0197,442,1252.0,22,803
2024-12-23,SKU0197,125,1252.0,22,803
2024-12-30,SKU0197,1190,0.0,22,803
2025-01-06,SKU0197,857,0.0,22,803
2025-01-13,SKU0197,499,2324.0,22,803
2025-01-20,SKU0197,288,2324.0,22,803
2025-01-27,SKU0197,40,2324.0,22,803
2025-02-03,SKU0197,2140,0.0,22,803
2025-02-10,SKU0197,1900,0.0,22,803
2025-02-17,SKU0197,1678,0.0,22,803
2025-02-24,SKU0197,1450,0.0,22,803
2025-03-03,SKU0197,1216,0.0,22,803
2025-03-10,SKU0197,974,0.0,22,803
2025-03-17,SKU0197,738,1253.0,22,803
2025-03-24,SKU0197,510,1253.0,22,803
2025-03-31,SKU0197,296,1253.0,22,803
2025-04-07,SKU0197,1348,0.0,22,803
2025-04-14,SKU0197,1010,0.0,22,803
2025-04-21,SKU0197,780,882.0,22,803
2025-04-28,SKU0197,595,882.0,22,803
2025-05-05,SKU0197,431,882.0,22,803
2025-05-12,SKU0197,242,882.0,22,803
2025-05-19,SKU0197,977,0.0,22,803
2025-05-26,SKU0197,798,720.0,22,803
2025-06-02,SKU0197,663,720.0,22,803
2025-06-09,SKU0197,517,720.0,22,803
2025-06-16,SKU0197,386,720.0,22,803
2025-06-23,SKU0197,975,0.0,22,803
2025-06-30,SKU0197,844,0.0,22,803
2025-07-07,SKU0197,700,600.0,22,803
2025-07-14,SKU0197,571,600.0,22,803
2025-07-21,SKU0197,336,600.0,22,803
2025-07-28,SKU0197,809,0.0,22,803
2025-08-04,SKU0197,679,574.0,22,803
2025-08-11,SKU0197,554,574.0,22,803
2025-08-18,SKU0197,433,574.0,22,803
2025-08-25,SKU0197,879,0.0,22,803
2025-09-01,SKU0197,770,748.0,22,803
2025-09-08,SKU0197,568,748.0,22,803
2025-09-15,SKU0197,410,748.0,22,803
2025-09-22,SKU0197,1020,0.0,22,803
2025-09-29,SKU0197,873,0.0,22,803
2025-10-06,SKU0197,731,744.0,22,803
2025-10-13,SKU0197,578,744.0,22,803
2025-10-20,SKU0197,385,744.0,22,803
2025-10-27,SKU0197,963,0.0,22,803
2025-11-03,SKU0197,781,890.0,22,803
2025-11-10,SKU0197,599,890.0,22,803
2025-11-17,SKU0197,407,890.0,22,803
2025-11-24,SKU0197,208,890.0,22,803
2025-12-01,SKU0197,760,1219.0,22,803
2025-12-08,SKU0197,543,1219.0,22,803
2025-12-15,SKU0197,277,1219.0,22,803
2025-12-22,SKU0197,1188,,22,803
2025-12-29,SKU0197,971,0.0,22,803
2024-01-01,SKU0198,6,548.0,19,340
2024-01-08,SKU0198,0,548.0,19,340
2024-01-15,SKU0198,0,548.0,19,340
2024-01-22,SKU0198,493,0.0,19,340
2024-01-29,SKU0198,373,0.0,19,340
2024-02-05,SKU0198,254,,19,340
2024-02-12,SKU0198,100,516.0,19,340
2024-02-19,SKU0198,499,0.0,19,340
2024-02-26,SKU0198,359,0.0,19,340
2024-03-04,SKU0198,232,556.0,19,340
2024-03-11,SKU0198,94,556.0,19,340
2024-03-18,SKU0198,510,0.0,19,340
2024-03-25,SKU0198,379,0.0,19,340
2024-04-01,SKU0198,220,595.0,19,340
2024-04-08,SKU0198,65,595.0,19,340
2024-04-15,SKU0198,574,0.0,19,340
2024-04-22,SKU0198,376,0.0,19,340
2024-04-29,SKU0198,202,618.0,19,340
2024-05-06,SKU0198,43,618.0,19,340
2024-05-13,SKU0198,601,0.0,19,340
2024-05-20,SKU0198,435,0.0,19,340
2024-05-27,SKU0198,292,657.0,19,340
2024-06-03,SKU0198,135,657.0,19,340
2024-06-10,SKU0198,0,657.0,19,340
2024-06-17,SKU0198,561,0.0,19,340
2024-06-24,SKU0198,395,0.0,19,340
2024-07-01,SKU0198,242,601.0,19,340
2024-07-08,SKU0198,85,601.0,19,340
2024-07-15,SKU0198,0,601.0,19,340
2024-07-22,SKU0198,428,0.0,19,340
2024-07-29,SKU0198,281,595.0,19,340
2024-08-05,SKU0198,127,595.0,19,340
2024-08-12,SKU0198,0,595.0,19,340
2024-08-19,SKU0198,504,0.0,19,340
2024-08-26,SKU0198,357,0.0,19,340
2024-09-02,SKU0198,226,518.0,19,340
2024-09-09,SKU0198,69,518.0,19,340
2024-09-16,SKU0198,480,0.0,19,340
2024-09-23,SKU0198,363,0.0,19,340
2024-09-30,SKU0198,230,480.0,19,340
2024-10-07,SKU0198,103,480.0,19,340
2024-10-14,SKU0198,472,0.0,19,340
2024-10-21,SKU0198,355,0.0,19,340
2024-10-28,SKU0198,237,455.0,19,340
2024-11-04,SKU0198,109,455.0,19,340
2024-11-11,SKU0198,435,0.0,19,340
2024-11-18,SKU0198,328,450.0,19,340
2024-11-25,SKU0198,204,450.0,19,340
2024-12-02,SKU0198,48,450.0,19,340
2024-12-09,SKU0198,396,0.0,19,340
2024-12-16,SKU0198,265,460.0,19,340
2024-12-23,SKU0198,104,460.0,19,340
2024-12-30,SKU0198,0,460.0,19,340
2025-01-06,SKU0198,327,721.0,19,340
2025-01-13,SKU0198,189,721.0,19,340
2025-01-20,SKU0198,63,721.0,19,340
2025-01-27,SKU0198,661,0.0,19,340
2025-02-03,SKU0198,522,0.0,19,340
2025-02-10,SKU0198,390,0.0,19,340
2025-02-17,SKU0198,273,537.0,19,340
2025-02-24,SKU0198,111,537.0,19,340
2025-03-03,SKU0198,0,537.0,19,340
2025-03-10,SKU0198,398,0.0,19,340
2025-03-17,SKU0198,235,578.0,19,340
2025-03-24,SKU0198,55,578.0,19,340
2025-03-31,SKU0198,0,578.0,19,340
2025-04-07,SKU0198,400,0.0,19,340
2025-04-14,SKU0198,208,908.0,19,340
2025-04-21,SKU0198,47,908.0,19,340
2025-04-28,SKU0198,0,908.0,19,340
2025-05-05,SKU0198,740,0.0,19,340
2025-05-12,SKU0198,575,0.0,19,340
2025-05-19,SKU0198,400,0.0,19,340
2025-05-26,SKU0198,227,624.0,19,340
2025-06-02,SKU0198,79,624.0,19,340
2025-06-09,SKU0198,0,624.0,19,340
2025-06-16,SKU0198,455,0.0,19,340
2025-06-23,SKU0198,286,640.0,19,340
2025-06-30,SKU0198,136,640.0,19,340
2025-07-07,SKU0198,0,640.0,19,340
2025-07-14,SKU0198,566,0.0,19,340
2025-07-21,SKU0198,326,855.0,19,340
2025-07-28,SKU0198,170,855.0,19,340
2025-08-04,SKU0198,6,855.0,19,340
2025-08-11,SKU0198,786,0.0,19,340
2025-08-18,SKU0198,632,0.0,19,340
2025-08-25,SKU0198,483,0.0,19,340
2025-09-01,SKU0198,338,511.0,19,340
2025-09-08,SKU0198,150,511.0,19,340
2025-09-15,SKU0198,8,511.0,19,340
2025-09-22,SKU0198,460,0.0,19,340
2025-09-29,SKU0198,349,0.0,19,340
2025-10-06,SKU0198,203,474.0,19,340
2025-10-13,SKU0198,84,474.0,19,340
2025-10-20,SKU0198,440,0.0,19,340
2025-10-27,SKU0198,316,479.0,19,340
2025-11-03,SKU0198,201,479.0,19,340
2025-11-10,SKU0198,90,479.0,19,340
2025-11-17,SKU0198,429,0.0,19,340
2025-11-24,SKU0198,314,475.0,19,340
2025-12-01,SKU0198,165,475.0,19,340
2025-12-08,SKU0198,61,475.0,19,340
2025-12-15,SKU0198,411,0.0,19,340
2025-12-22,SKU0198,221,693.0,19,340
2025-12-29,SKU0198,94,693.0,19,340
2024-01-01,SKU0199,157,582.0,19,246
2024-01-08,SKU0199,0,582.0,19,246
2024-01-15,SKU0199,0,582.0,19,246
2024-01-22,SKU0199,505,0.0,19,246
2024-01-29,SKU0199,324,0.0,19,246
2024-02-05,SKU0199,155,571.0,19,246
2024-02-12,SKU0199,0,571.0,19,246
2024-02-19,SKU0199,0,571.0,19,246
2024-02-26,SKU0199,409,0.0,19,246
2024-03-04,SKU0199,217,660.0,19,246
2024-03-11,SKU0199,32,660.0,19,246
2024-03-18,SKU0199,0,660.0,19,246
2024-03-25,SKU0199,527,0.0,19,246
2024-04-01,SKU0199,340,0.0,19,246
2024-04-08,SKU0199,150,625.0,19,246
2024-04-15,SKU0199,0,625.0,19,246
2024-04-22,SKU0199,0,625.0,19,246
2024-04-29,SKU0199,464,0.0,19,246
2024-05-06,SKU0199,269,0.0,19,246
2024-05-13,SKU0199,86,600.0,19,246
2024-05-20,SKU0199,0,600.0,19,246
2024-05-27,SKU0199,528,0.0,19,246
2024-06-03,SKU0199,342,0.0,19,246
2024-06-10,SKU0199,161,547.0,19,246
2024-06-17,SKU0199,0,547.0,19,246
2024-06-24,SKU0199,0,547.0,19,246
2024-07-01,SKU0199,422,0.0,19,246
2024-07-08,SKU0199,265,0.0,19,246
2024-07-15,SKU0199,107,477.0,19,246
2024-07-22,SKU0199,0,477.0,19,246
2024-07-29,SKU0199,455,0.0,19,246
2024-08-05,SKU0199,325,0.0,19,246
2024-08-12,SKU0199,196,449.0,19,246
2024-08-19,SKU0199,82,449.0,19,246
2024-08-26,SKU0199,0,449.0,19,246
2024-09-02,SKU0199,357,0.0,19,246
2024-09-09,SKU0199,167,629.0,19,246
2024-09-16,SKU0199,46,629.0,19,246
2024-09-23,SKU0199,0,629.0,19,246
2024-09-30,SKU0199,542,0.0,19,246
2024-10-07,SKU0199,430,0.0,19,246
2024-10-14,SKU0199,311,0.0,19,246
2024-10-21,SKU0199,176,380.0,19,246
2024-10-28,SKU0199,55,380.0,19,246
2024-11-04,SKU0199,0,380.0,19,246
2024-11-11,SKU0199,254,0.0,19,246
2024-11-18,SKU0199,135,408.0,19,246
2024-11-25,SKU0199,0,408.0,19,246
2024-12-02,SKU0199,372,0.0,19,246
2024-12-09,SKU0199,248,0.0,19,246
2024-12-16,SKU0199,45,458.0,19,246
2024-12-23,SKU0199,0,458.0,19,246
2024-12-30,SKU0199,409,,19,246
2025-01-06,SKU0199,225,787.0,19,246
2025-01-13,SKU0199,13,787.0,19,246
2025-01-20,SKU0199,0,787.0,19,246
2025-01-27,SKU0199,707,0.0,19,246
2025-02-03,SKU0199,528,0.0,19,246
2025-02-10,SKU0199,341,0.0,19,246
2025-02-17,SKU0199,165,636.0,19,246
2025-02-24,SKU0199,5,636.0,19,246
2025-03-03,SKU0199,0,636.0,19,246
2025-03-10,SKU0199,500,0.0,19,246
2025-03-17,SKU0199,293,0.0,19,246
2025-03-24,SKU0199,124,620.0,19,246
2025-03-31,SKU0199,0,620.0,19,246
2025-04-07,SKU0199,595,0.0,19,246
2025-04-14,SKU0199,350,0.0,19,246
2025-04-21,SKU0199,145,616.0,19,246
2025-04-28,SKU0199,0,616.0,19,246
2025-05-05,SKU0199,0,616.0,19,246
2025-05-12,SKU0199,455,0.0,19,246
2025-05-19,SKU0199,257,0.0,19,246
2025-05-26,SKU0199,91,577.0,19,246
2025-06-02,SKU0199,0,577.0,19,246
2025-06-09,SKU0199,521,0.0,19,246
2025-06-16,SKU0199,375,0.0,19,246
2025-06-23,SKU0199,196,554.0,19,246
2025-06-30,SKU0199,28,554.0,19,246
2025-07-07,SKU0199,0,554.0,19,246
2025-07-14,SKU0199,450,0.0,19,246
2025-07-21,SKU0199,222,688.0,19,246
2025-07-28,SKU0199,70,688.0,19,246
2025-08-04,SKU0199,0,688.0,19,246
2025-08-11,SKU0199,637,0.0,19,246
2025-08-18,SKU0199,512,0.0,19,246
2025-08-25,SKU0199,379,0.0,19,246
2025-09-01,SKU0199,261,0.0,19,246
2025-09-08,SKU0199,106,382.0,19,246
2025-09-15,SKU0199,0,382.0,19,246
2025-09-22,SKU0199,369,0.0,19,246
2025-09-29,SKU0199,245,370.0,19,246
2025-10-06,SKU0199,125,370.0,19,246
2025-10-13,SKU0199,8,370.0,19,246
2025-10-20,SKU0199,320,0.0,19,246
2025-10-27,SKU0199,202,413.0,19,246
2025-11-03,SKU0199,82,413.0,19,246
2025-11-10,SKU0199,0,413.0,19,246
2025-11-17,SKU0199,331,0.0,19,246
2025-11-24,SKU0199,180,419.0,19,246
2025-12-01,SKU0199,0,419.0,19,246
2025-12-08,SKU0199,0,419.0,19,246
2025-12-15,SKU0199,301,0.0,19,246
2025-12-22,SKU0199,110,720.0,19,246
2025-12-29,SKU0199,0,720.0,19,246
2024-01-01,SKU0200,69,1181.0,27,822
2024-01-08,SKU0200,0,1181.0,27,822
2024-01-15,SKU0200,0,1181.0,27,822
2024-01-22,SKU0200,0,1181.0,27,822
2024-01-29,SKU0200,1107,0.0,27,822
2024-02-05,SKU0200,857,0.0,27,822
2024-02-12,SKU0200,638,1078.0,27,822
2024-02-19,SKU0200,390,1078.0,27,822
2024-02-26,SKU0200,168,1078.0,27,822
2024-03-04,SKU0200,0,1078.0,27,822
2024-03-11,SKU0200,842,0.0,27,822
2024-03-18,SKU0200,613,1042.0,27,822
2024-03-25,SKU0200,359,1042.0,27,822
2024-04-01,SKU0200,129,1042.0,27,822
2024-04-08,SKU0200,1016,0.0,27,822
2024-04-15,SKU0200,651,2365.0,27,822
2024-04-22,SKU0200,459,2365.0,27,822
2024-04-29,SKU0200,283,2365.0,27,822
2024-05-06,SKU0200,83,2365.0,27,822
2024-05-13,SKU0200,2246,0.0,27,822
2024-05-20,SKU0200,2053,0.0,27,822
2024-05-27,SKU0200,1854,0.0,27,822
2024-06-03,SKU0200,1687,0.0,27,822
2024-06-10,SKU0200,1524,0.0,27,822
2024-06-17,SKU0200,1367,0.0,27,822
2024-06-24,SKU0200,1201,,27,822
2024-07-01,SKU0200,1041,0.0,27,822
2024-07-08,SKU0200,891,0.0,27,822
2024-07-15,SKU0200,733,630.0,27,822
2024-07-22,SKU0200,498,630.0,27,822
2024-07-29,SKU0200,377,630.0,27,822
2024-08-05,SKU0200,233,630.0,27,822
2024-08-12,SKU0200,731,603.0,27,822
2024-08-19,SKU0200,582,603.0,27,822
2024-08-26,SKU0200,431,603.0,27,822
2024-09-02,SKU0200,263,603.0,27,822
2024-09-09,SKU0200,619,1215.0,27,822
2024-09-16,SKU0200,450,1215.0,27,822
2024-09-23,SKU0200,304,1215.0,27,822
2024-09-30,SKU0200,147,1215.0,27,822
2024-10-07,SKU0200,1190,0.0,27,822
2024-10-14,SKU0200,1011,0.0,27,822
2024-10-21,SKU0200,840,0.0,27,822
2024-10-28,SKU0200,663,774.0,27,822
2024-11-04,SKU0200,493,774.0,27,822
2024-11-11,SKU0200,272,774.0,27,822
2024-11-18,SKU0200,851,0.0,27,822
2024-11-25,SKU0200,641,893.0,27,822
2024-12-02,SKU0200,322,893.0,27,822
2024-12-09,SKU0200,91,893.0,27,822
2024-12-16,SKU0200,0,893.0,27,822
2024-12-23,SKU0200,528,1923.0,27,822
2024-12-30,SKU0200,265,1923.0,27,822
2025-01-06,SKU0200,0,1923.0,27,822
2025-01-13,SKU0200,0,1923.0,27,822
2025-01-20,SKU0200,1661,0.0,27,822
2025-01-27,SKU0200,1408,0.0,27,822
2025-02-03,SKU0200,1161,0.0,27,822
2025-02-10,SKU0200,907,0.0,27,822
2025-02-17,SKU0200,690,1084.0,27,822
2025-02-24,SKU0200,440,1084.0,27,822
2025-03-03,SKU0200,218,1084.0,27,822
2025-03-10,SKU0200,0,1084.0,27,822
2025-03-17,SKU0200,873,0.0,27,822
2025-03-24,SKU0200,650,1032.0,27,822
2025-03-31,SKU0200,429,1032.0,27,822
2025-04-07,SKU0200,198,1032.0,27,822
2025-04-14,SKU0200,0,1032.0,27,822
2025-04-21,SKU0200,774,1201.0,27,822
2025-04-28,SKU0200,558,,27,822
2025-05-05,SKU0200,359,1201.0,27,822
2025-05-12,SKU0200,135,1201.0,27,822
2025-05-19,SKU0200,1152,0.0,27,822
2025-05-26,SKU0200,947,0.0,27,822
2025-06-02,SKU0200,772,982.0,27,822
2025-06-09,SKU0200,634,982.0,27,822
2025-06-16,SKU0200,467,982.0,27,822
2025-06-23,SKU0200,293,982.0,27,822
2025-06-30,SKU0200,1135,0.0,27,822
2025-07-07,SKU0200,977,0.0,27,822
2025-07-14,SKU0200,824,0.0,27,822
2025-07-21,SKU0200,573,1218.0,27,822
2025-07-28,SKU0200,434,1218.0,27,822
2025-08-04,SKU0200,294,1218.0,27,822
2025-08-11,SKU0200,1363,0.0,27,822
2025-08-18,SKU0200,1226,0.0,27,822
2025-08-25,SKU0200,1105,0.0,27,822
2025-09-01,SKU0200,978,0.0,27,822
2025-09-08,SKU0200,763,1601.0,27,822
2025-09-15,SKU0200,565,1601.0,27,822
2025-09-22,SKU0200,406,1601.0,27,822
2025-09-29,SKU0200,264,1601.0,27,822
2025-10-06,SKU0200,1700,0.0,27,822
2025-10-13,SKU0200,1519,0.0,27,822
2025-10-20,SKU0200,1342,0.0,27,822
2025-10-27,SKU0200,1163,0.0,27,822
2025-11-03,SKU0200,990,0.0,27,822
2025-11-10,SKU0200,798,859.0,27,822
2025-11-17,SKU0200,617,859.0,27,822
2025-11-24,SKU0200,404,859.0,27,822
2025-12-01,SKU0200,69,859.0,27,822
2025-12-08,SKU0200,788,1252.0,27,822
2025-12-15,SKU0200,540,1252.0,27,822
2025-12-22,SKU0200,139,1252.0,27,822
2025-12-29,SKU0200,0,1252.0,27,822
2025-05-05,SKU0161,574,0.0,19,569
2024-05-13,SKU0127,998,0.0,15,713
2024-06-24,SKU0147,3,474.0,21,167
2025-02-17,SKU0159,91,518.0,11,210
2025-04-14,SKU0041,576,992.0,18,769
2024-08-19,SKU0041,904,0.0,18,769
2025-09-08,SKU0108,516,0.0,19,439
2025-01-06,SKU0182,162,0.0,16,132
2024-08-26,SKU0158,429,579.0,14,669
2024-05-06,SKU0121,102,1737.0,24,785
2025-08-11,SKU0042,10,175.0,21,96
2025-02-10,SKU0034,609,1641.0,18,731
2024-06-10,SKU0187,99,685.0,29,291
2024-01-22,SKU0169,396,417.0,14,417
2025-06-02,SKU0103,416,0.0,15,269
2024-04-22,SKU0001,523,0.0,16,383
2024-01-29,SKU0078,41,467.0,11,234
2025-12-01,SKU0052,62,166.0,19,77
2025-11-17,SKU0059,1113,0.0,24,890
2025-06-23,SKU0174,172,0.0,12,71
2025-11-24,SKU0139,776,0.0,17,681
2024-12-02,SKU0079,119,111.0,20,127
2025-12-01,SKU0131,42,261.0,24,141
2024-12-30,SKU0084,465,,8,415
2025-06-09,SKU0194,339,,27,225
2025-02-17,SKU0058,148,265.0,18,154
2025-09-22,SKU0008,418,897.0,15,536
2024-07-08,SKU0054,257,0.0,9,204
2025-07-07,SKU0102,904,1850.0,18,1067
2024-04-08,SKU0002,109,566.0,22,148
2025-02-24,SKU0085,109,0.0,24,87
2024-10-28,SKU0156,1460,0.0,21,934
2024-10-07,SKU0197,1694,0.0,22,803
2024-04-22,SKU0106,479,0.0,11,426
2025-10-06,SKU0110,91,257.0,7,105
2024-08-19,SKU0163,668,0.0,20,659
2024-10-21,SKU0185,76,185.0,18,103
2024-11-11,SKU0101,0,267.0,17,62
2025-10-20,SKU0101,183,0.0,17,62
2025-12-29,SKU0058,0,445.0,18,154
2024-01-01,SKU0055,30,959.0,19,596
2024-08-19,SKU0103,333,0.0,15,269
2024-06-17,SKU0186,374,655.0,13,532
2024-08-26,SKU0082,538,0.0,15,485
2024-10-14,SKU0068,390,0.0,21,223
2025-12-29,SKU0103,0,1338.0,15,269
2024-02-19,SKU0068,188,545.0,21,223
2025-04-21,SKU0114,734,0.0,14,496
2025-11-03,SKU0039,696,0.0,29,502
2025-06-23,SKU0151,20,563.0,29,213
2025-08-11,SKU0183,1421,0.0,24,580
2025-12-22,SKU0008,1228,0.0,15,536
2024-09-30,SKU0125,3647,0.0,23,1027
2024-02-19,SKU0001,50,1288.0,16,383
2025-04-07,SKU0141,109,1965.0,27,495
2025-04-07,SKU0105,224,998.0,14,606
2025-10-27,SKU0022,258,450.0,25,489
2025-07-07,SKU0007,1532,0.0,22,490
2024-06-24,SKU0173,422,0.0,9,265
2025-03-03,SKU0026,417,1481.0,12,535
2024-10-14,SKU0031,219,0.0,19,187
2025-08-04,SKU0107,1104,0.0,22,888
2025-04-21,SKU0043,0,340.0,24,237
2025-09-01,SKU0172,1398,0.0,18,567
2025-04-07,SKU0152,81,85.0,8,121
2024-08-12,SKU0149,400,0.0,11,329
2024-10-14,SKU0076,70,245.0,7,138
2024-02-12,SKU0154,428,0.0,9,411
2024-02-05,SKU0163,512,1660.0,20,659
2025-10-20,SKU0158,695,0.0,14,669
2025-11-03,SKU0020,0,1053.0,17,622
2024-11-25,SKU0101,158,0.0,17,62
2024-09-30,SKU0044,841,0.0,18,748
2024-01-15,SKU0004,1,59.0,12,19
2025-03-24,SKU0080,194,269.0,28,281
2024-12-30,SKU0110,279,0.0,7,105
2025-04-21,SKU0148,1425,0.0,8,381
2025-04-07,SKU0009,894,0.0,22,402
2024-01-15,SKU0143,274,342.0,9,298
2025-05-26,SKU0051,240,0.0,23,166
2024-12-16,SKU0185,132,0.0,18,103
2024-11-18,SKU0176,836,0.0,17,309
2025-04-21,SKU0159,219,0.0,11,210
2024-11-04,SKU0093,457,0.0,19,452
2024-06-24,SKU0019,0,291.0,13,81
2024-10-07,SKU0009,473,0.0,22,402
2025-09-22,SKU0027,201,636.0,26,491
2025-06-23,SKU0156,1800,0.0,21,934
2025-01-27,SKU0088,550,0.0,22,449
2024-12-09,SKU0107,471,1289.0,22,888
2024-12-30,SKU0041,1052,0.0,18,769
2025-06-09,SKU0157,0,2197.0,29,782
2024-05-13,SKU0169,364,253.0,14,417
2024-10-21,SKU0022,634,0.0,25,489
2025-06-16,SKU0148,576,0.0,8,381
2024-12-16,SKU0021,62,1005.0,18,365
2024-07-01,SKU0073,199,722.0,14,315
2024-12-16,SKU0090,227,0.0,27,161
2024-04-22,SKU0004,4,43.0,12,19
2025-05-05,SKU0167,1,388.0,7,226
2025-09-15,SKU0020,771,0.0,17,622
2025-07-28,SKU0144,0,243.0,11,100
2025-01-27,SKU0107,1187,0.0,22,888
2024-10-07,SKU0113,467,0.0,23,102
2024-11-18,SKU0027,334,699.0,26,491
2024-08-19,SKU0006,57,0.0,9,46
2025-11-03,SKU0043,71,360.0,24,237
2024-09-09,SKU0034,437,1396.0,18,731
2025-12-01,SKU0170,0,1361.0,27,461
2025-04-21,SKU0143,223,273.0,9,298
2025-06-09,SKU0108,415,941.0,19,439
2025-08-04,SKU0111,464,0.0,10,395
2025-05-05,SKU0122,117,161.0,9,202
2024-04-29,SKU0059,1574,0.0,24,890
2025-08-25,SKU0057,54,0.0,15,38
2025-06-23,SKU0163,639,445.0,20,659
2025-06-23,SKU0109,1166,0.0,28,890
2025-06-02,SKU0016,1266,0.0,21,960
2025-01-27,SKU0001,968,0.0,16,383
2024-10-28,SKU0007,1041,0.0,22,490
2025-03-10,SKU0027,950,0.0,26,491
2025-03-10,SKU0087,1344,0.0,25,823
2025-10-27,SKU0160,1973,0.0,29,1269
2024-06-17,SKU0156,784,,21,934
2025-01-06,SKU0041,684,1867.0,18,769
2025-12-29,SKU0111,774,0.0,10,395
2024-01-08,SKU0168,98,289.0,26,129
2025-02-10,SKU0152,106,182.0,8,121
2025-12-29,SKU0179,340,1002.0,14,494
2025-01-27,SKU0057,4,30.0,15,38
2025-11-24,SKU0102,1415,0.0,18,1067
2025-02-17,SKU0169,387,376.0,14,417
2025-04-07,SKU0014,265,1462.0,28,1092
2024-09-02,SKU0021,267,704.0,18,365
2025-03-17,SKU0092,152,170.0,11,211
2025-12-29,SKU0176,310,0.0,17,309
2024-01-29,SKU0034,810,0.0,18,731
2024-11-11,SKU0074,439,0.0,16,399
2025-09-01,SKU0189,450,0.0,26,393
2025-11-10,SKU0196,153,339.0,20,231
2024-03-11,SKU0149,419,0.0,11,329
2025-03-24,SKU0066,314,0.0,27,177
2025-07-14,SKU0042,11,169.0,21,96
2025-11-10,SKU0028,93,0.0,11,92
2024-11-11,SKU0079,100,62.0,20,127
2025-01-06,SKU0092,223,0.0,11,211
2024-11-18,SKU0098,990,0.0,18,277
2025-10-20,SKU0138,138,301.0,18,154
2025-08-25,SKU0100,1679,0.0,28,626
2024-04-15,SKU0077,0,437.0,26,221
2024-01-29,SKU0106,411,307.0,11,426
2024-11-18,SKU0170,2523,0.0,27,461
2024-06-10,SKU0024,848,0.0,22,442
2025-09-22,SKU0015,1268,0.0,29,1125
2025-07-07,SKU0043,236,245.0,24,237
2025-02-03,SKU0154,312,795.0,9,411
2024-05-20,SKU0126,693,0.0,19,433
2024-10-28,SKU0116,270,0.0,26,180
2024-04-15,SKU0168,48,196.0,26,129
2024-09-09,SKU0163,634,725.0,20,659
2025-06-09,SKU0181,402,1462.0,26,539
2024-01-22,SKU0108,705,0.0,19,439
2024-06-10,SKU0057,67,0.0,15,38
2024-03-18,SKU0013,697,0.0,20,545
2024-03-18,SKU0129,614,0.0,23,340
2025-09-01,SKU0093,616,0.0,19,452
2025-12-22,SKU0150,217,1854.0,9,388
2025-08-18,SKU0153,76,0.0,12,67
2025-10-27,SKU0077,334,0.0,26,221
2025-02-17,SKU0054,439,0.0,9,204
2024-09-02,SKU0116,326,0.0,26,180
2024-09-16,SKU0099,432,0.0,12,341
2025-09-22,SKU0076,262,0.0,7,138
2025-05-26,SKU0088,236,540.0,22,449
2025-11-17,SKU0161,265,602.0,19,569
2024-10-14,SKU0015,671,1106.0,29,1125
2025-06-16,SKU0053,0,610.0,25,241
2024-02-05,SKU0194,198,186.0,27,225
2025-03-03,SKU0125,699,844.0,23,1027
2025-11-24,SKU0129,590,0.0,23,340
2024-02-26,SKU0052,39,79.0,19,77
2025-11-17,SKU0199,331,0.0,19,246
2024-09-23,SKU0143,622,0.0,9,298
2024-08-26,SKU0126,509,0.0,19,433
2025-09-15,SKU0179,322,797.0,14,494
2025-09-29,SKU0081,149,179.0,13,212
2024-06-10,SKU0034,255,956.0,18,731
2025-07-28,SKU0054,206,0.0,9,204
2025-06-02,SKU0041,932,0.0,18,769
2024-01-22,SKU0033,0,485.0,24,222
2024-05-20,SKU0156,1749,0.0,21,934
2024-05-20,SKU0017,1111,0.0,25,739
2025-09-08,SKU0106,732,0.0,11,426
2025-03-31,SKU0038,784,1416.0,23,1306
2024-03-18,SKU0076,117,182.0,7,138
